/*
Navicat MySQL Data Transfer

Source Server         : 127.0.0.1
Source Server Version : 50505
Source Host           : 127.0.0.1:3306
Source Database       : symfony

Target Server Type    : MYSQL
Target Server Version : 50505
File Encoding         : 65001

Date: 2016-09-18 21:33:01
*/

SET FOREIGN_KEY_CHECKS=0;

-- ----------------------------
-- Table structure for audit_associations
-- ----------------------------
DROP TABLE IF EXISTS `audit_associations`;
CREATE TABLE `audit_associations` (
  `id` int(11) NOT NULL AUTO_INCREMENT,
  `typ` varchar(128) COLLATE utf8_unicode_ci NOT NULL,
  `tbl` varchar(128) COLLATE utf8_unicode_ci NOT NULL,
  `label` varchar(255) COLLATE utf8_unicode_ci DEFAULT NULL,
  `fk` varchar(255) COLLATE utf8_unicode_ci NOT NULL,
  `class` varchar(255) COLLATE utf8_unicode_ci NOT NULL,
  PRIMARY KEY (`id`)
) ENGINE=InnoDB AUTO_INCREMENT=14989 DEFAULT CHARSET=utf8 COLLATE=utf8_unicode_ci;

-- ----------------------------
-- Records of audit_associations
-- ----------------------------

-- ----------------------------
-- Table structure for audit_logs
-- ----------------------------
DROP TABLE IF EXISTS `audit_logs`;
CREATE TABLE `audit_logs` (
  `id` int(11) NOT NULL AUTO_INCREMENT,
  `source_id` int(11) NOT NULL,
  `target_id` int(11) DEFAULT NULL,
  `blame_id` int(11) DEFAULT NULL,
  `action` varchar(12) COLLATE utf8_unicode_ci NOT NULL,
  `tbl` varchar(128) COLLATE utf8_unicode_ci NOT NULL,
  `diff` longtext COLLATE utf8_unicode_ci COMMENT '(DC2Type:json_array)',
  `loggedAt` datetime NOT NULL,
  PRIMARY KEY (`id`),
  UNIQUE KEY `UNIQ_D62F2858953C1C61` (`source_id`),
  UNIQUE KEY `UNIQ_D62F2858158E0B66` (`target_id`),
  UNIQUE KEY `UNIQ_D62F28588C082A2E` (`blame_id`),
  CONSTRAINT `FK_D62F2858158E0B66` FOREIGN KEY (`target_id`) REFERENCES `audit_associations` (`id`),
  CONSTRAINT `FK_D62F28588C082A2E` FOREIGN KEY (`blame_id`) REFERENCES `audit_associations` (`id`),
  CONSTRAINT `FK_D62F2858953C1C61` FOREIGN KEY (`source_id`) REFERENCES `audit_associations` (`id`)
) ENGINE=InnoDB AUTO_INCREMENT=7869 DEFAULT CHARSET=utf8 COLLATE=utf8_unicode_ci;

-- ----------------------------
-- Records of audit_logs
-- ----------------------------

-- ----------------------------
-- Table structure for classification__category
-- ----------------------------
DROP TABLE IF EXISTS `classification__category`;
CREATE TABLE `classification__category` (
  `id` int(11) NOT NULL AUTO_INCREMENT,
  `parent_id` int(11) DEFAULT NULL,
  `context` varchar(255) COLLATE utf8_unicode_ci DEFAULT NULL,
  `media_id` int(11) DEFAULT NULL,
  `name` varchar(255) COLLATE utf8_unicode_ci NOT NULL,
  `enabled` tinyint(1) NOT NULL,
  `slug` varchar(255) COLLATE utf8_unicode_ci NOT NULL,
  `description` varchar(255) COLLATE utf8_unicode_ci DEFAULT NULL,
  `position` int(11) DEFAULT NULL,
  `created_at` datetime NOT NULL,
  `updated_at` datetime NOT NULL,
  PRIMARY KEY (`id`),
  KEY `IDX_43629B36727ACA70` (`parent_id`),
  KEY `IDX_43629B36E25D857E` (`context`),
  KEY `IDX_43629B36EA9FDD75` (`media_id`),
  CONSTRAINT `FK_43629B36727ACA70` FOREIGN KEY (`parent_id`) REFERENCES `classification__category` (`id`) ON DELETE CASCADE,
  CONSTRAINT `FK_43629B36E25D857E` FOREIGN KEY (`context`) REFERENCES `classification__context` (`id`),
  CONSTRAINT `FK_43629B36EA9FDD75` FOREIGN KEY (`media_id`) REFERENCES `media__media` (`id`) ON DELETE SET NULL
) ENGINE=InnoDB AUTO_INCREMENT=3 DEFAULT CHARSET=utf8 COLLATE=utf8_unicode_ci;

-- ----------------------------
-- Records of classification__category
-- ----------------------------
INSERT INTO `classification__category` VALUES ('1', null, 'users', null, 'users', '1', 'users', 'users', null, '2016-08-28 15:04:26', '2016-08-28 15:04:26');
INSERT INTO `classification__category` VALUES ('2', null, 'default', null, 'default', '1', 'default', 'default', null, '2016-08-30 17:22:35', '2016-08-30 17:22:35');

-- ----------------------------
-- Table structure for classification__collection
-- ----------------------------
DROP TABLE IF EXISTS `classification__collection`;
CREATE TABLE `classification__collection` (
  `id` int(11) NOT NULL AUTO_INCREMENT,
  `context` varchar(255) COLLATE utf8_unicode_ci DEFAULT NULL,
  `media_id` int(11) DEFAULT NULL,
  `name` varchar(255) COLLATE utf8_unicode_ci NOT NULL,
  `enabled` tinyint(1) NOT NULL,
  `slug` varchar(255) COLLATE utf8_unicode_ci NOT NULL,
  `description` varchar(255) COLLATE utf8_unicode_ci DEFAULT NULL,
  `created_at` datetime NOT NULL,
  `updated_at` datetime NOT NULL,
  PRIMARY KEY (`id`),
  UNIQUE KEY `tag_collection` (`slug`,`context`),
  KEY `IDX_A406B56AE25D857E` (`context`),
  KEY `IDX_A406B56AEA9FDD75` (`media_id`),
  CONSTRAINT `FK_A406B56AE25D857E` FOREIGN KEY (`context`) REFERENCES `classification__context` (`id`),
  CONSTRAINT `FK_A406B56AEA9FDD75` FOREIGN KEY (`media_id`) REFERENCES `media__media` (`id`) ON DELETE SET NULL
) ENGINE=InnoDB DEFAULT CHARSET=utf8 COLLATE=utf8_unicode_ci;

-- ----------------------------
-- Records of classification__collection
-- ----------------------------

-- ----------------------------
-- Table structure for classification__context
-- ----------------------------
DROP TABLE IF EXISTS `classification__context`;
CREATE TABLE `classification__context` (
  `id` varchar(255) COLLATE utf8_unicode_ci NOT NULL,
  `user_id` char(36) COLLATE utf8_unicode_ci DEFAULT NULL COMMENT '(DC2Type:guid)',
  `name` varchar(255) COLLATE utf8_unicode_ci NOT NULL,
  `enabled` tinyint(1) NOT NULL,
  `created_at` datetime NOT NULL,
  `updated_at` datetime NOT NULL,
  PRIMARY KEY (`id`),
  KEY `IDX_13830753A76ED395` (`user_id`),
  CONSTRAINT `FK_13830753A76ED395` FOREIGN KEY (`user_id`) REFERENCES `user__user` (`id`)
) ENGINE=InnoDB DEFAULT CHARSET=utf8 COLLATE=utf8_unicode_ci;

-- ----------------------------
-- Records of classification__context
-- ----------------------------
INSERT INTO `classification__context` VALUES ('default', null, 'default', '1', '2016-08-30 17:22:35', '2016-08-30 17:22:35');
INSERT INTO `classification__context` VALUES ('users', null, 'users', '1', '2016-08-28 15:04:25', '2016-08-28 15:04:25');

-- ----------------------------
-- Table structure for classification__tag
-- ----------------------------
DROP TABLE IF EXISTS `classification__tag`;
CREATE TABLE `classification__tag` (
  `id` int(11) NOT NULL AUTO_INCREMENT,
  `context` varchar(255) COLLATE utf8_unicode_ci DEFAULT NULL,
  `name` varchar(255) COLLATE utf8_unicode_ci NOT NULL,
  `enabled` tinyint(1) NOT NULL,
  `slug` varchar(255) COLLATE utf8_unicode_ci NOT NULL,
  `created_at` datetime NOT NULL,
  `updated_at` datetime NOT NULL,
  PRIMARY KEY (`id`),
  UNIQUE KEY `tag_context` (`slug`,`context`),
  KEY `IDX_CA57A1C7E25D857E` (`context`),
  CONSTRAINT `FK_CA57A1C7E25D857E` FOREIGN KEY (`context`) REFERENCES `classification__context` (`id`)
) ENGINE=InnoDB DEFAULT CHARSET=utf8 COLLATE=utf8_unicode_ci;

-- ----------------------------
-- Records of classification__tag
-- ----------------------------

-- ----------------------------
-- Table structure for media__gallery
-- ----------------------------
DROP TABLE IF EXISTS `media__gallery`;
CREATE TABLE `media__gallery` (
  `id` int(11) NOT NULL AUTO_INCREMENT,
  `name` varchar(255) COLLATE utf8_unicode_ci NOT NULL,
  `context` varchar(64) COLLATE utf8_unicode_ci NOT NULL,
  `default_format` varchar(255) COLLATE utf8_unicode_ci NOT NULL,
  `enabled` tinyint(1) NOT NULL,
  `updated_at` datetime NOT NULL,
  `created_at` datetime NOT NULL,
  PRIMARY KEY (`id`)
) ENGINE=InnoDB DEFAULT CHARSET=utf8 COLLATE=utf8_unicode_ci;

-- ----------------------------
-- Records of media__gallery
-- ----------------------------

-- ----------------------------
-- Table structure for media__gallery_media
-- ----------------------------
DROP TABLE IF EXISTS `media__gallery_media`;
CREATE TABLE `media__gallery_media` (
  `id` int(11) NOT NULL AUTO_INCREMENT,
  `gallery_id` int(11) DEFAULT NULL,
  `media_id` int(11) DEFAULT NULL,
  `position` int(11) NOT NULL,
  `enabled` tinyint(1) NOT NULL,
  `updated_at` datetime NOT NULL,
  `created_at` datetime NOT NULL,
  PRIMARY KEY (`id`),
  KEY `IDX_80D4C5414E7AF8F` (`gallery_id`),
  KEY `IDX_80D4C541EA9FDD75` (`media_id`),
  CONSTRAINT `FK_80D4C5414E7AF8F` FOREIGN KEY (`gallery_id`) REFERENCES `media__gallery` (`id`),
  CONSTRAINT `FK_80D4C541EA9FDD75` FOREIGN KEY (`media_id`) REFERENCES `media__media` (`id`)
) ENGINE=InnoDB DEFAULT CHARSET=utf8 COLLATE=utf8_unicode_ci;

-- ----------------------------
-- Records of media__gallery_media
-- ----------------------------

-- ----------------------------
-- Table structure for media__media
-- ----------------------------
DROP TABLE IF EXISTS `media__media`;
CREATE TABLE `media__media` (
  `id` int(11) NOT NULL AUTO_INCREMENT,
  `category_id` int(11) DEFAULT NULL,
  `name` varchar(255) COLLATE utf8_unicode_ci NOT NULL,
  `description` text COLLATE utf8_unicode_ci,
  `enabled` tinyint(1) NOT NULL,
  `provider_name` varchar(255) COLLATE utf8_unicode_ci NOT NULL,
  `provider_status` int(11) NOT NULL,
  `provider_reference` varchar(255) COLLATE utf8_unicode_ci NOT NULL,
  `provider_metadata` longtext COLLATE utf8_unicode_ci COMMENT '(DC2Type:json)',
  `width` int(11) DEFAULT NULL,
  `height` int(11) DEFAULT NULL,
  `length` decimal(10,0) DEFAULT NULL,
  `content_type` varchar(255) COLLATE utf8_unicode_ci DEFAULT NULL,
  `content_size` int(11) DEFAULT NULL,
  `copyright` varchar(255) COLLATE utf8_unicode_ci DEFAULT NULL,
  `author_name` varchar(255) COLLATE utf8_unicode_ci DEFAULT NULL,
  `context` varchar(64) COLLATE utf8_unicode_ci DEFAULT NULL,
  `cdn_is_flushable` tinyint(1) DEFAULT NULL,
  `cdn_flush_identifier` varchar(64) COLLATE utf8_unicode_ci DEFAULT NULL,
  `cdn_flush_at` datetime DEFAULT NULL,
  `cdn_status` int(11) DEFAULT NULL,
  `updated_at` datetime NOT NULL,
  `created_at` datetime NOT NULL,
  PRIMARY KEY (`id`),
  KEY `IDX_5C6DD74E12469DE2` (`category_id`),
  CONSTRAINT `FK_5C6DD74E12469DE2` FOREIGN KEY (`category_id`) REFERENCES `classification__category` (`id`) ON DELETE SET NULL
) ENGINE=InnoDB AUTO_INCREMENT=5 DEFAULT CHARSET=utf8 COLLATE=utf8_unicode_ci;

-- ----------------------------
-- Records of media__media
-- ----------------------------
INSERT INTO `media__media` VALUES ('1', '1', 'Koala.jpg', null, '0', 'sonata.media.provider.image', '1', '7e25e1bab369d6ee793947f58bb798ea03194765.jpeg', '{\"filename\":\"Koala.jpg\"}', '1024', '768', null, 'image/jpeg', '780831', null, null, 'users', '1', null, null, '3', '2016-08-30 18:35:50', '2016-08-30 17:16:55');
INSERT INTO `media__media` VALUES ('2', '1', 'Koala.jpg', null, '0', 'sonata.media.provider.image', '1', 'cb70f2d3e786e469bf39eb887150a5e41f904268.jpeg', '{\"filename\":\"Koala.jpg\"}', '1024', '768', null, 'image/jpeg', '780831', null, null, 'users', '1', null, null, '3', '2016-09-10 11:58:25', '2016-08-30 18:35:48');
INSERT INTO `media__media` VALUES ('3', '1', 'Koala.jpg', null, '0', 'sonata.media.provider.image', '1', '530bbe8f15f6fea0740cb383e0602c011ac5700d.png', '{\"filename\":\"user.png\"}', '120', '120', null, 'image/png', '12136', null, null, 'users', '1', null, null, '3', '2016-09-13 17:05:58', '2016-09-10 11:58:23');
INSERT INTO `media__media` VALUES ('4', '1', 'user.png', null, '0', 'sonata.media.provider.image', '1', '1c5a2fc8786a68eaabe0576aba540474d0db3130.png', '{\"filename\":\"user.png\"}', '120', '120', null, 'image/png', '12136', null, null, 'users', null, null, null, null, '2016-09-13 17:05:58', '2016-09-13 17:05:58');

-- ----------------------------
-- Table structure for notification__message
-- ----------------------------
DROP TABLE IF EXISTS `notification__message`;
CREATE TABLE `notification__message` (
  `id` int(11) NOT NULL AUTO_INCREMENT,
  `type` varchar(255) COLLATE utf8_unicode_ci NOT NULL,
  `body` longtext COLLATE utf8_unicode_ci NOT NULL COMMENT '(DC2Type:json)',
  `state` int(11) NOT NULL,
  `restart_count` int(11) DEFAULT NULL,
  `created_at` datetime NOT NULL,
  `updated_at` datetime DEFAULT NULL,
  `started_at` datetime DEFAULT NULL,
  `completed_at` datetime DEFAULT NULL,
  PRIMARY KEY (`id`),
  KEY `notification_message_state_idx` (`state`),
  KEY `notification_message_created_at_idx` (`created_at`),
  KEY `idx_state` (`state`),
  KEY `idx_created_at` (`created_at`)
) ENGINE=InnoDB DEFAULT CHARSET=utf8 COLLATE=utf8_unicode_ci;

-- ----------------------------
-- Records of notification__message
-- ----------------------------

-- ----------------------------
-- Table structure for refresh_tokens
-- ----------------------------
DROP TABLE IF EXISTS `refresh_tokens`;
CREATE TABLE `refresh_tokens` (
  `id` int(11) NOT NULL AUTO_INCREMENT,
  `refresh_token` varchar(128) COLLATE utf8_unicode_ci NOT NULL,
  `username` varchar(255) COLLATE utf8_unicode_ci NOT NULL,
  `valid` datetime NOT NULL,
  PRIMARY KEY (`id`),
  UNIQUE KEY `UNIQ_9BACE7E1C74F2195` (`refresh_token`)
) ENGINE=InnoDB AUTO_INCREMENT=20 DEFAULT CHARSET=utf8 COLLATE=utf8_unicode_ci;

-- ----------------------------
-- Records of refresh_tokens
-- ----------------------------

-- ----------------------------
-- Table structure for samples_avaliacao_desempenho__anolectivo
-- ----------------------------
DROP TABLE IF EXISTS `samples_avaliacao_desempenho__anolectivo`;
CREATE TABLE `samples_avaliacao_desempenho__anolectivo` (
  `id` int(11) NOT NULL AUTO_INCREMENT,
  `ano` int(11) NOT NULL,
  PRIMARY KEY (`id`)
) ENGINE=InnoDB AUTO_INCREMENT=6 DEFAULT CHARSET=utf8 COLLATE=utf8_unicode_ci;

-- ----------------------------
-- Records of samples_avaliacao_desempenho__anolectivo
-- ----------------------------
INSERT INTO `samples_avaliacao_desempenho__anolectivo` VALUES ('1', '2011');
INSERT INTO `samples_avaliacao_desempenho__anolectivo` VALUES ('2', '2012');
INSERT INTO `samples_avaliacao_desempenho__anolectivo` VALUES ('3', '2013');
INSERT INTO `samples_avaliacao_desempenho__anolectivo` VALUES ('4', '2014');
INSERT INTO `samples_avaliacao_desempenho__anolectivo` VALUES ('5', '2015');

-- ----------------------------
-- Table structure for samples_avaliacao_desempenho__avaliacaodesempenho
-- ----------------------------
DROP TABLE IF EXISTS `samples_avaliacao_desempenho__avaliacaodesempenho`;
CREATE TABLE `samples_avaliacao_desempenho__avaliacaodesempenho` (
  `id` int(11) NOT NULL AUTO_INCREMENT,
  `pessoal_id` int(11) NOT NULL,
  `ano_lectivo_id` int(11) NOT NULL,
  `data` date NOT NULL,
  `ficha_item_01` int(11) NOT NULL,
  `ficha_item_02` int(11) NOT NULL,
  `ficha_item_03` int(11) NOT NULL,
  `ficha_item_04` int(11) NOT NULL,
  `ficha_item_05` int(11) NOT NULL,
  `ficha_item_06` int(11) NOT NULL,
  `ficha_item_07` int(11) NOT NULL,
  `ficha_item_08` int(11) NOT NULL,
  `ficha_item_09` int(11) NOT NULL,
  `ficha_item_10` int(11) NOT NULL,
  `ficha_item_11` int(11) NOT NULL,
  `ficha_item_12` int(11) NOT NULL,
  `ficha_item_13` int(11) NOT NULL,
  `ficha_item_14` int(11) NOT NULL,
  `ficha_item_15` int(11) NOT NULL,
  `ficha_item_16` int(11) NOT NULL,
  `ficha_item_17` int(11) NOT NULL,
  `ficha_item_18` int(11) NOT NULL,
  `ficha_item_19` int(11) NOT NULL,
  `ficha_item_20` int(11) NOT NULL,
  `resultado` longtext COLLATE utf8_unicode_ci,
  `pontuacao` double DEFAULT NULL,
  PRIMARY KEY (`id`),
  KEY `IDX_7C2BD4EC4968C22B` (`pessoal_id`),
  KEY `IDX_7C2BD4ECBDBCD812` (`ano_lectivo_id`),
  CONSTRAINT `FK_7C2BD4EC4968C22B` FOREIGN KEY (`pessoal_id`) REFERENCES `samples_avaliacao_desempenho__pessoal` (`id`),
  CONSTRAINT `FK_7C2BD4ECBDBCD812` FOREIGN KEY (`ano_lectivo_id`) REFERENCES `samples_avaliacao_desempenho__anolectivo` (`id`)
) ENGINE=InnoDB AUTO_INCREMENT=2 DEFAULT CHARSET=utf8 COLLATE=utf8_unicode_ci;

-- ----------------------------
-- Records of samples_avaliacao_desempenho__avaliacaodesempenho
-- ----------------------------
INSERT INTO `samples_avaliacao_desempenho__avaliacaodesempenho` VALUES ('1', '1', '5', '2016-09-03', '4', '3', '5', '3', '2', '4', '4', '4', '3', '4', '3', '4', '4', '3', '5', '2', '2', '4', '5', '4', 'Por algumas faltas', '14.4');

-- ----------------------------
-- Table structure for samples_avaliacao_desempenho__avaliacaodesempenho_tipodecisao
-- ----------------------------
DROP TABLE IF EXISTS `samples_avaliacao_desempenho__avaliacaodesempenho_tipodecisao`;
CREATE TABLE `samples_avaliacao_desempenho__avaliacaodesempenho_tipodecisao` (
  `avaliacao_desempenho_id` int(11) NOT NULL,
  `tipo_decisao_id` int(11) NOT NULL,
  PRIMARY KEY (`avaliacao_desempenho_id`,`tipo_decisao_id`),
  KEY `IDX_B448D2808D7DA183` (`avaliacao_desempenho_id`),
  KEY `IDX_B448D2802F1F7E34` (`tipo_decisao_id`),
  CONSTRAINT `FK_B448D2802F1F7E34` FOREIGN KEY (`tipo_decisao_id`) REFERENCES `samples_avaliacao_desempenho__tipodecisao` (`id`),
  CONSTRAINT `FK_B448D2808D7DA183` FOREIGN KEY (`avaliacao_desempenho_id`) REFERENCES `samples_avaliacao_desempenho__avaliacaodesempenho` (`id`)
) ENGINE=InnoDB DEFAULT CHARSET=utf8 COLLATE=utf8_unicode_ci;

-- ----------------------------
-- Records of samples_avaliacao_desempenho__avaliacaodesempenho_tipodecisao
-- ----------------------------
INSERT INTO `samples_avaliacao_desempenho__avaliacaodesempenho_tipodecisao` VALUES ('1', '1');
INSERT INTO `samples_avaliacao_desempenho__avaliacaodesempenho_tipodecisao` VALUES ('1', '2');

-- ----------------------------
-- Table structure for samples_avaliacao_desempenho__categoriaprofissional
-- ----------------------------
DROP TABLE IF EXISTS `samples_avaliacao_desempenho__categoriaprofissional`;
CREATE TABLE `samples_avaliacao_desempenho__categoriaprofissional` (
  `id` int(11) NOT NULL AUTO_INCREMENT,
  `categoria` varchar(255) COLLATE utf8_unicode_ci NOT NULL,
  PRIMARY KEY (`id`)
) ENGINE=InnoDB AUTO_INCREMENT=7 DEFAULT CHARSET=utf8 COLLATE=utf8_unicode_ci;

-- ----------------------------
-- Records of samples_avaliacao_desempenho__categoriaprofissional
-- ----------------------------
INSERT INTO `samples_avaliacao_desempenho__categoriaprofissional` VALUES ('1', 'Monitor');
INSERT INTO `samples_avaliacao_desempenho__categoriaprofissional` VALUES ('2', 'Assistente Estagiário');
INSERT INTO `samples_avaliacao_desempenho__categoriaprofissional` VALUES ('3', 'Assistente');
INSERT INTO `samples_avaliacao_desempenho__categoriaprofissional` VALUES ('4', 'Professor Auxiliar');
INSERT INTO `samples_avaliacao_desempenho__categoriaprofissional` VALUES ('5', 'Professor Associado');
INSERT INTO `samples_avaliacao_desempenho__categoriaprofissional` VALUES ('6', 'Professor Titular');

-- ----------------------------
-- Table structure for samples_avaliacao_desempenho__categoriaprofissionalobtida
-- ----------------------------
DROP TABLE IF EXISTS `samples_avaliacao_desempenho__categoriaprofissionalobtida`;
CREATE TABLE `samples_avaliacao_desempenho__categoriaprofissionalobtida` (
  `id` int(11) NOT NULL AUTO_INCREMENT,
  `pessoal_id` int(11) DEFAULT NULL,
  `categoria_profissional_id` int(11) DEFAULT NULL,
  `data` date NOT NULL,
  `descricao` varchar(255) COLLATE utf8_unicode_ci NOT NULL,
  PRIMARY KEY (`id`),
  KEY `IDX_B556E1164968C22B` (`pessoal_id`),
  KEY `IDX_B556E116A93EB3A5` (`categoria_profissional_id`),
  CONSTRAINT `FK_B556E1164968C22B` FOREIGN KEY (`pessoal_id`) REFERENCES `samples_avaliacao_desempenho__pessoal` (`id`),
  CONSTRAINT `FK_B556E116A93EB3A5` FOREIGN KEY (`categoria_profissional_id`) REFERENCES `samples_avaliacao_desempenho__categoriaprofissional` (`id`)
) ENGINE=InnoDB AUTO_INCREMENT=2 DEFAULT CHARSET=utf8 COLLATE=utf8_unicode_ci;

-- ----------------------------
-- Records of samples_avaliacao_desempenho__categoriaprofissionalobtida
-- ----------------------------
INSERT INTO `samples_avaliacao_desempenho__categoriaprofissionalobtida` VALUES ('1', '1', '1', '2016-09-10', 'OK');

-- ----------------------------
-- Table structure for samples_avaliacao_desempenho__departamento
-- ----------------------------
DROP TABLE IF EXISTS `samples_avaliacao_desempenho__departamento`;
CREATE TABLE `samples_avaliacao_desempenho__departamento` (
  `id` int(11) NOT NULL AUTO_INCREMENT,
  `departamento` varchar(255) COLLATE utf8_unicode_ci NOT NULL,
  `abreviatura` varchar(255) COLLATE utf8_unicode_ci NOT NULL,
  PRIMARY KEY (`id`)
) ENGINE=InnoDB AUTO_INCREMENT=5 DEFAULT CHARSET=utf8 COLLATE=utf8_unicode_ci;

-- ----------------------------
-- Records of samples_avaliacao_desempenho__departamento
-- ----------------------------
INSERT INTO `samples_avaliacao_desempenho__departamento` VALUES ('1', 'Informática de Gestão', 'IG');
INSERT INTO `samples_avaliacao_desempenho__departamento` VALUES ('2', 'Contabilidade e Gestão', 'CG');
INSERT INTO `samples_avaliacao_desempenho__departamento` VALUES ('3', 'Administração Pública', 'AP');
INSERT INTO `samples_avaliacao_desempenho__departamento` VALUES ('4', 'Análises Clínica', 'AC');

-- ----------------------------
-- Table structure for samples_avaliacao_desempenho__disciplina
-- ----------------------------
DROP TABLE IF EXISTS `samples_avaliacao_desempenho__disciplina`;
CREATE TABLE `samples_avaliacao_desempenho__disciplina` (
  `id` int(11) NOT NULL AUTO_INCREMENT,
  `departamento_id` int(11) DEFAULT NULL,
  `disciplina` varchar(255) COLLATE utf8_unicode_ci NOT NULL,
  PRIMARY KEY (`id`),
  KEY `IDX_578BDAE75A91C08D` (`departamento_id`),
  CONSTRAINT `FK_578BDAE75A91C08D` FOREIGN KEY (`departamento_id`) REFERENCES `samples_avaliacao_desempenho__departamento` (`id`)
) ENGINE=InnoDB AUTO_INCREMENT=8 DEFAULT CHARSET=utf8 COLLATE=utf8_unicode_ci;

-- ----------------------------
-- Records of samples_avaliacao_desempenho__disciplina
-- ----------------------------
INSERT INTO `samples_avaliacao_desempenho__disciplina` VALUES ('1', '1', 'Gestão de Projetos');
INSERT INTO `samples_avaliacao_desempenho__disciplina` VALUES ('2', '1', 'Redes de Computadores');
INSERT INTO `samples_avaliacao_desempenho__disciplina` VALUES ('3', '1', 'Sistemas Operativos');
INSERT INTO `samples_avaliacao_desempenho__disciplina` VALUES ('4', '4', 'Bioquímica');
INSERT INTO `samples_avaliacao_desempenho__disciplina` VALUES ('5', '2', 'Contabilidade');
INSERT INTO `samples_avaliacao_desempenho__disciplina` VALUES ('6', '3', 'Gestão de Recursos Humanos');
INSERT INTO `samples_avaliacao_desempenho__disciplina` VALUES ('7', '2', 'Macroeconomía');

-- ----------------------------
-- Table structure for samples_avaliacao_desempenho__disciplinalecionada
-- ----------------------------
DROP TABLE IF EXISTS `samples_avaliacao_desempenho__disciplinalecionada`;
CREATE TABLE `samples_avaliacao_desempenho__disciplinalecionada` (
  `id` int(11) NOT NULL AUTO_INCREMENT,
  `avaliacao_desempenho_id` int(11) DEFAULT NULL,
  `disciplina_id` int(11) DEFAULT NULL,
  `semestre` int(11) NOT NULL,
  PRIMARY KEY (`id`),
  KEY `IDX_B14AFE4C8D7DA183` (`avaliacao_desempenho_id`),
  KEY `IDX_B14AFE4C2A30B056` (`disciplina_id`),
  CONSTRAINT `FK_B14AFE4C2A30B056` FOREIGN KEY (`disciplina_id`) REFERENCES `samples_avaliacao_desempenho__disciplina` (`id`),
  CONSTRAINT `FK_B14AFE4C8D7DA183` FOREIGN KEY (`avaliacao_desempenho_id`) REFERENCES `samples_avaliacao_desempenho__avaliacaodesempenho` (`id`)
) ENGINE=InnoDB AUTO_INCREMENT=3 DEFAULT CHARSET=utf8 COLLATE=utf8_unicode_ci;

-- ----------------------------
-- Records of samples_avaliacao_desempenho__disciplinalecionada
-- ----------------------------
INSERT INTO `samples_avaliacao_desempenho__disciplinalecionada` VALUES ('1', '1', '2', '1');
INSERT INTO `samples_avaliacao_desempenho__disciplinalecionada` VALUES ('2', '1', '4', '2');

-- ----------------------------
-- Table structure for samples_avaliacao_desempenho__grauacademico
-- ----------------------------
DROP TABLE IF EXISTS `samples_avaliacao_desempenho__grauacademico`;
CREATE TABLE `samples_avaliacao_desempenho__grauacademico` (
  `id` int(11) NOT NULL AUTO_INCREMENT,
  `grau` varchar(255) COLLATE utf8_unicode_ci NOT NULL,
  `abreviatura` varchar(255) COLLATE utf8_unicode_ci NOT NULL,
  PRIMARY KEY (`id`)
) ENGINE=InnoDB AUTO_INCREMENT=5 DEFAULT CHARSET=utf8 COLLATE=utf8_unicode_ci;

-- ----------------------------
-- Records of samples_avaliacao_desempenho__grauacademico
-- ----------------------------
INSERT INTO `samples_avaliacao_desempenho__grauacademico` VALUES ('1', 'Engenheiro', 'Eng');
INSERT INTO `samples_avaliacao_desempenho__grauacademico` VALUES ('2', 'Licenciado', 'Lic');
INSERT INTO `samples_avaliacao_desempenho__grauacademico` VALUES ('3', 'Mestre em Ciências', 'MsC');
INSERT INTO `samples_avaliacao_desempenho__grauacademico` VALUES ('4', 'Doutor em Ciências', 'Dr');

-- ----------------------------
-- Table structure for samples_avaliacao_desempenho__grauacademicoobtido
-- ----------------------------
DROP TABLE IF EXISTS `samples_avaliacao_desempenho__grauacademicoobtido`;
CREATE TABLE `samples_avaliacao_desempenho__grauacademicoobtido` (
  `id` int(11) NOT NULL AUTO_INCREMENT,
  `pessoal_id` int(11) DEFAULT NULL,
  `grau_academico_id` int(11) DEFAULT NULL,
  `data` date NOT NULL,
  `descricao` varchar(255) COLLATE utf8_unicode_ci NOT NULL,
  PRIMARY KEY (`id`),
  KEY `IDX_31E9106D4968C22B` (`pessoal_id`),
  KEY `IDX_31E9106D4580A9DF` (`grau_academico_id`),
  CONSTRAINT `FK_31E9106D4580A9DF` FOREIGN KEY (`grau_academico_id`) REFERENCES `samples_avaliacao_desempenho__grauacademico` (`id`),
  CONSTRAINT `FK_31E9106D4968C22B` FOREIGN KEY (`pessoal_id`) REFERENCES `samples_avaliacao_desempenho__pessoal` (`id`)
) ENGINE=InnoDB AUTO_INCREMENT=2 DEFAULT CHARSET=utf8 COLLATE=utf8_unicode_ci;

-- ----------------------------
-- Records of samples_avaliacao_desempenho__grauacademicoobtido
-- ----------------------------
INSERT INTO `samples_avaliacao_desempenho__grauacademicoobtido` VALUES ('1', '1', '1', '2010-12-14', 'Eng. em Informatica');

-- ----------------------------
-- Table structure for samples_avaliacao_desempenho__participacaoactividade
-- ----------------------------
DROP TABLE IF EXISTS `samples_avaliacao_desempenho__participacaoactividade`;
CREATE TABLE `samples_avaliacao_desempenho__participacaoactividade` (
  `id` int(11) NOT NULL AUTO_INCREMENT,
  `pessoal_id` int(11) DEFAULT NULL,
  `tipo_actividade_id` int(11) DEFAULT NULL,
  `data` date NOT NULL,
  `nacional_internacional` varchar(255) COLLATE utf8_unicode_ci DEFAULT NULL,
  `nome` varchar(255) COLLATE utf8_unicode_ci DEFAULT NULL,
  `observacoes` longtext COLLATE utf8_unicode_ci,
  PRIMARY KEY (`id`),
  KEY `IDX_E16E88014968C22B` (`pessoal_id`),
  KEY `IDX_E16E8801E961D96C` (`tipo_actividade_id`),
  CONSTRAINT `FK_E16E88014968C22B` FOREIGN KEY (`pessoal_id`) REFERENCES `samples_avaliacao_desempenho__pessoal` (`id`),
  CONSTRAINT `FK_E16E8801E961D96C` FOREIGN KEY (`tipo_actividade_id`) REFERENCES `samples_avaliacao_desempenho__tipoactividade` (`id`)
) ENGINE=InnoDB AUTO_INCREMENT=2 DEFAULT CHARSET=utf8 COLLATE=utf8_unicode_ci;

-- ----------------------------
-- Records of samples_avaliacao_desempenho__participacaoactividade
-- ----------------------------
INSERT INTO `samples_avaliacao_desempenho__participacaoactividade` VALUES ('1', '1', '1', '2012-08-08', null, null, 'Organizador');

-- ----------------------------
-- Table structure for samples_avaliacao_desempenho__participacaoproducaocientifica
-- ----------------------------
DROP TABLE IF EXISTS `samples_avaliacao_desempenho__participacaoproducaocientifica`;
CREATE TABLE `samples_avaliacao_desempenho__participacaoproducaocientifica` (
  `id` int(11) NOT NULL AUTO_INCREMENT,
  `pessoal_id` int(11) DEFAULT NULL,
  `tipo_producao_cientifica_id` int(11) DEFAULT NULL,
  `data` date NOT NULL,
  `tema` varchar(255) COLLATE utf8_unicode_ci DEFAULT NULL,
  `nacional_internacional` varchar(255) COLLATE utf8_unicode_ci DEFAULT NULL,
  `observacoes` longtext COLLATE utf8_unicode_ci,
  PRIMARY KEY (`id`),
  KEY `IDX_C6F1211F4968C22B` (`pessoal_id`),
  KEY `IDX_C6F1211F5A216048` (`tipo_producao_cientifica_id`),
  CONSTRAINT `FK_C6F1211F4968C22B` FOREIGN KEY (`pessoal_id`) REFERENCES `samples_avaliacao_desempenho__pessoal` (`id`),
  CONSTRAINT `FK_C6F1211F5A216048` FOREIGN KEY (`tipo_producao_cientifica_id`) REFERENCES `samples_avaliacao_desempenho__tipoproducaocientifica` (`id`)
) ENGINE=InnoDB AUTO_INCREMENT=2 DEFAULT CHARSET=utf8 COLLATE=utf8_unicode_ci;

-- ----------------------------
-- Records of samples_avaliacao_desempenho__participacaoproducaocientifica
-- ----------------------------
INSERT INTO `samples_avaliacao_desempenho__participacaoproducaocientifica` VALUES ('1', '1', '1', '2015-07-06', null, null, 'Relatorio de Eventos');

-- ----------------------------
-- Table structure for samples_avaliacao_desempenho__pessoal
-- ----------------------------
DROP TABLE IF EXISTS `samples_avaliacao_desempenho__pessoal`;
CREATE TABLE `samples_avaliacao_desempenho__pessoal` (
  `id` int(11) NOT NULL AUTO_INCREMENT,
  `usuario_id` char(36) COLLATE utf8_unicode_ci DEFAULT NULL COMMENT '(DC2Type:guid)',
  `departamento_id` int(11) DEFAULT NULL,
  `nome` varchar(255) COLLATE utf8_unicode_ci NOT NULL,
  `bi` varchar(255) COLLATE utf8_unicode_ci NOT NULL,
  `data_nacimento` date NOT NULL,
  `telefone` varchar(255) COLLATE utf8_unicode_ci NOT NULL,
  `endereco` varchar(255) COLLATE utf8_unicode_ci NOT NULL,
  `numero_agente` varchar(255) COLLATE utf8_unicode_ci NOT NULL,
  `parcial_integral` varchar(255) COLLATE utf8_unicode_ci NOT NULL,
  `media_geral_licenciatura` double NOT NULL,
  PRIMARY KEY (`id`),
  UNIQUE KEY `UNIQ_C0D37747DB38439E` (`usuario_id`),
  KEY `IDX_C0D377475A91C08D` (`departamento_id`),
  CONSTRAINT `FK_C0D377475A91C08D` FOREIGN KEY (`departamento_id`) REFERENCES `samples_avaliacao_desempenho__departamento` (`id`),
  CONSTRAINT `FK_C0D37747DB38439E` FOREIGN KEY (`usuario_id`) REFERENCES `user__user` (`id`)
) ENGINE=InnoDB AUTO_INCREMENT=2 DEFAULT CHARSET=utf8 COLLATE=utf8_unicode_ci;

-- ----------------------------
-- Records of samples_avaliacao_desempenho__pessoal
-- ----------------------------
INSERT INTO `samples_avaliacao_desempenho__pessoal` VALUES ('1', 'a465f066-7779-11e6-9e7c-24b6fd443c04', '2', 'Joao Domingos Matias', 'Rt-5656565656', '1999-11-26', '5678-676767', 'Rua Direita aos Combos # 567', 'R45678', 'Integral', '14.7');

-- ----------------------------
-- Table structure for samples_avaliacao_desempenho__tipoactividade
-- ----------------------------
DROP TABLE IF EXISTS `samples_avaliacao_desempenho__tipoactividade`;
CREATE TABLE `samples_avaliacao_desempenho__tipoactividade` (
  `id` int(11) NOT NULL AUTO_INCREMENT,
  `tipo` varchar(255) COLLATE utf8_unicode_ci NOT NULL,
  PRIMARY KEY (`id`)
) ENGINE=InnoDB AUTO_INCREMENT=14 DEFAULT CHARSET=utf8 COLLATE=utf8_unicode_ci;

-- ----------------------------
-- Records of samples_avaliacao_desempenho__tipoactividade
-- ----------------------------
INSERT INTO `samples_avaliacao_desempenho__tipoactividade` VALUES ('1', 'Projeto de Investigação');
INSERT INTO `samples_avaliacao_desempenho__tipoactividade` VALUES ('2', 'Orgão da Instituição');
INSERT INTO `samples_avaliacao_desempenho__tipoactividade` VALUES ('3', 'Actividade Científica na instituição');
INSERT INTO `samples_avaliacao_desempenho__tipoactividade` VALUES ('4', 'Actividade Pedagógica na instituição');
INSERT INTO `samples_avaliacao_desempenho__tipoactividade` VALUES ('5', 'Actividade Cultural na instituição');
INSERT INTO `samples_avaliacao_desempenho__tipoactividade` VALUES ('6', 'Actividade da Comunidade Científica');
INSERT INTO `samples_avaliacao_desempenho__tipoactividade` VALUES ('7', 'Júri de Trabalho Científico');
INSERT INTO `samples_avaliacao_desempenho__tipoactividade` VALUES ('8', 'Júri de Provas Académicas');
INSERT INTO `samples_avaliacao_desempenho__tipoactividade` VALUES ('9', 'Orientação de Trabalho Científico');
INSERT INTO `samples_avaliacao_desempenho__tipoactividade` VALUES ('10', 'Formação de Superação');
INSERT INTO `samples_avaliacao_desempenho__tipoactividade` VALUES ('11', 'Formação de Especialização');
INSERT INTO `samples_avaliacao_desempenho__tipoactividade` VALUES ('12', 'Formação dirigida à Comunidade');
INSERT INTO `samples_avaliacao_desempenho__tipoactividade` VALUES ('13', 'Formação Profissional dirigida à Comunidade envolvente');

-- ----------------------------
-- Table structure for samples_avaliacao_desempenho__tipodecisao
-- ----------------------------
DROP TABLE IF EXISTS `samples_avaliacao_desempenho__tipodecisao`;
CREATE TABLE `samples_avaliacao_desempenho__tipodecisao` (
  `id` int(11) NOT NULL AUTO_INCREMENT,
  `decisao` varchar(255) COLLATE utf8_unicode_ci NOT NULL,
  PRIMARY KEY (`id`)
) ENGINE=InnoDB AUTO_INCREMENT=6 DEFAULT CHARSET=utf8 COLLATE=utf8_unicode_ci;

-- ----------------------------
-- Records of samples_avaliacao_desempenho__tipodecisao
-- ----------------------------
INSERT INTO `samples_avaliacao_desempenho__tipodecisao` VALUES ('1', 'Continuar?');
INSERT INTO `samples_avaliacao_desempenho__tipodecisao` VALUES ('2', 'Ser censurado (verbalmente) e só continuar se prometer melhorar?');
INSERT INTO `samples_avaliacao_desempenho__tipodecisao` VALUES ('3', 'Ser censurado (por escrito) e só continuar se prometer melhorar (por escrito)?');
INSERT INTO `samples_avaliacao_desempenho__tipodecisao` VALUES ('4', 'Ser reciclado para melhorar o seu desempenho?');
INSERT INTO `samples_avaliacao_desempenho__tipodecisao` VALUES ('5', 'Ser excluído da docência e ser orientado a exercer outra função?');

-- ----------------------------
-- Table structure for samples_avaliacao_desempenho__tipoproducaocientifica
-- ----------------------------
DROP TABLE IF EXISTS `samples_avaliacao_desempenho__tipoproducaocientifica`;
CREATE TABLE `samples_avaliacao_desempenho__tipoproducaocientifica` (
  `id` int(11) NOT NULL AUTO_INCREMENT,
  `tipo` varchar(255) COLLATE utf8_unicode_ci NOT NULL,
  PRIMARY KEY (`id`)
) ENGINE=InnoDB AUTO_INCREMENT=8 DEFAULT CHARSET=utf8 COLLATE=utf8_unicode_ci;

-- ----------------------------
-- Records of samples_avaliacao_desempenho__tipoproducaocientifica
-- ----------------------------
INSERT INTO `samples_avaliacao_desempenho__tipoproducaocientifica` VALUES ('1', 'Elaboração de Relatório');
INSERT INTO `samples_avaliacao_desempenho__tipoproducaocientifica` VALUES ('2', 'Publicação de Livro');
INSERT INTO `samples_avaliacao_desempenho__tipoproducaocientifica` VALUES ('3', 'Apresentação de Comunicação');
INSERT INTO `samples_avaliacao_desempenho__tipoproducaocientifica` VALUES ('4', 'Publicação de Artigo Científico');
INSERT INTO `samples_avaliacao_desempenho__tipoproducaocientifica` VALUES ('5', 'Conferência Nacional');
INSERT INTO `samples_avaliacao_desempenho__tipoproducaocientifica` VALUES ('6', 'Conferência Internacional');
INSERT INTO `samples_avaliacao_desempenho__tipoproducaocientifica` VALUES ('7', 'Jornada Cientifica');

-- ----------------------------
-- Table structure for samples_cibercafe__categoria_usuario
-- ----------------------------
DROP TABLE IF EXISTS `samples_cibercafe__categoria_usuario`;
CREATE TABLE `samples_cibercafe__categoria_usuario` (
  `id` int(11) NOT NULL AUTO_INCREMENT,
  `nombre` varchar(255) COLLATE utf8_unicode_ci NOT NULL,
  PRIMARY KEY (`id`)
) ENGINE=InnoDB AUTO_INCREMENT=4 DEFAULT CHARSET=utf8 COLLATE=utf8_unicode_ci;

-- ----------------------------
-- Records of samples_cibercafe__categoria_usuario
-- ----------------------------
INSERT INTO `samples_cibercafe__categoria_usuario` VALUES ('1', 'Dorado');
INSERT INTO `samples_cibercafe__categoria_usuario` VALUES ('2', 'Plateado');
INSERT INTO `samples_cibercafe__categoria_usuario` VALUES ('3', 'Bronceado');

-- ----------------------------
-- Table structure for samples_cibercafe__instalador
-- ----------------------------
DROP TABLE IF EXISTS `samples_cibercafe__instalador`;
CREATE TABLE `samples_cibercafe__instalador` (
  `id` int(11) NOT NULL AUTO_INCREMENT,
  `nombre` varchar(50) COLLATE utf8_unicode_ci NOT NULL,
  PRIMARY KEY (`id`),
  UNIQUE KEY `UNIQ_52C587C3A909126` (`nombre`)
) ENGINE=InnoDB AUTO_INCREMENT=11 DEFAULT CHARSET=utf8 COLLATE=utf8_unicode_ci;

-- ----------------------------
-- Records of samples_cibercafe__instalador
-- ----------------------------
INSERT INTO `samples_cibercafe__instalador` VALUES ('1', 'C++ Builder 6');
INSERT INTO `samples_cibercafe__instalador` VALUES ('2', 'Microsoft Office 2003');
INSERT INTO `samples_cibercafe__instalador` VALUES ('3', 'Microsoft Office 2007');
INSERT INTO `samples_cibercafe__instalador` VALUES ('4', 'Microsoft Office 2010');
INSERT INTO `samples_cibercafe__instalador` VALUES ('5', 'Microsoft Office 2013');
INSERT INTO `samples_cibercafe__instalador` VALUES ('9', 'Notepad++');
INSERT INTO `samples_cibercafe__instalador` VALUES ('10', 'Total Commander');
INSERT INTO `samples_cibercafe__instalador` VALUES ('7', 'WAMPP');
INSERT INTO `samples_cibercafe__instalador` VALUES ('8', 'Winrar');
INSERT INTO `samples_cibercafe__instalador` VALUES ('6', 'XAMPP');

-- ----------------------------
-- Table structure for samples_cibercafe__menu
-- ----------------------------
DROP TABLE IF EXISTS `samples_cibercafe__menu`;
CREATE TABLE `samples_cibercafe__menu` (
  `id` int(11) NOT NULL AUTO_INCREMENT,
  `nombre` varchar(50) COLLATE utf8_unicode_ci NOT NULL,
  `precio` double NOT NULL,
  PRIMARY KEY (`id`),
  UNIQUE KEY `UNIQ_6F2D8CF3A909126` (`nombre`),
  UNIQUE KEY `UNIQ_6F2D8CF16A9C1A2` (`precio`)
) ENGINE=InnoDB AUTO_INCREMENT=7 DEFAULT CHARSET=utf8 COLLATE=utf8_unicode_ci;

-- ----------------------------
-- Records of samples_cibercafe__menu
-- ----------------------------
INSERT INTO `samples_cibercafe__menu` VALUES ('1', 'Pollo frito', '25');
INSERT INTO `samples_cibercafe__menu` VALUES ('2', 'Chuleta de Cerdo', '15');
INSERT INTO `samples_cibercafe__menu` VALUES ('3', 'Arroz Blanco', '1.25');
INSERT INTO `samples_cibercafe__menu` VALUES ('4', 'Congris', '2.5');
INSERT INTO `samples_cibercafe__menu` VALUES ('5', 'Ensalada de vegetales', '3');
INSERT INTO `samples_cibercafe__menu` VALUES ('6', 'Croqueta al plato', '1');

-- ----------------------------
-- Table structure for samples_cibercafe__plato_solicitado
-- ----------------------------
DROP TABLE IF EXISTS `samples_cibercafe__plato_solicitado`;
CREATE TABLE `samples_cibercafe__plato_solicitado` (
  `cafeteria_id` int(11) NOT NULL,
  `menu_id` int(11) NOT NULL,
  PRIMARY KEY (`cafeteria_id`,`menu_id`),
  KEY `IDX_441F91CC46884829` (`cafeteria_id`),
  KEY `IDX_441F91CCCCD7E912` (`menu_id`),
  CONSTRAINT `FK_825156CF46884829` FOREIGN KEY (`cafeteria_id`) REFERENCES `samples_cibercafe__servicio_cafeteria` (`id`),
  CONSTRAINT `FK_825156CFCCD7E912` FOREIGN KEY (`menu_id`) REFERENCES `samples_cibercafe__menu` (`id`)
) ENGINE=InnoDB DEFAULT CHARSET=utf8 COLLATE=utf8_unicode_ci;

-- ----------------------------
-- Records of samples_cibercafe__plato_solicitado
-- ----------------------------
INSERT INTO `samples_cibercafe__plato_solicitado` VALUES ('1', '1');
INSERT INTO `samples_cibercafe__plato_solicitado` VALUES ('1', '4');
INSERT INTO `samples_cibercafe__plato_solicitado` VALUES ('1', '6');

-- ----------------------------
-- Table structure for samples_cibercafe__servicio
-- ----------------------------
DROP TABLE IF EXISTS `samples_cibercafe__servicio`;
CREATE TABLE `samples_cibercafe__servicio` (
  `id` int(11) NOT NULL AUTO_INCREMENT,
  `usuario_id` int(11) NOT NULL,
  `hora_inicio` time DEFAULT NULL,
  `hora_fin` time DEFAULT NULL,
  `fecha` date DEFAULT NULL,
  `tipo_servicio` varchar(255) COLLATE utf8_unicode_ci NOT NULL,
  PRIMARY KEY (`id`),
  KEY `IDX_7C119930DB38439E` (`usuario_id`),
  CONSTRAINT `FK_CB86F22ADB38439E` FOREIGN KEY (`usuario_id`) REFERENCES `samples_cibercafe__usuario` (`id`)
) ENGINE=InnoDB AUTO_INCREMENT=9 DEFAULT CHARSET=utf8 COLLATE=utf8_unicode_ci;

-- ----------------------------
-- Records of samples_cibercafe__servicio
-- ----------------------------
INSERT INTO `samples_cibercafe__servicio` VALUES ('1', '1', '07:00:00', '12:00:00', '2013-01-01', 'cafeteria');
INSERT INTO `samples_cibercafe__servicio` VALUES ('2', '2', '03:17:00', '16:00:00', '2013-01-01', 'navegacion');
INSERT INTO `samples_cibercafe__servicio` VALUES ('3', '3', '06:17:00', '16:05:00', '2013-03-20', 'quemado');
INSERT INTO `samples_cibercafe__servicio` VALUES ('4', '4', '03:13:00', '00:06:00', '2008-02-28', 'impresion');
INSERT INTO `samples_cibercafe__servicio` VALUES ('7', '1', '16:18:00', null, '2013-08-13', 'reservacion_laboratorio');
INSERT INTO `samples_cibercafe__servicio` VALUES ('8', '3', '19:18:00', null, '2013-08-04', 'reservacion_salon_conferencia');

-- ----------------------------
-- Table structure for samples_cibercafe__servicio_cafeteria
-- ----------------------------
DROP TABLE IF EXISTS `samples_cibercafe__servicio_cafeteria`;
CREATE TABLE `samples_cibercafe__servicio_cafeteria` (
  `id` int(11) NOT NULL,
  PRIMARY KEY (`id`),
  CONSTRAINT `FK_10CC8BF396750` FOREIGN KEY (`id`) REFERENCES `samples_cibercafe__servicio` (`id`) ON DELETE CASCADE
) ENGINE=InnoDB DEFAULT CHARSET=utf8 COLLATE=utf8_unicode_ci;

-- ----------------------------
-- Records of samples_cibercafe__servicio_cafeteria
-- ----------------------------
INSERT INTO `samples_cibercafe__servicio_cafeteria` VALUES ('1');

-- ----------------------------
-- Table structure for samples_cibercafe__servicio_impresion
-- ----------------------------
DROP TABLE IF EXISTS `samples_cibercafe__servicio_impresion`;
CREATE TABLE `samples_cibercafe__servicio_impresion` (
  `id` int(11) NOT NULL,
  `tipoimpresion_id` int(11) NOT NULL,
  `texto` varchar(100) COLLATE utf8_unicode_ci NOT NULL,
  PRIMARY KEY (`id`),
  KEY `IDX_8148AA72500FF71` (`tipoimpresion_id`),
  CONSTRAINT `FK_263948392500FF71` FOREIGN KEY (`tipoimpresion_id`) REFERENCES `samples_cibercafe__tipo_impresion` (`id`),
  CONSTRAINT `FK_26394839BF396750` FOREIGN KEY (`id`) REFERENCES `samples_cibercafe__servicio` (`id`) ON DELETE CASCADE
) ENGINE=InnoDB DEFAULT CHARSET=utf8 COLLATE=utf8_unicode_ci;

-- ----------------------------
-- Records of samples_cibercafe__servicio_impresion
-- ----------------------------
INSERT INTO `samples_cibercafe__servicio_impresion` VALUES ('4', '2', 'hola estoy probando,\r\ncomo va todo, ok');

-- ----------------------------
-- Table structure for samples_cibercafe__servicio_navegacion
-- ----------------------------
DROP TABLE IF EXISTS `samples_cibercafe__servicio_navegacion`;
CREATE TABLE `samples_cibercafe__servicio_navegacion` (
  `id` int(11) NOT NULL,
  `cant_kb_descarga` int(11) NOT NULL,
  PRIMARY KEY (`id`),
  CONSTRAINT `FK_62169946BF396750` FOREIGN KEY (`id`) REFERENCES `samples_cibercafe__servicio` (`id`) ON DELETE CASCADE
) ENGINE=InnoDB DEFAULT CHARSET=utf8 COLLATE=utf8_unicode_ci;

-- ----------------------------
-- Records of samples_cibercafe__servicio_navegacion
-- ----------------------------
INSERT INTO `samples_cibercafe__servicio_navegacion` VALUES ('2', '123');

-- ----------------------------
-- Table structure for samples_cibercafe__servicio_quemado
-- ----------------------------
DROP TABLE IF EXISTS `samples_cibercafe__servicio_quemado`;
CREATE TABLE `samples_cibercafe__servicio_quemado` (
  `id` int(11) NOT NULL,
  `velocidad_id` int(11) NOT NULL,
  `cant_inf_mb` varchar(50) COLLATE utf8_unicode_ci NOT NULL,
  PRIMARY KEY (`id`),
  KEY `IDX_FEF661128319B323` (`velocidad_id`),
  CONSTRAINT `FK_38B8A6118319B323` FOREIGN KEY (`velocidad_id`) REFERENCES `samples_cibercafe__velocidad_quemado` (`id`),
  CONSTRAINT `FK_38B8A611BF396750` FOREIGN KEY (`id`) REFERENCES `samples_cibercafe__servicio` (`id`) ON DELETE CASCADE
) ENGINE=InnoDB DEFAULT CHARSET=utf8 COLLATE=utf8_unicode_ci;

-- ----------------------------
-- Records of samples_cibercafe__servicio_quemado
-- ----------------------------
INSERT INTO `samples_cibercafe__servicio_quemado` VALUES ('3', '1', '343434');

-- ----------------------------
-- Table structure for samples_cibercafe__servicio_reservacion
-- ----------------------------
DROP TABLE IF EXISTS `samples_cibercafe__servicio_reservacion`;
CREATE TABLE `samples_cibercafe__servicio_reservacion` (
  `id` int(11) NOT NULL,
  `entidad` varchar(50) COLLATE utf8_unicode_ci NOT NULL,
  PRIMARY KEY (`id`),
  CONSTRAINT `FK_239B9D6ABF396750` FOREIGN KEY (`id`) REFERENCES `samples_cibercafe__servicio` (`id`) ON DELETE CASCADE
) ENGINE=InnoDB DEFAULT CHARSET=utf8 COLLATE=utf8_unicode_ci;

-- ----------------------------
-- Records of samples_cibercafe__servicio_reservacion
-- ----------------------------
INSERT INTO `samples_cibercafe__servicio_reservacion` VALUES ('7', 'Universidad de Oriente');
INSERT INTO `samples_cibercafe__servicio_reservacion` VALUES ('8', 'Universidad de Oriente');

-- ----------------------------
-- Table structure for samples_cibercafe__servicio_reservacion_laboratorio
-- ----------------------------
DROP TABLE IF EXISTS `samples_cibercafe__servicio_reservacion_laboratorio`;
CREATE TABLE `samples_cibercafe__servicio_reservacion_laboratorio` (
  `id` int(11) NOT NULL,
  PRIMARY KEY (`id`),
  CONSTRAINT `FK_91512A6ABF396750` FOREIGN KEY (`id`) REFERENCES `samples_cibercafe__servicio` (`id`) ON DELETE CASCADE
) ENGINE=InnoDB DEFAULT CHARSET=utf8 COLLATE=utf8_unicode_ci;

-- ----------------------------
-- Records of samples_cibercafe__servicio_reservacion_laboratorio
-- ----------------------------
INSERT INTO `samples_cibercafe__servicio_reservacion_laboratorio` VALUES ('7');

-- ----------------------------
-- Table structure for samples_cibercafe__servicio_reservacion_laboratorio_instalador
-- ----------------------------
DROP TABLE IF EXISTS `samples_cibercafe__servicio_reservacion_laboratorio_instalador`;
CREATE TABLE `samples_cibercafe__servicio_reservacion_laboratorio_instalador` (
  `servicio_laboratorio_id` int(11) NOT NULL,
  `instalador_id` int(11) NOT NULL,
  PRIMARY KEY (`servicio_laboratorio_id`,`instalador_id`),
  KEY `IDX_BAC021C1FD06D50D` (`servicio_laboratorio_id`),
  KEY `IDX_BAC021C1EEBF8695` (`instalador_id`),
  CONSTRAINT `FK_602DE167EEBF8695` FOREIGN KEY (`instalador_id`) REFERENCES `samples_cibercafe__instalador` (`id`),
  CONSTRAINT `FK_602DE167FD06D50D` FOREIGN KEY (`servicio_laboratorio_id`) REFERENCES `samples_cibercafe__servicio_reservacion_laboratorio` (`id`)
) ENGINE=InnoDB DEFAULT CHARSET=utf8 COLLATE=utf8_unicode_ci;

-- ----------------------------
-- Records of samples_cibercafe__servicio_reservacion_laboratorio_instalador
-- ----------------------------
INSERT INTO `samples_cibercafe__servicio_reservacion_laboratorio_instalador` VALUES ('7', '1');
INSERT INTO `samples_cibercafe__servicio_reservacion_laboratorio_instalador` VALUES ('7', '9');
INSERT INTO `samples_cibercafe__servicio_reservacion_laboratorio_instalador` VALUES ('7', '10');

-- ----------------------------
-- Table structure for samples_cibercafe__servicio_reservacion_salon_conferencia
-- ----------------------------
DROP TABLE IF EXISTS `samples_cibercafe__servicio_reservacion_salon_conferencia`;
CREATE TABLE `samples_cibercafe__servicio_reservacion_salon_conferencia` (
  `id` int(11) NOT NULL,
  PRIMARY KEY (`id`),
  CONSTRAINT `FK_4B0A458DBF396750` FOREIGN KEY (`id`) REFERENCES `samples_cibercafe__servicio` (`id`) ON DELETE CASCADE
) ENGINE=InnoDB DEFAULT CHARSET=utf8 COLLATE=utf8_unicode_ci;

-- ----------------------------
-- Records of samples_cibercafe__servicio_reservacion_salon_conferencia
-- ----------------------------
INSERT INTO `samples_cibercafe__servicio_reservacion_salon_conferencia` VALUES ('8');

-- ----------------------------
-- Table structure for samples_cibercafe__tipo_impresion
-- ----------------------------
DROP TABLE IF EXISTS `samples_cibercafe__tipo_impresion`;
CREATE TABLE `samples_cibercafe__tipo_impresion` (
  `id` int(11) NOT NULL AUTO_INCREMENT,
  `tipo` varchar(255) COLLATE utf8_unicode_ci NOT NULL,
  PRIMARY KEY (`id`)
) ENGINE=InnoDB AUTO_INCREMENT=3 DEFAULT CHARSET=utf8 COLLATE=utf8_unicode_ci;

-- ----------------------------
-- Records of samples_cibercafe__tipo_impresion
-- ----------------------------
INSERT INTO `samples_cibercafe__tipo_impresion` VALUES ('1', 'punto');
INSERT INTO `samples_cibercafe__tipo_impresion` VALUES ('2', 'láser');

-- ----------------------------
-- Table structure for samples_cibercafe__usuario
-- ----------------------------
DROP TABLE IF EXISTS `samples_cibercafe__usuario`;
CREATE TABLE `samples_cibercafe__usuario` (
  `id` int(11) NOT NULL AUTO_INCREMENT,
  `nombre` varchar(50) COLLATE utf8_unicode_ci NOT NULL,
  `apellidos` varchar(20) COLLATE utf8_unicode_ci NOT NULL,
  `num_PC_asignada` int(11) NOT NULL,
  `num_tarjeta_credito` varchar(255) COLLATE utf8_unicode_ci NOT NULL,
  `carnet_identidad` varchar(11) COLLATE utf8_unicode_ci NOT NULL,
  `asociado_o_ventual` varchar(255) COLLATE utf8_unicode_ci NOT NULL,
  PRIMARY KEY (`id`),
  UNIQUE KEY `UNIQ_8529123327C5C8A` (`carnet_identidad`)
) ENGINE=InnoDB AUTO_INCREMENT=10 DEFAULT CHARSET=utf8 COLLATE=utf8_unicode_ci;

-- ----------------------------
-- Records of samples_cibercafe__usuario
-- ----------------------------
INSERT INTO `samples_cibercafe__usuario` VALUES ('1', 'Pepe', 'Perez', '12', '1212', '55555555555', 'asociado');
INSERT INTO `samples_cibercafe__usuario` VALUES ('2', 'Ana', 'Garcia', '5', '4566', '66666666666', 'asociado');
INSERT INTO `samples_cibercafe__usuario` VALUES ('3', 'Manolo', 'Lopez', '7', '43', '65677879898', 'asociado');
INSERT INTO `samples_cibercafe__usuario` VALUES ('4', 'Maria', 'Vazquez', '78', '76767', '87787878787', 'eventual');
INSERT INTO `samples_cibercafe__usuario` VALUES ('5', 'Ana', 'Roberta', '12', '23232323', '11111111111', 'asociado');
INSERT INTO `samples_cibercafe__usuario` VALUES ('6', 'Antonio', 'Martinez', '23', '23232323', '32323232323', 'eventual');
INSERT INTO `samples_cibercafe__usuario` VALUES ('7', 'Manuel', 'Luis', '23', '233232323', '23333333333', 'asociado');
INSERT INTO `samples_cibercafe__usuario` VALUES ('8', 'Felipe', 'Perez', '45', '545555', '45555555555', 'eventual');
INSERT INTO `samples_cibercafe__usuario` VALUES ('9', 'Casimiro', 'Montes', '23', '232323', '23232323232', 'asociado');

-- ----------------------------
-- Table structure for samples_cibercafe__usuario_asociado
-- ----------------------------
DROP TABLE IF EXISTS `samples_cibercafe__usuario_asociado`;
CREATE TABLE `samples_cibercafe__usuario_asociado` (
  `id` int(11) NOT NULL,
  `categoria_id` int(11) NOT NULL,
  `cant_annos` int(11) NOT NULL,
  PRIMARY KEY (`id`),
  KEY `IDX_7EFBFB863397707A` (`categoria_id`),
  CONSTRAINT `FK_B8B53C853397707A` FOREIGN KEY (`categoria_id`) REFERENCES `samples_cibercafe__categoria_usuario` (`id`),
  CONSTRAINT `FK_B8B53C85BF396750` FOREIGN KEY (`id`) REFERENCES `samples_cibercafe__usuario` (`id`) ON DELETE CASCADE
) ENGINE=InnoDB DEFAULT CHARSET=utf8 COLLATE=utf8_unicode_ci;

-- ----------------------------
-- Records of samples_cibercafe__usuario_asociado
-- ----------------------------
INSERT INTO `samples_cibercafe__usuario_asociado` VALUES ('1', '1', '4');
INSERT INTO `samples_cibercafe__usuario_asociado` VALUES ('2', '2', '4');
INSERT INTO `samples_cibercafe__usuario_asociado` VALUES ('3', '3', '2');
INSERT INTO `samples_cibercafe__usuario_asociado` VALUES ('5', '2', '23');
INSERT INTO `samples_cibercafe__usuario_asociado` VALUES ('7', '1', '23');
INSERT INTO `samples_cibercafe__usuario_asociado` VALUES ('9', '1', '23');

-- ----------------------------
-- Table structure for samples_cibercafe__usuario_eventual
-- ----------------------------
DROP TABLE IF EXISTS `samples_cibercafe__usuario_eventual`;
CREATE TABLE `samples_cibercafe__usuario_eventual` (
  `id` int(11) NOT NULL,
  PRIMARY KEY (`id`),
  CONSTRAINT `FK_6AEEDB1EBF396750` FOREIGN KEY (`id`) REFERENCES `samples_cibercafe__usuario` (`id`) ON DELETE CASCADE
) ENGINE=InnoDB DEFAULT CHARSET=utf8 COLLATE=utf8_unicode_ci;

-- ----------------------------
-- Records of samples_cibercafe__usuario_eventual
-- ----------------------------
INSERT INTO `samples_cibercafe__usuario_eventual` VALUES ('4');
INSERT INTO `samples_cibercafe__usuario_eventual` VALUES ('6');
INSERT INTO `samples_cibercafe__usuario_eventual` VALUES ('8');

-- ----------------------------
-- Table structure for samples_cibercafe__velocidad_quemado
-- ----------------------------
DROP TABLE IF EXISTS `samples_cibercafe__velocidad_quemado`;
CREATE TABLE `samples_cibercafe__velocidad_quemado` (
  `id` int(11) NOT NULL AUTO_INCREMENT,
  `velocidad` varchar(255) COLLATE utf8_unicode_ci NOT NULL,
  PRIMARY KEY (`id`)
) ENGINE=InnoDB AUTO_INCREMENT=5 DEFAULT CHARSET=utf8 COLLATE=utf8_unicode_ci;

-- ----------------------------
-- Records of samples_cibercafe__velocidad_quemado
-- ----------------------------
INSERT INTO `samples_cibercafe__velocidad_quemado` VALUES ('1', '8x');
INSERT INTO `samples_cibercafe__velocidad_quemado` VALUES ('2', '12x');
INSERT INTO `samples_cibercafe__velocidad_quemado` VALUES ('3', '16x');
INSERT INTO `samples_cibercafe__velocidad_quemado` VALUES ('4', '24x');

-- ----------------------------
-- Table structure for samples_company__company
-- ----------------------------
DROP TABLE IF EXISTS `samples_company__company`;
CREATE TABLE `samples_company__company` (
  `id` int(11) NOT NULL AUTO_INCREMENT,
  `name` varchar(255) COLLATE utf8_unicode_ci NOT NULL,
  `country` varchar(255) COLLATE utf8_unicode_ci NOT NULL,
  `website` varchar(255) COLLATE utf8_unicode_ci NOT NULL,
  PRIMARY KEY (`id`),
  UNIQUE KEY `name_unique` (`name`),
  UNIQUE KEY `website_unique` (`website`)
) ENGINE=InnoDB AUTO_INCREMENT=206 DEFAULT CHARSET=utf8 COLLATE=utf8_unicode_ci;

-- ----------------------------
-- Records of samples_company__company
-- ----------------------------
INSERT INTO `samples_company__company` VALUES ('3', 'Real Madrid', 'ES', 'http://realmadrid.es');
INSERT INTO `samples_company__company` VALUES ('8', 'r werwerwer wer', 'DZ', 'http://test.un');
INSERT INTO `samples_company__company` VALUES ('10', 'Company 2', 'US', 'http://company2.com');
INSERT INTO `samples_company__company` VALUES ('12', 'Company 4', 'US', 'http://company4.com');
INSERT INTO `samples_company__company` VALUES ('13', 'Company 5', 'US', 'http://company5.com');
INSERT INTO `samples_company__company` VALUES ('14', 'Company 6', 'US', 'http://company6.com');
INSERT INTO `samples_company__company` VALUES ('15', 'Company 7', 'US', 'http://company7.com');
INSERT INTO `samples_company__company` VALUES ('16', 'Company 8', 'US', 'http://company8.com');
INSERT INTO `samples_company__company` VALUES ('17', 'Company 9', 'US', 'http://company9.com');
INSERT INTO `samples_company__company` VALUES ('19', 'werwerwer', 'EA', 'http://facebook.com.bbb');
INSERT INTO `samples_company__company` VALUES ('20', 'qwerty678', 'CU', 'http://company12.com');
INSERT INTO `samples_company__company` VALUES ('21', 'Barcelona rtrtrt', 'US', 'http://company13.com');
INSERT INTO `samples_company__company` VALUES ('22', 'Company 14', 'US', 'http://company14.com');
INSERT INTO `samples_company__company` VALUES ('23', 'Company 15', 'US', 'http://company15.com');
INSERT INTO `samples_company__company` VALUES ('24', 'Company 16', 'US', 'http://company16.com');
INSERT INTO `samples_company__company` VALUES ('25', 'Company 17', 'US', 'http://company17.com');
INSERT INTO `samples_company__company` VALUES ('26', 'Company 18', 'US', 'http://company18.com');
INSERT INTO `samples_company__company` VALUES ('28', 'Company 20', 'US', 'http://company20.com');
INSERT INTO `samples_company__company` VALUES ('29', 'Company 21', 'US', 'http://company21.com');
INSERT INTO `samples_company__company` VALUES ('30', 'Company 22', 'US', 'http://company22.com');
INSERT INTO `samples_company__company` VALUES ('31', 'Company 23', 'US', 'http://company23.com');
INSERT INTO `samples_company__company` VALUES ('32', 'Company 24', 'US', 'http://company24.com');
INSERT INTO `samples_company__company` VALUES ('33', 'Company 25', 'US', 'http://company25.com');
INSERT INTO `samples_company__company` VALUES ('34', 'Company 26', 'US', 'http://company26.com');
INSERT INTO `samples_company__company` VALUES ('35', 'Company 27', 'US', 'http://company27.com');
INSERT INTO `samples_company__company` VALUES ('36', 'Company 28', 'US', 'http://company28.com');
INSERT INTO `samples_company__company` VALUES ('37', 'Company 29', 'US', 'http://company29.com');
INSERT INTO `samples_company__company` VALUES ('38', 'Company 30', 'US', 'http://company30.com');
INSERT INTO `samples_company__company` VALUES ('39', 'Company 31', 'US', 'http://company31.com');
INSERT INTO `samples_company__company` VALUES ('40', 'Company 32', 'US', 'http://company32.com');
INSERT INTO `samples_company__company` VALUES ('41', 'Company 33', 'US', 'http://company33.com');
INSERT INTO `samples_company__company` VALUES ('42', 'Company 34', 'US', 'http://company34.com');
INSERT INTO `samples_company__company` VALUES ('43', 'Company 35', 'US', 'http://company35.com');
INSERT INTO `samples_company__company` VALUES ('44', 'Company 36', 'US', 'http://company36.com');
INSERT INTO `samples_company__company` VALUES ('45', 'Company 37', 'US', 'http://company37.com');
INSERT INTO `samples_company__company` VALUES ('46', 'Company 38', 'US', 'http://company38.com');
INSERT INTO `samples_company__company` VALUES ('47', 'Company 39', 'US', 'http://company39.com');
INSERT INTO `samples_company__company` VALUES ('48', 'Company 40', 'US', 'http://company40.com');
INSERT INTO `samples_company__company` VALUES ('49', 'Company 41', 'US', 'http://company41.com');
INSERT INTO `samples_company__company` VALUES ('50', 'Company 42', 'US', 'http://company42.com');
INSERT INTO `samples_company__company` VALUES ('51', 'Company 43', 'US', 'http://company43.com');
INSERT INTO `samples_company__company` VALUES ('52', 'Company 44', 'US', 'http://company44.com');
INSERT INTO `samples_company__company` VALUES ('53', 'Company 45', 'US', 'http://company45.com');
INSERT INTO `samples_company__company` VALUES ('54', 'Company 46', 'US', 'http://company46.com');
INSERT INTO `samples_company__company` VALUES ('55', 'Company 47', 'US', 'http://company47.com');
INSERT INTO `samples_company__company` VALUES ('56', 'Company 48', 'US', 'http://company48.com');
INSERT INTO `samples_company__company` VALUES ('57', 'Company 49', 'US', 'http://company49.com');
INSERT INTO `samples_company__company` VALUES ('58', 'Company 50', 'US', 'http://company50.com');
INSERT INTO `samples_company__company` VALUES ('59', 'Company 51', 'US', 'http://company51.com');
INSERT INTO `samples_company__company` VALUES ('60', 'Company 52', 'US', 'http://company52.com');
INSERT INTO `samples_company__company` VALUES ('61', 'Company 53', 'US', 'http://company53.com');
INSERT INTO `samples_company__company` VALUES ('62', 'Company 54', 'US', 'http://company54.com');
INSERT INTO `samples_company__company` VALUES ('63', 'Company 55', 'US', 'http://company55.com');
INSERT INTO `samples_company__company` VALUES ('64', 'Company 56', 'US', 'http://company56.com');
INSERT INTO `samples_company__company` VALUES ('65', 'Company 57', 'US', 'http://company57.com');
INSERT INTO `samples_company__company` VALUES ('66', 'Company 58', 'US', 'http://company58.com');
INSERT INTO `samples_company__company` VALUES ('67', 'Company 59', 'US', 'http://company59.com');
INSERT INTO `samples_company__company` VALUES ('68', 'Company 60', 'US', 'http://company60.com');
INSERT INTO `samples_company__company` VALUES ('69', 'Company 61', 'US', 'http://company61.com');
INSERT INTO `samples_company__company` VALUES ('70', 'Company 62', 'US', 'http://company62.com');
INSERT INTO `samples_company__company` VALUES ('71', 'Company 63', 'US', 'http://company63.com');
INSERT INTO `samples_company__company` VALUES ('72', 'Company 64', 'US', 'http://company64.com');
INSERT INTO `samples_company__company` VALUES ('73', 'Company 65', 'US', 'http://company65.com');
INSERT INTO `samples_company__company` VALUES ('74', 'Company 66', 'US', 'http://company66.com');
INSERT INTO `samples_company__company` VALUES ('75', 'Company 67', 'US', 'http://company67.com');
INSERT INTO `samples_company__company` VALUES ('76', 'Company 68', 'US', 'http://company68.com');
INSERT INTO `samples_company__company` VALUES ('77', 'Company 69', 'US', 'http://company69.com');
INSERT INTO `samples_company__company` VALUES ('78', 'Company 70', 'US', 'http://company70.com');
INSERT INTO `samples_company__company` VALUES ('79', 'Company 71', 'US', 'http://company71.com');
INSERT INTO `samples_company__company` VALUES ('80', 'Company 72', 'US', 'http://company72.com');
INSERT INTO `samples_company__company` VALUES ('81', 'Company 73', 'US', 'http://company73.com');
INSERT INTO `samples_company__company` VALUES ('82', 'Company 74', 'US', 'http://company74.com');
INSERT INTO `samples_company__company` VALUES ('83', 'Company 75', 'US', 'http://company75.com');
INSERT INTO `samples_company__company` VALUES ('84', 'Company 76', 'US', 'http://company76.com');
INSERT INTO `samples_company__company` VALUES ('85', 'Company 77', 'US', 'http://company77.com');
INSERT INTO `samples_company__company` VALUES ('86', 'Company 78', 'US', 'http://company78.com');
INSERT INTO `samples_company__company` VALUES ('87', 'Company 79', 'US', 'http://company79.com');
INSERT INTO `samples_company__company` VALUES ('88', 'Company 80', 'US', 'http://company80.com');
INSERT INTO `samples_company__company` VALUES ('89', 'Company 81', 'US', 'http://company81.com');
INSERT INTO `samples_company__company` VALUES ('90', 'Company 82', 'US', 'http://company82.com');
INSERT INTO `samples_company__company` VALUES ('91', 'Company 83', 'US', 'http://company83.com');
INSERT INTO `samples_company__company` VALUES ('92', 'Company 84', 'US', 'http://company84.com');
INSERT INTO `samples_company__company` VALUES ('93', 'Company 85', 'US', 'http://company85.com');
INSERT INTO `samples_company__company` VALUES ('94', 'Company 86', 'US', 'http://company86.com');
INSERT INTO `samples_company__company` VALUES ('95', 'Company 87', 'US', 'http://company87.com');
INSERT INTO `samples_company__company` VALUES ('96', 'Company 88', 'US', 'http://company88.com');
INSERT INTO `samples_company__company` VALUES ('97', 'Company 89', 'US', 'http://company89.com');
INSERT INTO `samples_company__company` VALUES ('98', 'Company 90', 'US', 'http://company90.com');
INSERT INTO `samples_company__company` VALUES ('99', 'Company 91', 'US', 'http://company91.com');
INSERT INTO `samples_company__company` VALUES ('100', 'Company 92', 'US', 'http://company92.com');
INSERT INTO `samples_company__company` VALUES ('101', 'Company 93', 'US', 'http://company93.com');
INSERT INTO `samples_company__company` VALUES ('102', 'Company 94', 'US', 'http://company94.com');
INSERT INTO `samples_company__company` VALUES ('103', 'Company 95', 'US', 'http://company95.com');
INSERT INTO `samples_company__company` VALUES ('104', 'Company 96', 'US', 'http://company96.com');
INSERT INTO `samples_company__company` VALUES ('105', 'Company 97', 'US', 'http://company97.com');
INSERT INTO `samples_company__company` VALUES ('106', 'Company 98', 'US', 'http://company98.com');
INSERT INTO `samples_company__company` VALUES ('109', 'Company qwerty', 'DG', 'http://company101.com');
INSERT INTO `samples_company__company` VALUES ('111', 'Gtyuu', 'US', 'http://yuyuu.com');
INSERT INTO `samples_company__company` VALUES ('122', 'Company hghghgh', 'ET', 'http://qwqwq.company114.com');
INSERT INTO `samples_company__company` VALUES ('126', 'Company 118', 'BF', 'http://company118.com');
INSERT INTO `samples_company__company` VALUES ('128', 'Company 120', 'US', 'http://company120.com');
INSERT INTO `samples_company__company` VALUES ('129', 'Pepepepe', 'US', 'http://company121.com');
INSERT INTO `samples_company__company` VALUES ('130', 'Company 122', 'US', 'http://company122.com');
INSERT INTO `samples_company__company` VALUES ('131', 'Company 123', 'US', 'http://company123.com');
INSERT INTO `samples_company__company` VALUES ('132', 'Company 124', 'US', 'http://company124.com');
INSERT INTO `samples_company__company` VALUES ('133', 'Company 125', 'US', 'http://company125.com');
INSERT INTO `samples_company__company` VALUES ('134', 'Company 126', 'US', 'http://company126.com');
INSERT INTO `samples_company__company` VALUES ('135', 'Company 127', 'US', 'http://company127.com');
INSERT INTO `samples_company__company` VALUES ('136', 'Company 128', 'US', 'http://company128.com');
INSERT INTO `samples_company__company` VALUES ('137', 'Company 129', 'SV', 'http://company129.com');
INSERT INTO `samples_company__company` VALUES ('138', 'Company 130', 'US', 'http://company130.com');
INSERT INTO `samples_company__company` VALUES ('139', 'Company 131', 'US', 'http://company131.com');
INSERT INTO `samples_company__company` VALUES ('140', 'Company 132', 'US', 'http://company132.com');
INSERT INTO `samples_company__company` VALUES ('141', 'Company 133', 'US', 'http://company133.com');
INSERT INTO `samples_company__company` VALUES ('142', 'Company 134', 'US', 'http://company134.com');
INSERT INTO `samples_company__company` VALUES ('143', 'Company 135', 'US', 'http://company135.com');
INSERT INTO `samples_company__company` VALUES ('144', 'Company 136', 'US', 'http://company136.com');
INSERT INTO `samples_company__company` VALUES ('145', 'Company 137', 'US', 'http://company137.com');
INSERT INTO `samples_company__company` VALUES ('146', 'Company 138', 'US', 'http://company138.com');
INSERT INTO `samples_company__company` VALUES ('147', 'Company 139', 'US', 'http://company139.com');
INSERT INTO `samples_company__company` VALUES ('148', 'Company 140', 'US', 'http://company140.com');
INSERT INTO `samples_company__company` VALUES ('149', 'Company 141', 'US', 'http://company141.com');
INSERT INTO `samples_company__company` VALUES ('150', 'Company 142', 'US', 'http://company142.com');
INSERT INTO `samples_company__company` VALUES ('151', 'Company 143', 'US', 'http://company143.com');
INSERT INTO `samples_company__company` VALUES ('152', 'Company 144', 'US', 'http://company144.com');
INSERT INTO `samples_company__company` VALUES ('153', 'Company 145', 'US', 'http://company145.com');
INSERT INTO `samples_company__company` VALUES ('154', 'Company 146', 'US', 'http://company146.com');
INSERT INTO `samples_company__company` VALUES ('155', 'Company 147', 'US', 'http://company147.com');
INSERT INTO `samples_company__company` VALUES ('156', 'Company 148', 'US', 'http://company148.com');
INSERT INTO `samples_company__company` VALUES ('157', 'Company 149', 'US', 'http://company149.com');
INSERT INTO `samples_company__company` VALUES ('158', 'Company 150', 'US', 'http://company150.com');
INSERT INTO `samples_company__company` VALUES ('159', 'Company 151', 'US', 'http://company151.com');
INSERT INTO `samples_company__company` VALUES ('160', 'Company 152', 'US', 'http://company152.com');
INSERT INTO `samples_company__company` VALUES ('161', 'Company 153', 'US', 'http://company153.com');
INSERT INTO `samples_company__company` VALUES ('162', 'Company 154', 'US', 'http://company154.com');
INSERT INTO `samples_company__company` VALUES ('163', 'Company 155', 'US', 'http://company155.com');
INSERT INTO `samples_company__company` VALUES ('164', 'Company 156', 'US', 'http://company156.com');
INSERT INTO `samples_company__company` VALUES ('165', 'Company 157', 'US', 'http://company157.com');
INSERT INTO `samples_company__company` VALUES ('166', 'Company 158', 'US', 'http://company158.com');
INSERT INTO `samples_company__company` VALUES ('167', 'Company 159', 'US', 'http://company159.com');
INSERT INTO `samples_company__company` VALUES ('168', 'Company 160', 'US', 'http://company160.com');
INSERT INTO `samples_company__company` VALUES ('169', 'Company 161', 'US', 'http://company161.com');
INSERT INTO `samples_company__company` VALUES ('170', 'Company 162', 'US', 'http://company162.com');
INSERT INTO `samples_company__company` VALUES ('171', 'Company 163', 'US', 'http://company163.com');
INSERT INTO `samples_company__company` VALUES ('172', 'Company 164', 'US', 'http://company164.com');
INSERT INTO `samples_company__company` VALUES ('173', 'Company 165', 'US', 'http://company165.com');
INSERT INTO `samples_company__company` VALUES ('174', 'Company 166', 'US', 'http://company166.com');
INSERT INTO `samples_company__company` VALUES ('175', 'Company 167', 'US', 'http://company167.com');
INSERT INTO `samples_company__company` VALUES ('176', 'Company 168', 'US', 'http://company168.com');
INSERT INTO `samples_company__company` VALUES ('177', 'Company 169', 'US', 'http://company169.com');
INSERT INTO `samples_company__company` VALUES ('178', 'Company 170', 'US', 'http://company170.com');
INSERT INTO `samples_company__company` VALUES ('179', 'Company 171', 'US', 'http://company171.com');
INSERT INTO `samples_company__company` VALUES ('180', 'Company 172', 'US', 'http://company172.com');
INSERT INTO `samples_company__company` VALUES ('181', 'Company 173', 'US', 'http://company173.com');
INSERT INTO `samples_company__company` VALUES ('182', 'Company 174', 'US', 'http://company174.com');
INSERT INTO `samples_company__company` VALUES ('183', 'Company 175', 'US', 'http://company175.com');
INSERT INTO `samples_company__company` VALUES ('184', 'Company 176', 'US', 'http://company176.com');
INSERT INTO `samples_company__company` VALUES ('185', 'Company 177', 'US', 'http://company177.com');
INSERT INTO `samples_company__company` VALUES ('186', 'Company 178', 'US', 'http://company178.com');
INSERT INTO `samples_company__company` VALUES ('187', 'Company 179', 'US', 'http://company179.com');
INSERT INTO `samples_company__company` VALUES ('188', 'Company 180', 'US', 'http://company180.com');
INSERT INTO `samples_company__company` VALUES ('189', 'Company 181', 'US', 'http://company181.com');
INSERT INTO `samples_company__company` VALUES ('190', 'Company 182', 'US', 'http://company182.com');
INSERT INTO `samples_company__company` VALUES ('191', 'Company 183', 'US', 'http://company183.com');
INSERT INTO `samples_company__company` VALUES ('192', 'Company 184', 'US', 'http://company184.com');
INSERT INTO `samples_company__company` VALUES ('193', 'Company 185', 'US', 'http://company185.com');
INSERT INTO `samples_company__company` VALUES ('194', 'Company 186', 'US', 'http://company186.com');
INSERT INTO `samples_company__company` VALUES ('195', 'Company 187', 'US', 'http://company187.com');
INSERT INTO `samples_company__company` VALUES ('196', 'Company 188', 'US', 'http://company188.com');
INSERT INTO `samples_company__company` VALUES ('197', 'Company 189', 'US', 'http://company189.com');
INSERT INTO `samples_company__company` VALUES ('198', 'Company 190', 'US', 'http://company190.com');
INSERT INTO `samples_company__company` VALUES ('199', 'Company 191', 'US', 'http://company191.com');
INSERT INTO `samples_company__company` VALUES ('200', 'Company 192', 'US', 'http://company192.com');
INSERT INTO `samples_company__company` VALUES ('202', 'Company 194', 'US', 'http://company194.com');
INSERT INTO `samples_company__company` VALUES ('204', 'Company 196', 'US', 'http://company196.com');
INSERT INTO `samples_company__company` VALUES ('205', 'Company 197', 'US', 'http://company197.com');

-- ----------------------------
-- Table structure for samples_company__worker
-- ----------------------------
DROP TABLE IF EXISTS `samples_company__worker`;
CREATE TABLE `samples_company__worker` (
  `id` int(11) NOT NULL AUTO_INCREMENT,
  `company_id` int(11) NOT NULL,
  `firstname` varchar(255) COLLATE utf8_unicode_ci NOT NULL,
  `lastname` varchar(255) COLLATE utf8_unicode_ci NOT NULL,
  `birthdate` date DEFAULT NULL,
  `email` varchar(255) COLLATE utf8_unicode_ci NOT NULL,
  `phone` varchar(255) COLLATE utf8_unicode_ci DEFAULT NULL,
  PRIMARY KEY (`id`),
  UNIQUE KEY `fullname_unique` (`firstname`,`lastname`),
  UNIQUE KEY `email_unique` (`email`),
  UNIQUE KEY `phone_unique` (`phone`),
  KEY `IDX_3B32BE8F979B1AD6` (`company_id`),
  CONSTRAINT `FK_7AB1D2E2979B1AD6` FOREIGN KEY (`company_id`) REFERENCES `samples_company__company` (`id`)
) ENGINE=InnoDB AUTO_INCREMENT=5132 DEFAULT CHARSET=utf8 COLLATE=utf8_unicode_ci;

-- ----------------------------
-- Records of samples_company__worker
-- ----------------------------
INSERT INTO `samples_company__worker` VALUES ('2', '3', 'Ronaldo', '2', '2016-08-01', 'cr7@gmail.com', '67892');
INSERT INTO `samples_company__worker` VALUES ('5', '3', 'Pepitin', '5', '2000-01-03', 'pepepee@gmail.com', '67895');
INSERT INTO `samples_company__worker` VALUES ('203', '3', 'John', 'Doe', '2016-09-01', 'email1@company2.com', '555-677899');
INSERT INTO `samples_company__worker` VALUES ('204', '15', 'Worker 2', '204', '2016-09-01', 'email2@company2.com', '68094');
INSERT INTO `samples_company__worker` VALUES ('403', '3', 'Worker 1', '403', '2016-09-01', 'email1@company3.com', '68293');
INSERT INTO `samples_company__worker` VALUES ('404', '3', 'Worker 2', '404', '2016-09-01', 'email2@company3.com', '68294');
INSERT INTO `samples_company__worker` VALUES ('405', '3', 'Worker 3', '405', '2016-09-01', 'email3@company3.com', '68295');
INSERT INTO `samples_company__worker` VALUES ('406', '3', 'Worker 4', '406', '2016-09-01', 'email4@company3.com', '68296');
INSERT INTO `samples_company__worker` VALUES ('407', '3', 'Worker 5', '407', '2016-09-01', 'email5@company3.com', '68297');
INSERT INTO `samples_company__worker` VALUES ('408', '3', 'Worker 6', '408', '2016-09-01', 'email6@company3.com', '68298');
INSERT INTO `samples_company__worker` VALUES ('409', '3', 'Worker 7', '409', '2016-09-01', 'email7@company3.com', '68299');
INSERT INTO `samples_company__worker` VALUES ('410', '3', 'Worker 8', '410', '2016-09-01', 'email8@company3.com', '68300');
INSERT INTO `samples_company__worker` VALUES ('411', '3', 'Worker 9', '411', '2016-09-01', 'email9@company3.com', '68301');
INSERT INTO `samples_company__worker` VALUES ('412', '3', 'Worker 10', '412', '2016-09-01', 'email10@company3.com', '68302');
INSERT INTO `samples_company__worker` VALUES ('413', '3', 'Worker 11', '413', '2016-09-01', 'email11@company3.com', '68303');
INSERT INTO `samples_company__worker` VALUES ('414', '3', 'Worker 12', '414', '2016-09-01', 'email12@company3.com', '68304');
INSERT INTO `samples_company__worker` VALUES ('415', '3', 'Worker 13', '415', '2016-09-01', 'email13@company3.com', '68305');
INSERT INTO `samples_company__worker` VALUES ('416', '3', 'Worker 14', '416', '2016-09-01', 'email14@company3.com', '68306');
INSERT INTO `samples_company__worker` VALUES ('417', '3', 'Worker 15', '417', '2016-09-01', 'email15@company3.com', '68307');
INSERT INTO `samples_company__worker` VALUES ('418', '3', 'Worker 16', '418', '2016-09-01', 'email16@company3.com', '68308');
INSERT INTO `samples_company__worker` VALUES ('419', '3', 'Worker 17', '419', '2016-09-01', 'email17@company3.com', '68309');
INSERT INTO `samples_company__worker` VALUES ('420', '3', 'Worker 18', '420', '2016-09-01', 'email18@company3.com', '68310');
INSERT INTO `samples_company__worker` VALUES ('421', '3', 'Worker 19', '421', '2016-09-01', 'email19@company3.com', '68311');
INSERT INTO `samples_company__worker` VALUES ('422', '3', 'Worker 20', '422', '2016-09-01', 'email20@company3.com', '68312');
INSERT INTO `samples_company__worker` VALUES ('423', '3', 'Worker 21', '423', '2016-09-01', 'email21@company3.com', '68313');
INSERT INTO `samples_company__worker` VALUES ('424', '3', 'Worker 22', '424', '2016-09-01', 'email22@company3.com', '68314');
INSERT INTO `samples_company__worker` VALUES ('425', '3', 'Worker 23', '425', '2016-09-01', 'email23@company3.com', '68315');
INSERT INTO `samples_company__worker` VALUES ('426', '3', 'Worker 24', '426', '2016-09-01', 'email24@company3.com', '68316');
INSERT INTO `samples_company__worker` VALUES ('427', '3', 'Worker 25', '427', '2016-09-01', 'email25@company3.com', '68317');
INSERT INTO `samples_company__worker` VALUES ('428', '3', 'Worker 26', '428', '2016-09-01', 'email26@company3.com', '68318');
INSERT INTO `samples_company__worker` VALUES ('429', '3', 'Worker 27', '429', '2016-09-01', 'email27@company3.com', '68319');
INSERT INTO `samples_company__worker` VALUES ('430', '3', 'Worker 28', '430', '2016-09-01', 'email28@company3.com', '68320');
INSERT INTO `samples_company__worker` VALUES ('431', '3', 'Worker 29', '431', '2016-09-01', 'email29@company3.com', '68321');
INSERT INTO `samples_company__worker` VALUES ('432', '3', 'Worker 30', '432', '2016-09-01', 'email30@company3.com', '68322');
INSERT INTO `samples_company__worker` VALUES ('433', '3', 'Worker 31', '433', '2016-09-01', 'email31@company3.com', '68323');
INSERT INTO `samples_company__worker` VALUES ('434', '3', 'Worker 32', '434', '2016-09-01', 'email32@company3.com', '68324');
INSERT INTO `samples_company__worker` VALUES ('435', '3', 'Worker 33', '435', '2016-09-01', 'email33@company3.com', '68325');
INSERT INTO `samples_company__worker` VALUES ('436', '3', 'Worker 34', '436', '2016-09-01', 'email34@company3.com', '68326');
INSERT INTO `samples_company__worker` VALUES ('437', '3', 'Worker 35', '437', '2016-09-01', 'email35@company3.com', '68327');
INSERT INTO `samples_company__worker` VALUES ('438', '3', 'Worker 36', '438', '2016-09-01', 'email36@company3.com', '68328');
INSERT INTO `samples_company__worker` VALUES ('439', '3', 'Worker 37', '439', '2016-09-01', 'email37@company3.com', '68329');
INSERT INTO `samples_company__worker` VALUES ('440', '3', 'Worker 38', '440', '2016-09-01', 'email38@company3.com', '68330');
INSERT INTO `samples_company__worker` VALUES ('441', '3', 'Worker 39', '441', '2016-09-01', 'email39@company3.com', '68331');
INSERT INTO `samples_company__worker` VALUES ('442', '3', 'Worker 40', '442', '2016-09-01', 'email40@company3.com', '68332');
INSERT INTO `samples_company__worker` VALUES ('443', '3', 'Worker 41', '443', '2016-09-01', 'email41@company3.com', '68333');
INSERT INTO `samples_company__worker` VALUES ('444', '3', 'Worker 42', '444', '2016-09-01', 'email42@company3.com', '68334');
INSERT INTO `samples_company__worker` VALUES ('445', '3', 'Worker 43', '445', '2016-09-01', 'email43@company3.com', '68335');
INSERT INTO `samples_company__worker` VALUES ('446', '3', 'Worker 44', '446', '2016-09-01', 'email44@company3.com', '68336');
INSERT INTO `samples_company__worker` VALUES ('447', '3', 'Worker 45', '447', '2016-09-01', 'email45@company3.com', '68337');
INSERT INTO `samples_company__worker` VALUES ('448', '3', 'Worker 46', '448', '2016-09-01', 'email46@company3.com', '68338');
INSERT INTO `samples_company__worker` VALUES ('449', '3', 'Worker 47', '449', '2016-09-01', 'email47@company3.com', '68339');
INSERT INTO `samples_company__worker` VALUES ('450', '3', 'Worker 48', '450', '2016-09-01', 'email48@company3.com', '68340');
INSERT INTO `samples_company__worker` VALUES ('451', '3', 'Worker 49', '451', '2016-09-01', 'email49@company3.com', '68341');
INSERT INTO `samples_company__worker` VALUES ('452', '3', 'Worker 50', '452', '2016-09-01', 'email50@company3.com', '68342');
INSERT INTO `samples_company__worker` VALUES ('453', '3', 'Worker 51', '453', '2016-09-01', 'email51@company3.com', '68343');
INSERT INTO `samples_company__worker` VALUES ('454', '3', 'Worker 52', '454', '2016-09-01', 'email52@company3.com', '68344');
INSERT INTO `samples_company__worker` VALUES ('455', '3', 'Worker 53', '455', '2016-09-01', 'email53@company3.com', '68345');
INSERT INTO `samples_company__worker` VALUES ('456', '3', 'Worker 54', '456', '2016-09-01', 'email54@company3.com', '68346');
INSERT INTO `samples_company__worker` VALUES ('457', '3', 'Worker 55', '457', '2016-09-01', 'email55@company3.com', '68347');
INSERT INTO `samples_company__worker` VALUES ('458', '3', 'Worker 56', '458', '2016-09-01', 'email56@company3.com', '68348');
INSERT INTO `samples_company__worker` VALUES ('459', '3', 'Worker 57', '459', '2016-09-01', 'email57@company3.com', '68349');
INSERT INTO `samples_company__worker` VALUES ('460', '3', 'Worker 58', '460', '2016-09-01', 'email58@company3.com', '68350');
INSERT INTO `samples_company__worker` VALUES ('461', '3', 'Worker 59', '461', '2016-09-01', 'email59@company3.com', '68351');
INSERT INTO `samples_company__worker` VALUES ('462', '3', 'Worker 60', '462', '2016-09-01', 'email60@company3.com', '68352');
INSERT INTO `samples_company__worker` VALUES ('463', '3', 'Worker 61', '463', '2016-09-01', 'email61@company3.com', '68353');
INSERT INTO `samples_company__worker` VALUES ('464', '3', 'Worker 62', '464', '2016-09-01', 'email62@company3.com', '68354');
INSERT INTO `samples_company__worker` VALUES ('465', '3', 'Worker 63', '465', '2016-09-01', 'email63@company3.com', '68355');
INSERT INTO `samples_company__worker` VALUES ('466', '3', 'Worker 64', '466', '2016-09-01', 'email64@company3.com', '68356');
INSERT INTO `samples_company__worker` VALUES ('467', '3', 'Worker 65', '467', '2016-09-01', 'email65@company3.com', '68357');
INSERT INTO `samples_company__worker` VALUES ('468', '3', 'Worker 66', '468', '2016-09-01', 'email66@company3.com', '68358');
INSERT INTO `samples_company__worker` VALUES ('469', '3', 'Worker 67', '469', '2016-09-01', 'email67@company3.com', '68359');
INSERT INTO `samples_company__worker` VALUES ('470', '3', 'Worker 68', '470', '2016-09-01', 'email68@company3.com', '68360');
INSERT INTO `samples_company__worker` VALUES ('471', '3', 'Worker 69', '471', '2016-09-01', 'email69@company3.com', '68361');
INSERT INTO `samples_company__worker` VALUES ('472', '3', 'Worker 70', '472', '2016-09-01', 'email70@company3.com', '68362');
INSERT INTO `samples_company__worker` VALUES ('473', '3', 'Worker 71', '473', '2016-09-01', 'email71@company3.com', '68363');
INSERT INTO `samples_company__worker` VALUES ('474', '3', 'Worker 72', '474', '2016-09-01', 'email72@company3.com', '68364');
INSERT INTO `samples_company__worker` VALUES ('475', '3', 'Worker 73', '475', '2016-09-01', 'email73@company3.com', '68365');
INSERT INTO `samples_company__worker` VALUES ('476', '3', 'Worker 74', '476', '2016-09-01', 'email74@company3.com', '68366');
INSERT INTO `samples_company__worker` VALUES ('477', '3', 'Worker 75', '477', '2016-09-01', 'email75@company3.com', '68367');
INSERT INTO `samples_company__worker` VALUES ('478', '3', 'Worker 76', '478', '2016-09-01', 'email76@company3.com', '68368');
INSERT INTO `samples_company__worker` VALUES ('479', '3', 'Worker 77', '479', '2016-09-01', 'email77@company3.com', '68369');
INSERT INTO `samples_company__worker` VALUES ('480', '3', 'Worker 78', '480', '2016-09-01', 'email78@company3.com', '68370');
INSERT INTO `samples_company__worker` VALUES ('481', '3', 'Worker 79', '481', '2016-09-01', 'email79@company3.com', '68371');
INSERT INTO `samples_company__worker` VALUES ('482', '3', 'Worker 80', '482', '2016-09-01', 'email80@company3.com', '68372');
INSERT INTO `samples_company__worker` VALUES ('483', '3', 'Worker 81', '483', '2016-09-01', 'email81@company3.com', '68373');
INSERT INTO `samples_company__worker` VALUES ('484', '3', 'Worker 82', '484', '2016-09-01', 'email82@company3.com', '68374');
INSERT INTO `samples_company__worker` VALUES ('485', '3', 'Worker 83', '485', '2016-09-01', 'email83@company3.com', '68375');
INSERT INTO `samples_company__worker` VALUES ('486', '3', 'Worker 84', '486', '2016-09-01', 'email84@company3.com', '68376');
INSERT INTO `samples_company__worker` VALUES ('487', '3', 'Worker 85', '487', '2016-09-01', 'email85@company3.com', '68377');
INSERT INTO `samples_company__worker` VALUES ('488', '3', 'Worker 86', '488', '2016-09-01', 'email86@company3.com', '68378');
INSERT INTO `samples_company__worker` VALUES ('489', '3', 'Worker 87', '489', '2016-09-01', 'email87@company3.com', '68379');
INSERT INTO `samples_company__worker` VALUES ('490', '3', 'Worker 88', '490', '2016-09-01', 'email88@company3.com', '68380');
INSERT INTO `samples_company__worker` VALUES ('491', '3', 'Worker 89', '491', '2016-09-01', 'email89@company3.com', '68381');
INSERT INTO `samples_company__worker` VALUES ('492', '3', 'Worker 90', '492', '2016-09-01', 'email90@company3.com', '68382');
INSERT INTO `samples_company__worker` VALUES ('493', '3', 'Worker 91', '493', '2016-09-01', 'email91@company3.com', '68383');
INSERT INTO `samples_company__worker` VALUES ('494', '3', 'Worker 92', '494', '2016-09-01', 'email92@company3.com', '68384');
INSERT INTO `samples_company__worker` VALUES ('495', '3', 'Worker 93', '495', '2016-09-01', 'email93@company3.com', '68385');
INSERT INTO `samples_company__worker` VALUES ('496', '3', 'Worker 94', '496', '2016-09-01', 'email94@company3.com', '68386');
INSERT INTO `samples_company__worker` VALUES ('497', '3', 'Worker 95', '497', '2016-09-01', 'email95@company3.com', '68387');
INSERT INTO `samples_company__worker` VALUES ('498', '3', 'Worker 96', '498', '2016-09-01', 'email96@company3.com', '68388');
INSERT INTO `samples_company__worker` VALUES ('499', '3', 'Worker 97', '499', '2016-09-01', 'email97@company3.com', '68389');
INSERT INTO `samples_company__worker` VALUES ('500', '3', 'Worker 98', '500', '2016-09-01', 'email98@company3.com', '68390');
INSERT INTO `samples_company__worker` VALUES ('501', '3', 'Worker 99', '501', '2016-09-01', 'email99@company3.com', '68391');
INSERT INTO `samples_company__worker` VALUES ('502', '3', 'Worker 100', '502', '2016-09-01', 'email100@company3.com', '68392');
INSERT INTO `samples_company__worker` VALUES ('503', '3', 'Worker 101', '503', '2016-09-01', 'email101@company3.com', '68393');
INSERT INTO `samples_company__worker` VALUES ('504', '3', 'Worker 102', '504', '2016-09-01', 'email102@company3.com', '68394');
INSERT INTO `samples_company__worker` VALUES ('505', '3', 'Worker 103', '505', '2016-09-01', 'email103@company3.com', '68395');
INSERT INTO `samples_company__worker` VALUES ('506', '3', 'Worker 104', '506', '2016-09-01', 'email104@company3.com', '68396');
INSERT INTO `samples_company__worker` VALUES ('507', '3', 'Worker 105', '507', '2016-09-01', 'email105@company3.com', '68397');
INSERT INTO `samples_company__worker` VALUES ('508', '3', 'Worker 106', '508', '2016-09-01', 'email106@company3.com', '68398');
INSERT INTO `samples_company__worker` VALUES ('509', '3', 'Worker 107', '509', '2016-09-01', 'email107@company3.com', '68399');
INSERT INTO `samples_company__worker` VALUES ('510', '3', 'Worker 108', '510', '2016-09-01', 'email108@company3.com', '68400');
INSERT INTO `samples_company__worker` VALUES ('511', '3', 'Worker 109', '511', '2016-09-01', 'email109@company3.com', '68401');
INSERT INTO `samples_company__worker` VALUES ('512', '3', 'Worker 110', '512', '2016-09-01', 'email110@company3.com', '68402');
INSERT INTO `samples_company__worker` VALUES ('513', '3', 'Worker 111', '513', '2016-09-01', 'email111@company3.com', '68403');
INSERT INTO `samples_company__worker` VALUES ('514', '3', 'Worker 112', '514', '2016-09-01', 'email112@company3.com', '68404');
INSERT INTO `samples_company__worker` VALUES ('515', '3', 'Worker 113', '515', '2016-09-01', 'email113@company3.com', '68405');
INSERT INTO `samples_company__worker` VALUES ('516', '3', 'Worker 114', '516', '2016-09-01', 'email114@company3.com', '68406');
INSERT INTO `samples_company__worker` VALUES ('517', '3', 'Worker 115', '517', '2016-09-01', 'email115@company3.com', '68407');
INSERT INTO `samples_company__worker` VALUES ('518', '3', 'Worker 116', '518', '2016-09-01', 'email116@company3.com', '68408');
INSERT INTO `samples_company__worker` VALUES ('519', '3', 'Worker 117', '519', '2016-09-01', 'email117@company3.com', '68409');
INSERT INTO `samples_company__worker` VALUES ('520', '3', 'Worker 118', '520', '2016-09-01', 'email118@company3.com', '68410');
INSERT INTO `samples_company__worker` VALUES ('521', '3', 'Worker 119', '521', '2016-09-01', 'email119@company3.com', '68411');
INSERT INTO `samples_company__worker` VALUES ('522', '3', 'Worker 120', '522', '2016-09-01', 'email120@company3.com', '68412');
INSERT INTO `samples_company__worker` VALUES ('523', '3', 'Worker 121', '523', '2016-09-01', 'email121@company3.com', '68413');
INSERT INTO `samples_company__worker` VALUES ('524', '3', 'Worker 122', '524', '2016-09-01', 'email122@company3.com', '68414');
INSERT INTO `samples_company__worker` VALUES ('525', '3', 'Worker 123', '525', '2016-09-01', 'email123@company3.com', '68415');
INSERT INTO `samples_company__worker` VALUES ('526', '3', 'Worker 124', '526', '2016-09-01', 'email124@company3.com', '68416');
INSERT INTO `samples_company__worker` VALUES ('527', '3', 'Worker 125', '527', '2016-09-01', 'email125@company3.com', '68417');
INSERT INTO `samples_company__worker` VALUES ('528', '3', 'Worker 126', '528', '2016-09-01', 'email126@company3.com', '68418');
INSERT INTO `samples_company__worker` VALUES ('529', '3', 'Worker 127', '529', '2016-09-01', 'email127@company3.com', '68419');
INSERT INTO `samples_company__worker` VALUES ('530', '3', 'Worker 128', '530', '2016-09-01', 'email128@company3.com', '68420');
INSERT INTO `samples_company__worker` VALUES ('531', '3', 'Worker 129', '531', '2016-09-01', 'email129@company3.com', '68421');
INSERT INTO `samples_company__worker` VALUES ('532', '3', 'Worker 130', '532', '2016-09-01', 'email130@company3.com', '68422');
INSERT INTO `samples_company__worker` VALUES ('533', '3', 'Worker 131', '533', '2016-09-01', 'email131@company3.com', '68423');
INSERT INTO `samples_company__worker` VALUES ('534', '3', 'Worker 132', '534', '2016-09-01', 'email132@company3.com', '68424');
INSERT INTO `samples_company__worker` VALUES ('535', '3', 'Worker 133', '535', '2016-09-01', 'email133@company3.com', '68425');
INSERT INTO `samples_company__worker` VALUES ('536', '3', 'Worker 134', '536', '2016-09-01', 'email134@company3.com', '68426');
INSERT INTO `samples_company__worker` VALUES ('537', '3', 'Worker 135', '537', '2016-09-01', 'email135@company3.com', '68427');
INSERT INTO `samples_company__worker` VALUES ('538', '3', 'Worker 136', '538', '2016-09-01', 'email136@company3.com', '68428');
INSERT INTO `samples_company__worker` VALUES ('539', '3', 'Worker 137', '539', '2016-09-01', 'email137@company3.com', '68429');
INSERT INTO `samples_company__worker` VALUES ('540', '3', 'Worker 138', '540', '2016-09-01', 'email138@company3.com', '68430');
INSERT INTO `samples_company__worker` VALUES ('541', '3', 'Worker 139', '541', '2016-09-01', 'email139@company3.com', '68431');
INSERT INTO `samples_company__worker` VALUES ('542', '3', 'Worker 140', '542', '2016-09-01', 'email140@company3.com', '68432');
INSERT INTO `samples_company__worker` VALUES ('543', '3', 'Worker 141', '543', '2016-09-01', 'email141@company3.com', '68433');
INSERT INTO `samples_company__worker` VALUES ('544', '3', 'Worker 142', '544', '2016-09-01', 'email142@company3.com', '68434');
INSERT INTO `samples_company__worker` VALUES ('545', '3', 'Worker 143', '545', '2016-09-01', 'email143@company3.com', '68435');
INSERT INTO `samples_company__worker` VALUES ('546', '3', 'Worker 144', '546', '2016-09-01', 'email144@company3.com', '68436');
INSERT INTO `samples_company__worker` VALUES ('547', '3', 'Worker 145', '547', '2016-09-01', 'email145@company3.com', '68437');
INSERT INTO `samples_company__worker` VALUES ('548', '3', 'Worker 146', '548', '2016-09-01', 'email146@company3.com', '68438');
INSERT INTO `samples_company__worker` VALUES ('549', '3', 'Worker 147', '549', '2016-09-01', 'email147@company3.com', '68439');
INSERT INTO `samples_company__worker` VALUES ('550', '3', 'Worker 148', '550', '2016-09-01', 'email148@company3.com', '68440');
INSERT INTO `samples_company__worker` VALUES ('551', '3', 'Worker 149', '551', '2016-09-01', 'email149@company3.com', '68441');
INSERT INTO `samples_company__worker` VALUES ('552', '3', 'Worker 150', '552', '2016-09-01', 'email150@company3.com', '68442');
INSERT INTO `samples_company__worker` VALUES ('553', '3', 'Worker 151', '553', '2016-09-01', 'email151@company3.com', '68443');
INSERT INTO `samples_company__worker` VALUES ('554', '3', 'Worker 152', '554', '2016-09-01', 'email152@company3.com', '68444');
INSERT INTO `samples_company__worker` VALUES ('555', '3', 'Worker 153', '555', '2016-09-01', 'email153@company3.com', '68445');
INSERT INTO `samples_company__worker` VALUES ('556', '3', 'Worker 154', '556', '2016-09-01', 'email154@company3.com', '68446');
INSERT INTO `samples_company__worker` VALUES ('557', '3', 'Worker 155', '557', '2016-09-01', 'email155@company3.com', '68447');
INSERT INTO `samples_company__worker` VALUES ('558', '3', 'Worker 156', '558', '2016-09-01', 'email156@company3.com', '68448');
INSERT INTO `samples_company__worker` VALUES ('559', '3', 'Worker 157', '559', '2016-09-01', 'email157@company3.com', '68449');
INSERT INTO `samples_company__worker` VALUES ('560', '3', 'Worker 158', '560', '2016-09-01', 'email158@company3.com', '68450');
INSERT INTO `samples_company__worker` VALUES ('561', '3', 'Worker 159', '561', '2016-09-01', 'email159@company3.com', '68451');
INSERT INTO `samples_company__worker` VALUES ('562', '3', 'Worker 160', '562', '2016-09-01', 'email160@company3.com', '68452');
INSERT INTO `samples_company__worker` VALUES ('563', '3', 'Worker 161', '563', '2016-09-01', 'email161@company3.com', '68453');
INSERT INTO `samples_company__worker` VALUES ('564', '3', 'Worker 162', '564', '2016-09-01', 'email162@company3.com', '68454');
INSERT INTO `samples_company__worker` VALUES ('565', '3', 'Worker 163', '565', '2016-09-01', 'email163@company3.com', '68455');
INSERT INTO `samples_company__worker` VALUES ('566', '3', 'Worker 164', '566', '2016-09-01', 'email164@company3.com', '68456');
INSERT INTO `samples_company__worker` VALUES ('567', '3', 'Worker 165', '567', '2016-09-01', 'email165@company3.com', '68457');
INSERT INTO `samples_company__worker` VALUES ('568', '3', 'Worker 166', '568', '2016-09-01', 'email166@company3.com', '68458');
INSERT INTO `samples_company__worker` VALUES ('569', '3', 'Worker 167', '569', '2016-09-01', 'email167@company3.com', '68459');
INSERT INTO `samples_company__worker` VALUES ('570', '3', 'Worker 168', '570', '2016-09-01', 'email168@company3.com', '68460');
INSERT INTO `samples_company__worker` VALUES ('571', '3', 'Worker 169', '571', '2016-09-01', 'email169@company3.com', '68461');
INSERT INTO `samples_company__worker` VALUES ('572', '3', 'Worker 170', '572', '2016-09-01', 'email170@company3.com', '68462');
INSERT INTO `samples_company__worker` VALUES ('573', '3', 'Worker 171', '573', '2016-09-01', 'email171@company3.com', '68463');
INSERT INTO `samples_company__worker` VALUES ('574', '3', 'Worker 172', '574', '2016-09-01', 'email172@company3.com', '68464');
INSERT INTO `samples_company__worker` VALUES ('575', '3', 'Worker 173', '575', '2016-09-01', 'email173@company3.com', '68465');
INSERT INTO `samples_company__worker` VALUES ('576', '3', 'Worker 174', '576', '2016-09-01', 'email174@company3.com', '68466');
INSERT INTO `samples_company__worker` VALUES ('577', '3', 'Worker 175', '577', '2016-09-01', 'email175@company3.com', '68467');
INSERT INTO `samples_company__worker` VALUES ('578', '3', 'Worker 176', '578', '2016-09-01', 'email176@company3.com', '68468');
INSERT INTO `samples_company__worker` VALUES ('579', '3', 'Worker 177', '579', '2016-09-01', 'email177@company3.com', '68469');
INSERT INTO `samples_company__worker` VALUES ('580', '3', 'Worker 178', '580', '2016-09-01', 'email178@company3.com', '68470');
INSERT INTO `samples_company__worker` VALUES ('581', '3', 'Worker 179', '581', '2016-09-01', 'email179@company3.com', '68471');
INSERT INTO `samples_company__worker` VALUES ('582', '3', 'Worker 180', '582', '2016-09-01', 'email180@company3.com', '68472');
INSERT INTO `samples_company__worker` VALUES ('583', '3', 'Worker 181', '583', '2016-09-01', 'email181@company3.com', '68473');
INSERT INTO `samples_company__worker` VALUES ('584', '3', 'Worker 182', '584', '2016-09-01', 'email182@company3.com', '68474');
INSERT INTO `samples_company__worker` VALUES ('585', '3', 'Worker 183', '585', '2016-09-01', 'email183@company3.com', '68475');
INSERT INTO `samples_company__worker` VALUES ('586', '3', 'Worker 184', '586', '2016-09-01', 'email184@company3.com', '68476');
INSERT INTO `samples_company__worker` VALUES ('587', '3', 'Worker 185', '587', '2016-09-01', 'email185@company3.com', '68477');
INSERT INTO `samples_company__worker` VALUES ('588', '3', 'Worker 186', '588', '2016-09-01', 'email186@company3.com', '68478');
INSERT INTO `samples_company__worker` VALUES ('589', '3', 'Worker 187', '589', '2016-09-01', 'email187@company3.com', '68479');
INSERT INTO `samples_company__worker` VALUES ('590', '3', 'Worker 188', '590', '2016-09-01', 'email188@company3.com', '68480');
INSERT INTO `samples_company__worker` VALUES ('591', '3', 'Worker 189', '591', '2016-09-01', 'email189@company3.com', '68481');
INSERT INTO `samples_company__worker` VALUES ('592', '3', 'Worker 190', '592', '2016-09-01', 'email190@company3.com', '68482');
INSERT INTO `samples_company__worker` VALUES ('593', '3', 'Worker 191', '593', '2016-09-01', 'email191@company3.com', '68483');
INSERT INTO `samples_company__worker` VALUES ('594', '3', 'Worker 192', '594', '2016-09-01', 'email192@company3.com', '68484');
INSERT INTO `samples_company__worker` VALUES ('595', '3', 'Worker 193', '595', '2016-09-01', 'email193@company3.com', '68485');
INSERT INTO `samples_company__worker` VALUES ('596', '3', 'Worker 194', '596', '2016-09-01', 'email194@company3.com', '68486');
INSERT INTO `samples_company__worker` VALUES ('597', '3', 'Worker 195', '597', '2016-09-01', 'email195@company3.com', '68487');
INSERT INTO `samples_company__worker` VALUES ('598', '3', 'Worker 196', '598', '2016-09-01', 'email196@company3.com', '68488');
INSERT INTO `samples_company__worker` VALUES ('599', '3', 'Worker 197', '599', '2016-09-01', 'email197@company3.com', '68489');
INSERT INTO `samples_company__worker` VALUES ('600', '3', 'Worker 198', '600', '2016-09-01', 'email198@company3.com', '68490');
INSERT INTO `samples_company__worker` VALUES ('601', '3', 'Worker 199', '601', '2016-09-01', 'email199@company3.com', '68491');
INSERT INTO `samples_company__worker` VALUES ('602', '3', 'Worker 200', '602', '2016-09-01', 'email200@company3.com', '68492');
INSERT INTO `samples_company__worker` VALUES ('803', '8', 'Worker 1', '803', '2016-09-01', 'email1@company8.com', '68693');
INSERT INTO `samples_company__worker` VALUES ('804', '8', 'Worker 2', '804', '2016-09-01', 'email2@company8.com', '68694');
INSERT INTO `samples_company__worker` VALUES ('805', '8', 'Worker 3', '805', '2016-09-01', 'email3@company8.com', '68695');
INSERT INTO `samples_company__worker` VALUES ('806', '8', 'Worker 4', '806', '2016-09-01', 'email4@company8.com', '68696');
INSERT INTO `samples_company__worker` VALUES ('807', '8', 'Worker 5', '807', '2016-09-01', 'email5@company8.com', '68697');
INSERT INTO `samples_company__worker` VALUES ('808', '8', 'Worker 6', '808', '2016-09-01', 'email6@company8.com', '68698');
INSERT INTO `samples_company__worker` VALUES ('809', '8', 'Worker 7', '809', '2016-09-01', 'email7@company8.com', '68699');
INSERT INTO `samples_company__worker` VALUES ('810', '8', 'Worker 8', '810', '2016-09-01', 'email8@company8.com', '68700');
INSERT INTO `samples_company__worker` VALUES ('811', '8', 'Worker 9', '811', '2016-09-01', 'email9@company8.com', '68701');
INSERT INTO `samples_company__worker` VALUES ('812', '8', 'Worker 10', '812', '2016-09-01', 'email10@company8.com', '68702');
INSERT INTO `samples_company__worker` VALUES ('813', '8', 'Worker 11', '813', '2016-09-01', 'email11@company8.com', '68703');
INSERT INTO `samples_company__worker` VALUES ('814', '8', 'Worker 12', '814', '2016-09-01', 'email12@company8.com', '68704');
INSERT INTO `samples_company__worker` VALUES ('815', '8', 'Worker 13', '815', '2016-09-01', 'email13@company8.com', '68705');
INSERT INTO `samples_company__worker` VALUES ('816', '8', 'Worker 14', '816', '2016-09-01', 'email14@company8.com', '68706');
INSERT INTO `samples_company__worker` VALUES ('817', '8', 'Worker 15', '817', '2016-09-01', 'email15@company8.com', '68707');
INSERT INTO `samples_company__worker` VALUES ('818', '8', 'Worker 16', '818', '2016-09-01', 'email16@company8.com', '68708');
INSERT INTO `samples_company__worker` VALUES ('819', '8', 'Worker 17', '819', '2016-09-01', 'email17@company8.com', '68709');
INSERT INTO `samples_company__worker` VALUES ('820', '8', 'Worker 18', '820', '2016-09-01', 'email18@company8.com', '68710');
INSERT INTO `samples_company__worker` VALUES ('821', '8', 'Worker 19', '821', '2016-09-01', 'email19@company8.com', '68711');
INSERT INTO `samples_company__worker` VALUES ('822', '8', 'Worker 20', '822', '2016-09-01', 'email20@company8.com', '68712');
INSERT INTO `samples_company__worker` VALUES ('823', '8', 'Worker 21', '823', '2016-09-01', 'email21@company8.com', '68713');
INSERT INTO `samples_company__worker` VALUES ('824', '8', 'Worker 22', '824', '2016-09-01', 'email22@company8.com', '68714');
INSERT INTO `samples_company__worker` VALUES ('825', '8', 'Worker 23', '825', '2016-09-01', 'email23@company8.com', '68715');
INSERT INTO `samples_company__worker` VALUES ('826', '8', 'Worker 24', '826', '2016-09-01', 'email24@company8.com', '68716');
INSERT INTO `samples_company__worker` VALUES ('827', '8', 'Worker 25', '827', '2016-09-01', 'email25@company8.com', '68717');
INSERT INTO `samples_company__worker` VALUES ('828', '8', 'Worker 26', '828', '2016-09-01', 'email26@company8.com', '68718');
INSERT INTO `samples_company__worker` VALUES ('829', '8', 'Worker 27', '829', '2016-09-01', 'email27@company8.com', '68719');
INSERT INTO `samples_company__worker` VALUES ('830', '8', 'Worker 28', '830', '2016-09-01', 'email28@company8.com', '68720');
INSERT INTO `samples_company__worker` VALUES ('831', '8', 'Worker 29', '831', '2016-09-01', 'email29@company8.com', '68721');
INSERT INTO `samples_company__worker` VALUES ('832', '8', 'Worker 30', '832', '2016-09-01', 'email30@company8.com', '68722');
INSERT INTO `samples_company__worker` VALUES ('833', '8', 'Worker 31', '833', '2016-09-01', 'email31@company8.com', '68723');
INSERT INTO `samples_company__worker` VALUES ('834', '8', 'Worker 32', '834', '2016-09-01', 'email32@company8.com', '68724');
INSERT INTO `samples_company__worker` VALUES ('835', '8', 'Worker 33', '835', '2016-09-01', 'email33@company8.com', '68725');
INSERT INTO `samples_company__worker` VALUES ('836', '8', 'Worker 34', '836', '2016-09-01', 'email34@company8.com', '68726');
INSERT INTO `samples_company__worker` VALUES ('837', '8', 'Worker 35', '837', '2016-09-01', 'email35@company8.com', '68727');
INSERT INTO `samples_company__worker` VALUES ('838', '8', 'Worker 36', '838', '2016-09-01', 'email36@company8.com', '68728');
INSERT INTO `samples_company__worker` VALUES ('839', '8', 'Worker 37', '839', '2016-09-01', 'email37@company8.com', '68729');
INSERT INTO `samples_company__worker` VALUES ('840', '8', 'Worker 38', '840', '2016-09-01', 'email38@company8.com', '68730');
INSERT INTO `samples_company__worker` VALUES ('841', '8', 'Worker 39', '841', '2016-09-01', 'email39@company8.com', '68731');
INSERT INTO `samples_company__worker` VALUES ('842', '8', 'Worker 40', '842', '2016-09-01', 'email40@company8.com', '68732');
INSERT INTO `samples_company__worker` VALUES ('843', '8', 'Worker 41', '843', '2016-09-01', 'email41@company8.com', '68733');
INSERT INTO `samples_company__worker` VALUES ('844', '8', 'Worker 42', '844', '2016-09-01', 'email42@company8.com', '68734');
INSERT INTO `samples_company__worker` VALUES ('845', '8', 'Worker 43', '845', '2016-09-01', 'email43@company8.com', '68735');
INSERT INTO `samples_company__worker` VALUES ('846', '8', 'Worker 44', '846', '2016-09-01', 'email44@company8.com', '68736');
INSERT INTO `samples_company__worker` VALUES ('847', '8', 'Worker 45', '847', '2016-09-01', 'email45@company8.com', '68737');
INSERT INTO `samples_company__worker` VALUES ('848', '8', 'Worker 46', '848', '2016-09-01', 'email46@company8.com', '68738');
INSERT INTO `samples_company__worker` VALUES ('849', '8', 'Worker 47', '849', '2016-09-01', 'email47@company8.com', '68739');
INSERT INTO `samples_company__worker` VALUES ('850', '8', 'Worker 48', '850', '2016-09-01', 'email48@company8.com', '68740');
INSERT INTO `samples_company__worker` VALUES ('851', '8', 'Worker 49', '851', '2016-09-01', 'email49@company8.com', '68741');
INSERT INTO `samples_company__worker` VALUES ('852', '8', 'Worker 50', '852', '2016-09-01', 'email50@company8.com', '68742');
INSERT INTO `samples_company__worker` VALUES ('853', '8', 'Worker 51', '853', '2016-09-01', 'email51@company8.com', '68743');
INSERT INTO `samples_company__worker` VALUES ('854', '8', 'Worker 52', '854', '2016-09-01', 'email52@company8.com', '68744');
INSERT INTO `samples_company__worker` VALUES ('855', '8', 'Worker 53', '855', '2016-09-01', 'email53@company8.com', '68745');
INSERT INTO `samples_company__worker` VALUES ('856', '8', 'Worker 54', '856', '2016-09-01', 'email54@company8.com', '68746');
INSERT INTO `samples_company__worker` VALUES ('857', '8', 'Worker 55', '857', '2016-09-01', 'email55@company8.com', '68747');
INSERT INTO `samples_company__worker` VALUES ('858', '8', 'Worker 56', '858', '2016-09-01', 'email56@company8.com', '68748');
INSERT INTO `samples_company__worker` VALUES ('859', '8', 'Worker 57', '859', '2016-09-01', 'email57@company8.com', '68749');
INSERT INTO `samples_company__worker` VALUES ('860', '8', 'Worker 58', '860', '2016-09-01', 'email58@company8.com', '68750');
INSERT INTO `samples_company__worker` VALUES ('861', '8', 'Worker 59', '861', '2016-09-01', 'email59@company8.com', '68751');
INSERT INTO `samples_company__worker` VALUES ('862', '8', 'Worker 60', '862', '2016-09-01', 'email60@company8.com', '68752');
INSERT INTO `samples_company__worker` VALUES ('863', '8', 'Worker 61', '863', '2016-09-01', 'email61@company8.com', '68753');
INSERT INTO `samples_company__worker` VALUES ('864', '8', 'Worker 62', '864', '2016-09-01', 'email62@company8.com', '68754');
INSERT INTO `samples_company__worker` VALUES ('865', '8', 'Worker 63', '865', '2016-09-01', 'email63@company8.com', '68755');
INSERT INTO `samples_company__worker` VALUES ('866', '8', 'Worker 64', '866', '2016-09-01', 'email64@company8.com', '68756');
INSERT INTO `samples_company__worker` VALUES ('867', '8', 'Worker 65', '867', '2016-09-01', 'email65@company8.com', '68757');
INSERT INTO `samples_company__worker` VALUES ('868', '8', 'Worker 66', '868', '2016-09-01', 'email66@company8.com', '68758');
INSERT INTO `samples_company__worker` VALUES ('869', '8', 'Worker 67', '869', '2016-09-01', 'email67@company8.com', '68759');
INSERT INTO `samples_company__worker` VALUES ('870', '8', 'Worker 68', '870', '2016-09-01', 'email68@company8.com', '68760');
INSERT INTO `samples_company__worker` VALUES ('871', '8', 'Worker 69', '871', '2016-09-01', 'email69@company8.com', '68761');
INSERT INTO `samples_company__worker` VALUES ('872', '8', 'Worker 70', '872', '2016-09-01', 'email70@company8.com', '68762');
INSERT INTO `samples_company__worker` VALUES ('873', '8', 'Worker 71', '873', '2016-09-01', 'email71@company8.com', '68763');
INSERT INTO `samples_company__worker` VALUES ('874', '8', 'Worker 72', '874', '2016-09-01', 'email72@company8.com', '68764');
INSERT INTO `samples_company__worker` VALUES ('875', '8', 'Worker 73', '875', '2016-09-01', 'email73@company8.com', '68765');
INSERT INTO `samples_company__worker` VALUES ('876', '8', 'Worker 74', '876', '2016-09-01', 'email74@company8.com', '68766');
INSERT INTO `samples_company__worker` VALUES ('877', '8', 'Worker 75', '877', '2016-09-01', 'email75@company8.com', '68767');
INSERT INTO `samples_company__worker` VALUES ('878', '8', 'Worker 76', '878', '2016-09-01', 'email76@company8.com', '68768');
INSERT INTO `samples_company__worker` VALUES ('879', '8', 'Worker 77', '879', '2016-09-01', 'email77@company8.com', '68769');
INSERT INTO `samples_company__worker` VALUES ('880', '8', 'Worker 78', '880', '2016-09-01', 'email78@company8.com', '68770');
INSERT INTO `samples_company__worker` VALUES ('881', '8', 'Worker 79', '881', '2016-09-01', 'email79@company8.com', '68771');
INSERT INTO `samples_company__worker` VALUES ('882', '8', 'Worker 80', '882', '2016-09-01', 'email80@company8.com', '68772');
INSERT INTO `samples_company__worker` VALUES ('883', '8', 'Worker 81', '883', '2016-09-01', 'email81@company8.com', '68773');
INSERT INTO `samples_company__worker` VALUES ('884', '8', 'Worker 82', '884', '2016-09-01', 'email82@company8.com', '68774');
INSERT INTO `samples_company__worker` VALUES ('885', '8', 'Worker 83', '885', '2016-09-01', 'email83@company8.com', '68775');
INSERT INTO `samples_company__worker` VALUES ('886', '8', 'Worker 84', '886', '2016-09-01', 'email84@company8.com', '68776');
INSERT INTO `samples_company__worker` VALUES ('887', '8', 'Worker 85', '887', '2016-09-01', 'email85@company8.com', '68777');
INSERT INTO `samples_company__worker` VALUES ('888', '8', 'Worker 86', '888', '2016-09-01', 'email86@company8.com', '68778');
INSERT INTO `samples_company__worker` VALUES ('889', '8', 'Worker 87', '889', '2016-09-01', 'email87@company8.com', '68779');
INSERT INTO `samples_company__worker` VALUES ('890', '8', 'Worker 88', '890', '2016-09-01', 'email88@company8.com', '68780');
INSERT INTO `samples_company__worker` VALUES ('891', '8', 'Worker 89', '891', '2016-09-01', 'email89@company8.com', '68781');
INSERT INTO `samples_company__worker` VALUES ('892', '8', 'Worker 90', '892', '2016-09-01', 'email90@company8.com', '68782');
INSERT INTO `samples_company__worker` VALUES ('893', '8', 'Worker 91', '893', '2016-09-01', 'email91@company8.com', '68783');
INSERT INTO `samples_company__worker` VALUES ('894', '8', 'Worker 92', '894', '2016-09-01', 'email92@company8.com', '68784');
INSERT INTO `samples_company__worker` VALUES ('895', '8', 'Worker 93', '895', '2016-09-01', 'email93@company8.com', '68785');
INSERT INTO `samples_company__worker` VALUES ('896', '8', 'Worker 94', '896', '2016-09-01', 'email94@company8.com', '68786');
INSERT INTO `samples_company__worker` VALUES ('897', '8', 'Worker 95', '897', '2016-09-01', 'email95@company8.com', '68787');
INSERT INTO `samples_company__worker` VALUES ('898', '8', 'Worker 96', '898', '2016-09-01', 'email96@company8.com', '68788');
INSERT INTO `samples_company__worker` VALUES ('899', '8', 'Worker 97', '899', '2016-09-01', 'email97@company8.com', '68789');
INSERT INTO `samples_company__worker` VALUES ('900', '8', 'Worker 98', '900', '2016-09-01', 'email98@company8.com', '68790');
INSERT INTO `samples_company__worker` VALUES ('901', '8', 'Worker 99', '901', '2016-09-01', 'email99@company8.com', '68791');
INSERT INTO `samples_company__worker` VALUES ('902', '8', 'Worker 100', '902', '2016-09-01', 'email100@company8.com', '68792');
INSERT INTO `samples_company__worker` VALUES ('903', '8', 'Worker 101', '903', '2016-09-01', 'email101@company8.com', '68793');
INSERT INTO `samples_company__worker` VALUES ('904', '8', 'Worker 102', '904', '2016-09-01', 'email102@company8.com', '68794');
INSERT INTO `samples_company__worker` VALUES ('905', '8', 'Worker 103', '905', '2016-09-01', 'email103@company8.com', '68795');
INSERT INTO `samples_company__worker` VALUES ('906', '8', 'Worker 104', '906', '2016-09-01', 'email104@company8.com', '68796');
INSERT INTO `samples_company__worker` VALUES ('907', '8', 'Worker 105', '907', '2016-09-01', 'email105@company8.com', '68797');
INSERT INTO `samples_company__worker` VALUES ('908', '8', 'Worker 106', '908', '2016-09-01', 'email106@company8.com', '68798');
INSERT INTO `samples_company__worker` VALUES ('909', '8', 'Worker 107', '909', '2016-09-01', 'email107@company8.com', '68799');
INSERT INTO `samples_company__worker` VALUES ('910', '8', 'Worker 108', '910', '2016-09-01', 'email108@company8.com', '68800');
INSERT INTO `samples_company__worker` VALUES ('911', '8', 'Worker 109', '911', '2016-09-01', 'email109@company8.com', '68801');
INSERT INTO `samples_company__worker` VALUES ('912', '8', 'Worker 110', '912', '2016-09-01', 'email110@company8.com', '68802');
INSERT INTO `samples_company__worker` VALUES ('913', '8', 'Worker 111', '913', '2016-09-01', 'email111@company8.com', '68803');
INSERT INTO `samples_company__worker` VALUES ('914', '8', 'Worker 112', '914', '2016-09-01', 'email112@company8.com', '68804');
INSERT INTO `samples_company__worker` VALUES ('915', '8', 'Worker 113', '915', '2016-09-01', 'email113@company8.com', '68805');
INSERT INTO `samples_company__worker` VALUES ('916', '8', 'Worker 114', '916', '2016-09-01', 'email114@company8.com', '68806');
INSERT INTO `samples_company__worker` VALUES ('917', '8', 'Worker 115', '917', '2016-09-01', 'email115@company8.com', '68807');
INSERT INTO `samples_company__worker` VALUES ('918', '8', 'Worker 116', '918', '2016-09-01', 'email116@company8.com', '68808');
INSERT INTO `samples_company__worker` VALUES ('919', '8', 'Worker 117', '919', '2016-09-01', 'email117@company8.com', '68809');
INSERT INTO `samples_company__worker` VALUES ('920', '8', 'Worker 118', '920', '2016-09-01', 'email118@company8.com', '68810');
INSERT INTO `samples_company__worker` VALUES ('921', '8', 'Worker 119', '921', '2016-09-01', 'email119@company8.com', '68811');
INSERT INTO `samples_company__worker` VALUES ('922', '8', 'Worker 120', '922', '2016-09-01', 'email120@company8.com', '68812');
INSERT INTO `samples_company__worker` VALUES ('923', '8', 'Worker 121', '923', '2016-09-01', 'email121@company8.com', '68813');
INSERT INTO `samples_company__worker` VALUES ('924', '8', 'Worker 122', '924', '2016-09-01', 'email122@company8.com', '68814');
INSERT INTO `samples_company__worker` VALUES ('925', '8', 'Worker 123', '925', '2016-09-01', 'email123@company8.com', '68815');
INSERT INTO `samples_company__worker` VALUES ('926', '8', 'Worker 124', '926', '2016-09-01', 'email124@company8.com', '68816');
INSERT INTO `samples_company__worker` VALUES ('927', '8', 'Worker 125', '927', '2016-09-01', 'email125@company8.com', '68817');
INSERT INTO `samples_company__worker` VALUES ('928', '8', 'Worker 126', '928', '2016-09-01', 'email126@company8.com', '68818');
INSERT INTO `samples_company__worker` VALUES ('929', '8', 'Worker 127', '929', '2016-09-01', 'email127@company8.com', '68819');
INSERT INTO `samples_company__worker` VALUES ('930', '8', 'Worker 128', '930', '2016-09-01', 'email128@company8.com', '68820');
INSERT INTO `samples_company__worker` VALUES ('931', '8', 'Worker 129', '931', '2016-09-01', 'email129@company8.com', '68821');
INSERT INTO `samples_company__worker` VALUES ('932', '8', 'Worker 130', '932', '2016-09-01', 'email130@company8.com', '68822');
INSERT INTO `samples_company__worker` VALUES ('933', '8', 'Worker 131', '933', '2016-09-01', 'email131@company8.com', '68823');
INSERT INTO `samples_company__worker` VALUES ('934', '8', 'Worker 132', '934', '2016-09-01', 'email132@company8.com', '68824');
INSERT INTO `samples_company__worker` VALUES ('935', '8', 'Worker 133', '935', '2016-09-01', 'email133@company8.com', '68825');
INSERT INTO `samples_company__worker` VALUES ('936', '8', 'Worker 134', '936', '2016-09-01', 'email134@company8.com', '68826');
INSERT INTO `samples_company__worker` VALUES ('937', '8', 'Worker 135', '937', '2016-09-01', 'email135@company8.com', '68827');
INSERT INTO `samples_company__worker` VALUES ('938', '8', 'Worker 136', '938', '2016-09-01', 'email136@company8.com', '68828');
INSERT INTO `samples_company__worker` VALUES ('939', '8', 'Worker 137', '939', '2016-09-01', 'email137@company8.com', '68829');
INSERT INTO `samples_company__worker` VALUES ('940', '8', 'Worker 138', '940', '2016-09-01', 'email138@company8.com', '68830');
INSERT INTO `samples_company__worker` VALUES ('941', '8', 'Worker 139', '941', '2016-09-01', 'email139@company8.com', '68831');
INSERT INTO `samples_company__worker` VALUES ('942', '8', 'Worker 140', '942', '2016-09-01', 'email140@company8.com', '68832');
INSERT INTO `samples_company__worker` VALUES ('943', '8', 'Worker 141', '943', '2016-09-01', 'email141@company8.com', '68833');
INSERT INTO `samples_company__worker` VALUES ('944', '8', 'Worker 142', '944', '2016-09-01', 'email142@company8.com', '68834');
INSERT INTO `samples_company__worker` VALUES ('945', '8', 'Worker 143', '945', '2016-09-01', 'email143@company8.com', '68835');
INSERT INTO `samples_company__worker` VALUES ('946', '8', 'Worker 144', '946', '2016-09-01', 'email144@company8.com', '68836');
INSERT INTO `samples_company__worker` VALUES ('947', '8', 'Worker 145', '947', '2016-09-01', 'email145@company8.com', '68837');
INSERT INTO `samples_company__worker` VALUES ('948', '8', 'Worker 146', '948', '2016-09-01', 'email146@company8.com', '68838');
INSERT INTO `samples_company__worker` VALUES ('949', '8', 'Worker 147', '949', '2016-09-01', 'email147@company8.com', '68839');
INSERT INTO `samples_company__worker` VALUES ('950', '8', 'Worker 148', '950', '2016-09-01', 'email148@company8.com', '68840');
INSERT INTO `samples_company__worker` VALUES ('951', '8', 'Worker 149', '951', '2016-09-01', 'email149@company8.com', '68841');
INSERT INTO `samples_company__worker` VALUES ('952', '8', 'Worker 150', '952', '2016-09-01', 'email150@company8.com', '68842');
INSERT INTO `samples_company__worker` VALUES ('953', '8', 'Worker 151', '953', '2016-09-01', 'email151@company8.com', '68843');
INSERT INTO `samples_company__worker` VALUES ('954', '8', 'Worker 152', '954', '2016-09-01', 'email152@company8.com', '68844');
INSERT INTO `samples_company__worker` VALUES ('955', '8', 'Worker 153', '955', '2016-09-01', 'email153@company8.com', '68845');
INSERT INTO `samples_company__worker` VALUES ('956', '8', 'Worker 154', '956', '2016-09-01', 'email154@company8.com', '68846');
INSERT INTO `samples_company__worker` VALUES ('957', '8', 'Worker 155', '957', '2016-09-01', 'email155@company8.com', '68847');
INSERT INTO `samples_company__worker` VALUES ('958', '8', 'Worker 156', '958', '2016-09-01', 'email156@company8.com', '68848');
INSERT INTO `samples_company__worker` VALUES ('959', '8', 'Worker 157', '959', '2016-09-01', 'email157@company8.com', '68849');
INSERT INTO `samples_company__worker` VALUES ('960', '8', 'Worker 158', '960', '2016-09-01', 'email158@company8.com', '68850');
INSERT INTO `samples_company__worker` VALUES ('961', '8', 'Worker 159', '961', '2016-09-01', 'email159@company8.com', '68851');
INSERT INTO `samples_company__worker` VALUES ('962', '8', 'Worker 160', '962', '2016-09-01', 'email160@company8.com', '68852');
INSERT INTO `samples_company__worker` VALUES ('963', '8', 'Worker 161', '963', '2016-09-01', 'email161@company8.com', '68853');
INSERT INTO `samples_company__worker` VALUES ('964', '8', 'Worker 162', '964', '2016-09-01', 'email162@company8.com', '68854');
INSERT INTO `samples_company__worker` VALUES ('965', '8', 'Worker 163', '965', '2016-09-01', 'email163@company8.com', '68855');
INSERT INTO `samples_company__worker` VALUES ('966', '8', 'Worker 164', '966', '2016-09-01', 'email164@company8.com', '68856');
INSERT INTO `samples_company__worker` VALUES ('967', '8', 'Worker 165', '967', '2016-09-01', 'email165@company8.com', '68857');
INSERT INTO `samples_company__worker` VALUES ('968', '8', 'Worker 166', '968', '2016-09-01', 'email166@company8.com', '68858');
INSERT INTO `samples_company__worker` VALUES ('969', '8', 'Worker 167', '969', '2016-09-01', 'email167@company8.com', '68859');
INSERT INTO `samples_company__worker` VALUES ('970', '8', 'Worker 168', '970', '2016-09-01', 'email168@company8.com', '68860');
INSERT INTO `samples_company__worker` VALUES ('971', '8', 'Worker 169', '971', '2016-09-01', 'email169@company8.com', '68861');
INSERT INTO `samples_company__worker` VALUES ('972', '8', 'Worker 170', '972', '2016-09-01', 'email170@company8.com', '68862');
INSERT INTO `samples_company__worker` VALUES ('973', '8', 'Worker 171', '973', '2016-09-01', 'email171@company8.com', '68863');
INSERT INTO `samples_company__worker` VALUES ('974', '8', 'Worker 172', '974', '2016-09-01', 'email172@company8.com', '68864');
INSERT INTO `samples_company__worker` VALUES ('975', '8', 'Worker 173', '975', '2016-09-01', 'email173@company8.com', '68865');
INSERT INTO `samples_company__worker` VALUES ('976', '8', 'Worker 174', '976', '2016-09-01', 'email174@company8.com', '68866');
INSERT INTO `samples_company__worker` VALUES ('977', '8', 'Worker 175', '977', '2016-09-01', 'email175@company8.com', '68867');
INSERT INTO `samples_company__worker` VALUES ('978', '8', 'Worker 176', '978', '2016-09-01', 'email176@company8.com', '68868');
INSERT INTO `samples_company__worker` VALUES ('979', '8', 'Worker 177', '979', '2016-09-01', 'email177@company8.com', '68869');
INSERT INTO `samples_company__worker` VALUES ('980', '8', 'Worker 178', '980', '2016-09-01', 'email178@company8.com', '68870');
INSERT INTO `samples_company__worker` VALUES ('981', '8', 'Worker 179', '981', '2016-09-01', 'email179@company8.com', '68871');
INSERT INTO `samples_company__worker` VALUES ('982', '8', 'Worker 180', '982', '2016-09-01', 'email180@company8.com', '68872');
INSERT INTO `samples_company__worker` VALUES ('983', '8', 'Worker 181', '983', '2016-09-01', 'email181@company8.com', '68873');
INSERT INTO `samples_company__worker` VALUES ('984', '8', 'Worker 182', '984', '2016-09-01', 'email182@company8.com', '68874');
INSERT INTO `samples_company__worker` VALUES ('985', '8', 'Worker 183', '985', '2016-09-01', 'email183@company8.com', '68875');
INSERT INTO `samples_company__worker` VALUES ('986', '8', 'Worker 184', '986', '2016-09-01', 'email184@company8.com', '68876');
INSERT INTO `samples_company__worker` VALUES ('987', '8', 'Worker 185', '987', '2016-09-01', 'email185@company8.com', '68877');
INSERT INTO `samples_company__worker` VALUES ('988', '8', 'Worker 186', '988', '2016-09-01', 'email186@company8.com', '68878');
INSERT INTO `samples_company__worker` VALUES ('989', '8', 'Worker 187', '989', '2016-09-01', 'email187@company8.com', '68879');
INSERT INTO `samples_company__worker` VALUES ('990', '8', 'Worker 188', '990', '2016-09-01', 'email188@company8.com', '68880');
INSERT INTO `samples_company__worker` VALUES ('991', '8', 'Worker 189', '991', '2016-09-01', 'email189@company8.com', '68881');
INSERT INTO `samples_company__worker` VALUES ('992', '8', 'Worker 190', '992', '2016-09-01', 'email190@company8.com', '68882');
INSERT INTO `samples_company__worker` VALUES ('993', '8', 'Worker 191', '993', '2016-09-01', 'email191@company8.com', '68883');
INSERT INTO `samples_company__worker` VALUES ('994', '8', 'Worker 192', '994', '2016-09-01', 'email192@company8.com', '68884');
INSERT INTO `samples_company__worker` VALUES ('995', '8', 'Worker 193', '995', '2016-09-01', 'email193@company8.com', '68885');
INSERT INTO `samples_company__worker` VALUES ('996', '8', 'Worker 194', '996', '2016-09-01', 'email194@company8.com', '68886');
INSERT INTO `samples_company__worker` VALUES ('997', '8', 'Worker 195', '997', '2016-09-01', 'email195@company8.com', '68887');
INSERT INTO `samples_company__worker` VALUES ('998', '8', 'Worker 196', '998', '2016-09-01', 'email196@company8.com', '68888');
INSERT INTO `samples_company__worker` VALUES ('999', '8', 'Worker 197', '999', '2016-09-01', 'email197@company8.com', '68889');
INSERT INTO `samples_company__worker` VALUES ('1000', '8', 'Worker 198', '1000', '2016-09-01', 'email198@company8.com', '68890');
INSERT INTO `samples_company__worker` VALUES ('1001', '8', 'Worker 199', '1001', '2016-09-01', 'email199@company8.com', '68891');
INSERT INTO `samples_company__worker` VALUES ('1002', '8', 'Worker 200', '1002', '2016-09-01', 'email200@company8.com', '68892');
INSERT INTO `samples_company__worker` VALUES ('1203', '10', 'Worker 1', '1203', '2016-09-01', 'email1@company10.com', '69093');
INSERT INTO `samples_company__worker` VALUES ('1204', '10', 'Worker 2', '1204', '2016-09-01', 'email2@company10.com', '69094');
INSERT INTO `samples_company__worker` VALUES ('1205', '10', 'Worker 3', '1205', '2016-09-01', 'email3@company10.com', '69095');
INSERT INTO `samples_company__worker` VALUES ('1206', '10', 'Worker 4', '1206', '2016-09-01', 'email4@company10.com', '69096');
INSERT INTO `samples_company__worker` VALUES ('1207', '10', 'Worker 5', '1207', '2016-09-01', 'email5@company10.com', '69097');
INSERT INTO `samples_company__worker` VALUES ('1208', '10', 'Worker 6', '1208', '2016-09-01', 'email6@company10.com', '69098');
INSERT INTO `samples_company__worker` VALUES ('1209', '10', 'Worker 7', '1209', '2016-09-01', 'email7@company10.com', '69099');
INSERT INTO `samples_company__worker` VALUES ('1210', '10', 'Worker 8', '1210', '2016-09-01', 'email8@company10.com', '69100');
INSERT INTO `samples_company__worker` VALUES ('1211', '10', 'Worker 9', '1211', '2016-09-01', 'email9@company10.com', '69101');
INSERT INTO `samples_company__worker` VALUES ('1212', '10', 'Worker 10', '1212', '2016-09-01', 'email10@company10.com', '69102');
INSERT INTO `samples_company__worker` VALUES ('1213', '10', 'Worker 11', '1213', '2016-09-01', 'email11@company10.com', '69103');
INSERT INTO `samples_company__worker` VALUES ('1214', '10', 'Worker 12', '1214', '2016-09-01', 'email12@company10.com', '69104');
INSERT INTO `samples_company__worker` VALUES ('1215', '10', 'Worker 13', '1215', '2016-09-01', 'email13@company10.com', '69105');
INSERT INTO `samples_company__worker` VALUES ('1216', '10', 'Worker 14', '1216', '2016-09-01', 'email14@company10.com', '69106');
INSERT INTO `samples_company__worker` VALUES ('1217', '10', 'Worker 15', '1217', '2016-09-01', 'email15@company10.com', '69107');
INSERT INTO `samples_company__worker` VALUES ('1218', '10', 'Worker 16', '1218', '2016-09-01', 'email16@company10.com', '69108');
INSERT INTO `samples_company__worker` VALUES ('1219', '10', 'Worker 17', '1219', '2016-09-01', 'email17@company10.com', '69109');
INSERT INTO `samples_company__worker` VALUES ('1220', '10', 'Worker 18', '1220', '2016-09-01', 'email18@company10.com', '69110');
INSERT INTO `samples_company__worker` VALUES ('1221', '10', 'Worker 19', '1221', '2016-09-01', 'email19@company10.com', '69111');
INSERT INTO `samples_company__worker` VALUES ('1222', '10', 'Worker 20', '1222', '2016-09-01', 'email20@company10.com', '69112');
INSERT INTO `samples_company__worker` VALUES ('1223', '10', 'Worker 21', '1223', '2016-09-01', 'email21@company10.com', '69113');
INSERT INTO `samples_company__worker` VALUES ('1224', '10', 'Worker 22', '1224', '2016-09-01', 'email22@company10.com', '69114');
INSERT INTO `samples_company__worker` VALUES ('1225', '10', 'Worker 23', '1225', '2016-09-01', 'email23@company10.com', '69115');
INSERT INTO `samples_company__worker` VALUES ('1226', '10', 'Worker 24', '1226', '2016-09-01', 'email24@company10.com', '69116');
INSERT INTO `samples_company__worker` VALUES ('1227', '10', 'Worker 25', '1227', '2016-09-01', 'email25@company10.com', '69117');
INSERT INTO `samples_company__worker` VALUES ('1228', '10', 'Worker 26', '1228', '2016-09-01', 'email26@company10.com', '69118');
INSERT INTO `samples_company__worker` VALUES ('1229', '10', 'Worker 27', '1229', '2016-09-01', 'email27@company10.com', '69119');
INSERT INTO `samples_company__worker` VALUES ('1230', '10', 'Worker 28', '1230', '2016-09-01', 'email28@company10.com', '69120');
INSERT INTO `samples_company__worker` VALUES ('1231', '10', 'Worker 29', '1231', '2016-09-01', 'email29@company10.com', '69121');
INSERT INTO `samples_company__worker` VALUES ('1232', '10', 'Worker 30', '1232', '2016-09-01', 'email30@company10.com', '69122');
INSERT INTO `samples_company__worker` VALUES ('1233', '10', 'Worker 31', '1233', '2016-09-01', 'email31@company10.com', '69123');
INSERT INTO `samples_company__worker` VALUES ('1234', '10', 'Worker 32', '1234', '2016-09-01', 'email32@company10.com', '69124');
INSERT INTO `samples_company__worker` VALUES ('1235', '10', 'Worker 33', '1235', '2016-09-01', 'email33@company10.com', '69125');
INSERT INTO `samples_company__worker` VALUES ('1236', '10', 'Worker 34', '1236', '2016-09-01', 'email34@company10.com', '69126');
INSERT INTO `samples_company__worker` VALUES ('1237', '10', 'Worker 35', '1237', '2016-09-01', 'email35@company10.com', '69127');
INSERT INTO `samples_company__worker` VALUES ('1238', '10', 'Worker 36', '1238', '2016-09-01', 'email36@company10.com', '69128');
INSERT INTO `samples_company__worker` VALUES ('1239', '10', 'Worker 37', '1239', '2016-09-01', 'email37@company10.com', '69129');
INSERT INTO `samples_company__worker` VALUES ('1240', '10', 'Worker 38', '1240', '2016-09-01', 'email38@company10.com', '69130');
INSERT INTO `samples_company__worker` VALUES ('1241', '10', 'Worker 39', '1241', '2016-09-01', 'email39@company10.com', '69131');
INSERT INTO `samples_company__worker` VALUES ('1242', '10', 'Worker 40', '1242', '2016-09-01', 'email40@company10.com', '69132');
INSERT INTO `samples_company__worker` VALUES ('1243', '10', 'Worker 41', '1243', '2016-09-01', 'email41@company10.com', '69133');
INSERT INTO `samples_company__worker` VALUES ('1244', '10', 'Worker 42', '1244', '2016-09-01', 'email42@company10.com', '69134');
INSERT INTO `samples_company__worker` VALUES ('1245', '10', 'Worker 43', '1245', '2016-09-01', 'email43@company10.com', '69135');
INSERT INTO `samples_company__worker` VALUES ('1246', '10', 'Worker 44', '1246', '2016-09-01', 'email44@company10.com', '69136');
INSERT INTO `samples_company__worker` VALUES ('1247', '10', 'Worker 45', '1247', '2016-09-01', 'email45@company10.com', '69137');
INSERT INTO `samples_company__worker` VALUES ('1248', '10', 'Worker 46', '1248', '2016-09-01', 'email46@company10.com', '69138');
INSERT INTO `samples_company__worker` VALUES ('1249', '10', 'Worker 47', '1249', '2016-09-01', 'email47@company10.com', '69139');
INSERT INTO `samples_company__worker` VALUES ('1250', '10', 'Worker 48', '1250', '2016-09-01', 'email48@company10.com', '69140');
INSERT INTO `samples_company__worker` VALUES ('1251', '10', 'Worker 49', '1251', '2016-09-01', 'email49@company10.com', '69141');
INSERT INTO `samples_company__worker` VALUES ('1252', '10', 'Worker 50', '1252', '2016-09-01', 'email50@company10.com', '69142');
INSERT INTO `samples_company__worker` VALUES ('1253', '10', 'Worker 51', '1253', '2016-09-01', 'email51@company10.com', '69143');
INSERT INTO `samples_company__worker` VALUES ('1254', '10', 'Worker 52', '1254', '2016-09-01', 'email52@company10.com', '69144');
INSERT INTO `samples_company__worker` VALUES ('1255', '10', 'Worker 53', '1255', '2016-09-01', 'email53@company10.com', '69145');
INSERT INTO `samples_company__worker` VALUES ('1256', '10', 'Worker 54', '1256', '2016-09-01', 'email54@company10.com', '69146');
INSERT INTO `samples_company__worker` VALUES ('1257', '10', 'Worker 55', '1257', '2016-09-01', 'email55@company10.com', '69147');
INSERT INTO `samples_company__worker` VALUES ('1258', '10', 'Worker 56', '1258', '2016-09-01', 'email56@company10.com', '69148');
INSERT INTO `samples_company__worker` VALUES ('1259', '10', 'Worker 57', '1259', '2016-09-01', 'email57@company10.com', '69149');
INSERT INTO `samples_company__worker` VALUES ('1260', '10', 'Worker 58', '1260', '2016-09-01', 'email58@company10.com', '69150');
INSERT INTO `samples_company__worker` VALUES ('1261', '10', 'Worker 59', '1261', '2016-09-01', 'email59@company10.com', '69151');
INSERT INTO `samples_company__worker` VALUES ('1262', '10', 'Worker 60', '1262', '2016-09-01', 'email60@company10.com', '69152');
INSERT INTO `samples_company__worker` VALUES ('1263', '10', 'Worker 61', '1263', '2016-09-01', 'email61@company10.com', '69153');
INSERT INTO `samples_company__worker` VALUES ('1264', '10', 'Worker 62', '1264', '2016-09-01', 'email62@company10.com', '69154');
INSERT INTO `samples_company__worker` VALUES ('1265', '10', 'Worker 63', '1265', '2016-09-01', 'email63@company10.com', '69155');
INSERT INTO `samples_company__worker` VALUES ('1266', '10', 'Worker 64', '1266', '2016-09-01', 'email64@company10.com', '69156');
INSERT INTO `samples_company__worker` VALUES ('1267', '10', 'Worker 65', '1267', '2016-09-01', 'email65@company10.com', '69157');
INSERT INTO `samples_company__worker` VALUES ('1268', '10', 'Worker 66', '1268', '2016-09-01', 'email66@company10.com', '69158');
INSERT INTO `samples_company__worker` VALUES ('1269', '10', 'Worker 67', '1269', '2016-09-01', 'email67@company10.com', '69159');
INSERT INTO `samples_company__worker` VALUES ('1270', '10', 'Worker 68', '1270', '2016-09-01', 'email68@company10.com', '69160');
INSERT INTO `samples_company__worker` VALUES ('1271', '10', 'Worker 69', '1271', '2016-09-01', 'email69@company10.com', '69161');
INSERT INTO `samples_company__worker` VALUES ('1272', '10', 'Worker 70', '1272', '2016-09-01', 'email70@company10.com', '69162');
INSERT INTO `samples_company__worker` VALUES ('1273', '10', 'Worker 71', '1273', '2016-09-01', 'email71@company10.com', '69163');
INSERT INTO `samples_company__worker` VALUES ('1274', '10', 'Worker 72', '1274', '2016-09-01', 'email72@company10.com', '69164');
INSERT INTO `samples_company__worker` VALUES ('1275', '10', 'Worker 73', '1275', '2016-09-01', 'email73@company10.com', '69165');
INSERT INTO `samples_company__worker` VALUES ('1276', '10', 'Worker 74', '1276', '2016-09-01', 'email74@company10.com', '69166');
INSERT INTO `samples_company__worker` VALUES ('1277', '10', 'Worker 75', '1277', '2016-09-01', 'email75@company10.com', '69167');
INSERT INTO `samples_company__worker` VALUES ('1278', '10', 'Worker 76', '1278', '2016-09-01', 'email76@company10.com', '69168');
INSERT INTO `samples_company__worker` VALUES ('1279', '10', 'Worker 77', '1279', '2016-09-01', 'email77@company10.com', '69169');
INSERT INTO `samples_company__worker` VALUES ('1280', '10', 'Worker 78', '1280', '2016-09-01', 'email78@company10.com', '69170');
INSERT INTO `samples_company__worker` VALUES ('1281', '10', 'Worker 79', '1281', '2016-09-01', 'email79@company10.com', '69171');
INSERT INTO `samples_company__worker` VALUES ('1282', '10', 'Worker 80', '1282', '2016-09-01', 'email80@company10.com', '69172');
INSERT INTO `samples_company__worker` VALUES ('1283', '10', 'Worker 81', '1283', '2016-09-01', 'email81@company10.com', '69173');
INSERT INTO `samples_company__worker` VALUES ('1284', '10', 'Worker 82', '1284', '2016-09-01', 'email82@company10.com', '69174');
INSERT INTO `samples_company__worker` VALUES ('1285', '10', 'Worker 83', '1285', '2016-09-01', 'email83@company10.com', '69175');
INSERT INTO `samples_company__worker` VALUES ('1286', '10', 'Worker 84', '1286', '2016-09-01', 'email84@company10.com', '69176');
INSERT INTO `samples_company__worker` VALUES ('1287', '10', 'Worker 85', '1287', '2016-09-01', 'email85@company10.com', '69177');
INSERT INTO `samples_company__worker` VALUES ('1288', '10', 'Worker 86', '1288', '2016-09-01', 'email86@company10.com', '69178');
INSERT INTO `samples_company__worker` VALUES ('1289', '10', 'Worker 87', '1289', '2016-09-01', 'email87@company10.com', '69179');
INSERT INTO `samples_company__worker` VALUES ('1290', '10', 'Worker 88', '1290', '2016-09-01', 'email88@company10.com', '69180');
INSERT INTO `samples_company__worker` VALUES ('1291', '10', 'Worker 89', '1291', '2016-09-01', 'email89@company10.com', '69181');
INSERT INTO `samples_company__worker` VALUES ('1292', '10', 'Worker 90', '1292', '2016-09-01', 'email90@company10.com', '69182');
INSERT INTO `samples_company__worker` VALUES ('1293', '10', 'Worker 91', '1293', '2016-09-01', 'email91@company10.com', '69183');
INSERT INTO `samples_company__worker` VALUES ('1294', '10', 'Worker 92', '1294', '2016-09-01', 'email92@company10.com', '69184');
INSERT INTO `samples_company__worker` VALUES ('1295', '10', 'Worker 93', '1295', '2016-09-01', 'email93@company10.com', '69185');
INSERT INTO `samples_company__worker` VALUES ('1296', '10', 'Worker 94', '1296', '2016-09-01', 'email94@company10.com', '69186');
INSERT INTO `samples_company__worker` VALUES ('1297', '10', 'Worker 95', '1297', '2016-09-01', 'email95@company10.com', '69187');
INSERT INTO `samples_company__worker` VALUES ('1298', '10', 'Worker 96', '1298', '2016-09-01', 'email96@company10.com', '69188');
INSERT INTO `samples_company__worker` VALUES ('1299', '10', 'Worker 97', '1299', '2016-09-01', 'email97@company10.com', '69189');
INSERT INTO `samples_company__worker` VALUES ('1300', '10', 'Worker 98', '1300', '2016-09-01', 'email98@company10.com', '69190');
INSERT INTO `samples_company__worker` VALUES ('1301', '10', 'Worker 99', '1301', '2016-09-01', 'email99@company10.com', '69191');
INSERT INTO `samples_company__worker` VALUES ('1302', '10', 'Worker 100', '1302', '2016-09-01', 'email100@company10.com', '69192');
INSERT INTO `samples_company__worker` VALUES ('1303', '10', 'Worker 101', '1303', '2016-09-01', 'email101@company10.com', '69193');
INSERT INTO `samples_company__worker` VALUES ('1304', '10', 'Worker 102', '1304', '2016-09-01', 'email102@company10.com', '69194');
INSERT INTO `samples_company__worker` VALUES ('1305', '10', 'Worker 103', '1305', '2016-09-01', 'email103@company10.com', '69195');
INSERT INTO `samples_company__worker` VALUES ('1306', '10', 'Worker 104', '1306', '2016-09-01', 'email104@company10.com', '69196');
INSERT INTO `samples_company__worker` VALUES ('1307', '10', 'Worker 105', '1307', '2016-09-01', 'email105@company10.com', '69197');
INSERT INTO `samples_company__worker` VALUES ('1308', '10', 'Worker 106', '1308', '2016-09-01', 'email106@company10.com', '69198');
INSERT INTO `samples_company__worker` VALUES ('1309', '10', 'Worker 107', '1309', '2016-09-01', 'email107@company10.com', '69199');
INSERT INTO `samples_company__worker` VALUES ('1310', '10', 'Worker 108', '1310', '2016-09-01', 'email108@company10.com', '69200');
INSERT INTO `samples_company__worker` VALUES ('1311', '10', 'Worker 109', '1311', '2016-09-01', 'email109@company10.com', '69201');
INSERT INTO `samples_company__worker` VALUES ('1312', '10', 'Worker 110', '1312', '2016-09-01', 'email110@company10.com', '69202');
INSERT INTO `samples_company__worker` VALUES ('1313', '10', 'Worker 111', '1313', '2016-09-01', 'email111@company10.com', '69203');
INSERT INTO `samples_company__worker` VALUES ('1314', '10', 'Worker 112', '1314', '2016-09-01', 'email112@company10.com', '69204');
INSERT INTO `samples_company__worker` VALUES ('1315', '10', 'Worker 113', '1315', '2016-09-01', 'email113@company10.com', '69205');
INSERT INTO `samples_company__worker` VALUES ('1316', '10', 'Worker 114', '1316', '2016-09-01', 'email114@company10.com', '69206');
INSERT INTO `samples_company__worker` VALUES ('1317', '10', 'Worker 115', '1317', '2016-09-01', 'email115@company10.com', '69207');
INSERT INTO `samples_company__worker` VALUES ('1318', '10', 'Worker 116', '1318', '2016-09-01', 'email116@company10.com', '69208');
INSERT INTO `samples_company__worker` VALUES ('1319', '10', 'Worker 117', '1319', '2016-09-01', 'email117@company10.com', '69209');
INSERT INTO `samples_company__worker` VALUES ('1320', '10', 'Worker 118', '1320', '2016-09-01', 'email118@company10.com', '69210');
INSERT INTO `samples_company__worker` VALUES ('1321', '10', 'Worker 119', '1321', '2016-09-01', 'email119@company10.com', '69211');
INSERT INTO `samples_company__worker` VALUES ('1322', '10', 'Worker 120', '1322', '2016-09-01', 'email120@company10.com', '69212');
INSERT INTO `samples_company__worker` VALUES ('1323', '10', 'Worker 121', '1323', '2016-09-01', 'email121@company10.com', '69213');
INSERT INTO `samples_company__worker` VALUES ('1324', '10', 'Worker 122', '1324', '2016-09-01', 'email122@company10.com', '69214');
INSERT INTO `samples_company__worker` VALUES ('1325', '10', 'Worker 123', '1325', '2016-09-01', 'email123@company10.com', '69215');
INSERT INTO `samples_company__worker` VALUES ('1326', '10', 'Worker 124', '1326', '2016-09-01', 'email124@company10.com', '69216');
INSERT INTO `samples_company__worker` VALUES ('1327', '10', 'Worker 125', '1327', '2016-09-01', 'email125@company10.com', '69217');
INSERT INTO `samples_company__worker` VALUES ('1328', '10', 'Worker 126', '1328', '2016-09-01', 'email126@company10.com', '69218');
INSERT INTO `samples_company__worker` VALUES ('1329', '10', 'Worker 127', '1329', '2016-09-01', 'email127@company10.com', '69219');
INSERT INTO `samples_company__worker` VALUES ('1330', '10', 'Worker 128', '1330', '2016-09-01', 'email128@company10.com', '69220');
INSERT INTO `samples_company__worker` VALUES ('1331', '10', 'Worker 129', '1331', '2016-09-01', 'email129@company10.com', '69221');
INSERT INTO `samples_company__worker` VALUES ('1332', '10', 'Worker 130', '1332', '2016-09-01', 'email130@company10.com', '69222');
INSERT INTO `samples_company__worker` VALUES ('1333', '10', 'Worker 131', '1333', '2016-09-01', 'email131@company10.com', '69223');
INSERT INTO `samples_company__worker` VALUES ('1334', '10', 'Worker 132', '1334', '2016-09-01', 'email132@company10.com', '69224');
INSERT INTO `samples_company__worker` VALUES ('1335', '10', 'Worker 133', '1335', '2016-09-01', 'email133@company10.com', '69225');
INSERT INTO `samples_company__worker` VALUES ('1336', '10', 'Worker 134', '1336', '2016-09-01', 'email134@company10.com', '69226');
INSERT INTO `samples_company__worker` VALUES ('1337', '10', 'Worker 135', '1337', '2016-09-01', 'email135@company10.com', '69227');
INSERT INTO `samples_company__worker` VALUES ('1338', '10', 'Worker 136', '1338', '2016-09-01', 'email136@company10.com', '69228');
INSERT INTO `samples_company__worker` VALUES ('1339', '10', 'Worker 137', '1339', '2016-09-01', 'email137@company10.com', '69229');
INSERT INTO `samples_company__worker` VALUES ('1340', '10', 'Worker 138', '1340', '2016-09-01', 'email138@company10.com', '69230');
INSERT INTO `samples_company__worker` VALUES ('1341', '10', 'Worker 139', '1341', '2016-09-01', 'email139@company10.com', '69231');
INSERT INTO `samples_company__worker` VALUES ('1342', '10', 'Worker 140', '1342', '2016-09-01', 'email140@company10.com', '69232');
INSERT INTO `samples_company__worker` VALUES ('1343', '10', 'Worker 141', '1343', '2016-09-01', 'email141@company10.com', '69233');
INSERT INTO `samples_company__worker` VALUES ('1344', '10', 'Worker 142', '1344', '2016-09-01', 'email142@company10.com', '69234');
INSERT INTO `samples_company__worker` VALUES ('1345', '10', 'Worker 143', '1345', '2016-09-01', 'email143@company10.com', '69235');
INSERT INTO `samples_company__worker` VALUES ('1346', '10', 'Worker 144', '1346', '2016-09-01', 'email144@company10.com', '69236');
INSERT INTO `samples_company__worker` VALUES ('1347', '10', 'Worker 145', '1347', '2016-09-01', 'email145@company10.com', '69237');
INSERT INTO `samples_company__worker` VALUES ('1348', '10', 'Worker 146', '1348', '2016-09-01', 'email146@company10.com', '69238');
INSERT INTO `samples_company__worker` VALUES ('1349', '10', 'Worker 147', '1349', '2016-09-01', 'email147@company10.com', '69239');
INSERT INTO `samples_company__worker` VALUES ('1350', '10', 'Worker 148', '1350', '2016-09-01', 'email148@company10.com', '69240');
INSERT INTO `samples_company__worker` VALUES ('1351', '10', 'Worker 149', '1351', '2016-09-01', 'email149@company10.com', '69241');
INSERT INTO `samples_company__worker` VALUES ('1352', '10', 'Worker 150', '1352', '2016-09-01', 'email150@company10.com', '69242');
INSERT INTO `samples_company__worker` VALUES ('1353', '10', 'Worker 151', '1353', '2016-09-01', 'email151@company10.com', '69243');
INSERT INTO `samples_company__worker` VALUES ('1354', '10', 'Worker 152', '1354', '2016-09-01', 'email152@company10.com', '69244');
INSERT INTO `samples_company__worker` VALUES ('1355', '10', 'Worker 153', '1355', '2016-09-01', 'email153@company10.com', '69245');
INSERT INTO `samples_company__worker` VALUES ('1356', '10', 'Worker 154', '1356', '2016-09-01', 'email154@company10.com', '69246');
INSERT INTO `samples_company__worker` VALUES ('1357', '10', 'Worker 155', '1357', '2016-09-01', 'email155@company10.com', '69247');
INSERT INTO `samples_company__worker` VALUES ('1358', '10', 'Worker 156', '1358', '2016-09-01', 'email156@company10.com', '69248');
INSERT INTO `samples_company__worker` VALUES ('1359', '10', 'Worker 157', '1359', '2016-09-01', 'email157@company10.com', '69249');
INSERT INTO `samples_company__worker` VALUES ('1360', '10', 'Worker 158', '1360', '2016-09-01', 'email158@company10.com', '69250');
INSERT INTO `samples_company__worker` VALUES ('1361', '10', 'Worker 159', '1361', '2016-09-01', 'email159@company10.com', '69251');
INSERT INTO `samples_company__worker` VALUES ('1362', '10', 'Worker 160', '1362', '2016-09-01', 'email160@company10.com', '69252');
INSERT INTO `samples_company__worker` VALUES ('1363', '10', 'Worker 161', '1363', '2016-09-01', 'email161@company10.com', '69253');
INSERT INTO `samples_company__worker` VALUES ('1364', '10', 'Worker 162', '1364', '2016-09-01', 'email162@company10.com', '69254');
INSERT INTO `samples_company__worker` VALUES ('1365', '10', 'Worker 163', '1365', '2016-09-01', 'email163@company10.com', '69255');
INSERT INTO `samples_company__worker` VALUES ('1366', '10', 'Worker 164', '1366', '2016-09-01', 'email164@company10.com', '69256');
INSERT INTO `samples_company__worker` VALUES ('1367', '10', 'Worker 165', '1367', '2016-09-01', 'email165@company10.com', '69257');
INSERT INTO `samples_company__worker` VALUES ('1368', '10', 'Worker 166', '1368', '2016-09-01', 'email166@company10.com', '69258');
INSERT INTO `samples_company__worker` VALUES ('1369', '10', 'Worker 167', '1369', '2016-09-01', 'email167@company10.com', '69259');
INSERT INTO `samples_company__worker` VALUES ('1370', '10', 'Worker 168', '1370', '2016-09-01', 'email168@company10.com', '69260');
INSERT INTO `samples_company__worker` VALUES ('1371', '10', 'Worker 169', '1371', '2016-09-01', 'email169@company10.com', '69261');
INSERT INTO `samples_company__worker` VALUES ('1372', '10', 'Worker 170', '1372', '2016-09-01', 'email170@company10.com', '69262');
INSERT INTO `samples_company__worker` VALUES ('1373', '10', 'Worker 171', '1373', '2016-09-01', 'email171@company10.com', '69263');
INSERT INTO `samples_company__worker` VALUES ('1374', '10', 'Worker 172', '1374', '2016-09-01', 'email172@company10.com', '69264');
INSERT INTO `samples_company__worker` VALUES ('1375', '10', 'Worker 173', '1375', '2016-09-01', 'email173@company10.com', '69265');
INSERT INTO `samples_company__worker` VALUES ('1376', '10', 'Worker 174', '1376', '2016-09-01', 'email174@company10.com', '69266');
INSERT INTO `samples_company__worker` VALUES ('1377', '10', 'Worker 175', '1377', '2016-09-01', 'email175@company10.com', '69267');
INSERT INTO `samples_company__worker` VALUES ('1378', '10', 'Worker 176', '1378', '2016-09-01', 'email176@company10.com', '69268');
INSERT INTO `samples_company__worker` VALUES ('1379', '10', 'Worker 177', '1379', '2016-09-01', 'email177@company10.com', '69269');
INSERT INTO `samples_company__worker` VALUES ('1380', '10', 'Worker 178', '1380', '2016-09-01', 'email178@company10.com', '69270');
INSERT INTO `samples_company__worker` VALUES ('1381', '10', 'Worker 179', '1381', '2016-09-01', 'email179@company10.com', '69271');
INSERT INTO `samples_company__worker` VALUES ('1382', '10', 'Worker 180', '1382', '2016-09-01', 'email180@company10.com', '69272');
INSERT INTO `samples_company__worker` VALUES ('1383', '10', 'Worker 181', '1383', '2016-09-01', 'email181@company10.com', '69273');
INSERT INTO `samples_company__worker` VALUES ('1384', '10', 'Worker 182', '1384', '2016-09-01', 'email182@company10.com', '69274');
INSERT INTO `samples_company__worker` VALUES ('1385', '10', 'Worker 183', '1385', '2016-09-01', 'email183@company10.com', '69275');
INSERT INTO `samples_company__worker` VALUES ('1386', '10', 'Worker 184', '1386', '2016-09-01', 'email184@company10.com', '69276');
INSERT INTO `samples_company__worker` VALUES ('1387', '10', 'Worker 185', '1387', '2016-09-01', 'email185@company10.com', '69277');
INSERT INTO `samples_company__worker` VALUES ('1388', '10', 'Worker 186', '1388', '2016-09-01', 'email186@company10.com', '69278');
INSERT INTO `samples_company__worker` VALUES ('1389', '10', 'Worker 187', '1389', '2016-09-01', 'email187@company10.com', '69279');
INSERT INTO `samples_company__worker` VALUES ('1390', '10', 'Worker 188', '1390', '2016-09-01', 'email188@company10.com', '69280');
INSERT INTO `samples_company__worker` VALUES ('1391', '10', 'Worker 189', '1391', '2016-09-01', 'email189@company10.com', '69281');
INSERT INTO `samples_company__worker` VALUES ('1392', '10', 'Worker 190', '1392', '2016-09-01', 'email190@company10.com', '69282');
INSERT INTO `samples_company__worker` VALUES ('1393', '10', 'Worker 191', '1393', '2016-09-01', 'email191@company10.com', '69283');
INSERT INTO `samples_company__worker` VALUES ('1394', '10', 'Worker 192', '1394', '2016-09-01', 'email192@company10.com', '69284');
INSERT INTO `samples_company__worker` VALUES ('1395', '10', 'Worker 193', '1395', '2016-09-01', 'email193@company10.com', '69285');
INSERT INTO `samples_company__worker` VALUES ('1396', '10', 'Worker 194', '1396', '2016-09-01', 'email194@company10.com', '69286');
INSERT INTO `samples_company__worker` VALUES ('1397', '10', 'Worker 195', '1397', '2016-09-01', 'email195@company10.com', '69287');
INSERT INTO `samples_company__worker` VALUES ('1398', '10', 'Worker 196', '1398', '2016-09-01', 'email196@company10.com', '69288');
INSERT INTO `samples_company__worker` VALUES ('1399', '10', 'Worker 197', '1399', '2016-09-01', 'email197@company10.com', '69289');
INSERT INTO `samples_company__worker` VALUES ('1400', '10', 'Worker 198', '1400', '2016-09-01', 'email198@company10.com', '69290');
INSERT INTO `samples_company__worker` VALUES ('1401', '10', 'Worker 199', '1401', '2016-09-01', 'email199@company10.com', '69291');
INSERT INTO `samples_company__worker` VALUES ('1402', '10', 'Worker 200', '1402', '2016-09-01', 'email200@company10.com', '69292');
INSERT INTO `samples_company__worker` VALUES ('1603', '12', 'Worker 1', '1603', '2016-09-01', 'email1@company12.com', '69493');
INSERT INTO `samples_company__worker` VALUES ('1604', '12', 'Worker 2', '1604', '2016-09-01', 'email2@company12.com', '69494');
INSERT INTO `samples_company__worker` VALUES ('1605', '12', 'Worker 3', '1605', '2016-09-01', 'email3@company12.com', '69495');
INSERT INTO `samples_company__worker` VALUES ('1606', '12', 'Worker 4', '1606', '2016-09-01', 'email4@company12.com', '69496');
INSERT INTO `samples_company__worker` VALUES ('1607', '12', 'Worker 5', '1607', '2016-09-01', 'email5@company12.com', '69497');
INSERT INTO `samples_company__worker` VALUES ('1608', '12', 'Worker 6', '1608', '2016-09-01', 'email6@company12.com', '69498');
INSERT INTO `samples_company__worker` VALUES ('1609', '12', 'Worker 7', '1609', '2016-09-01', 'email7@company12.com', '69499');
INSERT INTO `samples_company__worker` VALUES ('1610', '12', 'Worker 8', '1610', '2016-09-01', 'email8@company12.com', '69500');
INSERT INTO `samples_company__worker` VALUES ('1611', '12', 'Worker 9', '1611', '2016-09-01', 'email9@company12.com', '69501');
INSERT INTO `samples_company__worker` VALUES ('1612', '12', 'Worker 10', '1612', '2016-09-01', 'email10@company12.com', '69502');
INSERT INTO `samples_company__worker` VALUES ('1613', '12', 'Worker 11', '1613', '2016-09-01', 'email11@company12.com', '69503');
INSERT INTO `samples_company__worker` VALUES ('1614', '12', 'Worker 12', '1614', '2016-09-01', 'email12@company12.com', '69504');
INSERT INTO `samples_company__worker` VALUES ('1615', '12', 'Worker 13', '1615', '2016-09-01', 'email13@company12.com', '69505');
INSERT INTO `samples_company__worker` VALUES ('1616', '12', 'Worker 14', '1616', '2016-09-01', 'email14@company12.com', '69506');
INSERT INTO `samples_company__worker` VALUES ('1617', '12', 'Worker 15', '1617', '2016-09-01', 'email15@company12.com', '69507');
INSERT INTO `samples_company__worker` VALUES ('1618', '12', 'Worker 16', '1618', '2016-09-01', 'email16@company12.com', '69508');
INSERT INTO `samples_company__worker` VALUES ('1619', '12', 'Worker 17', '1619', '2016-09-01', 'email17@company12.com', '69509');
INSERT INTO `samples_company__worker` VALUES ('1620', '12', 'Worker 18', '1620', '2016-09-01', 'email18@company12.com', '69510');
INSERT INTO `samples_company__worker` VALUES ('1621', '12', 'Worker 19', '1621', '2016-09-01', 'email19@company12.com', '69511');
INSERT INTO `samples_company__worker` VALUES ('1622', '12', 'Worker 20', '1622', '2016-09-01', 'email20@company12.com', '69512');
INSERT INTO `samples_company__worker` VALUES ('1623', '12', 'Worker 21', '1623', '2016-09-01', 'email21@company12.com', '69513');
INSERT INTO `samples_company__worker` VALUES ('1624', '12', 'Worker 22', '1624', '2016-09-01', 'email22@company12.com', '69514');
INSERT INTO `samples_company__worker` VALUES ('1625', '12', 'Worker 23', '1625', '2016-09-01', 'email23@company12.com', '69515');
INSERT INTO `samples_company__worker` VALUES ('1626', '12', 'Worker 24', '1626', '2016-09-01', 'email24@company12.com', '69516');
INSERT INTO `samples_company__worker` VALUES ('1627', '12', 'Worker 25', '1627', '2016-09-01', 'email25@company12.com', '69517');
INSERT INTO `samples_company__worker` VALUES ('1628', '12', 'Worker 26', '1628', '2016-09-01', 'email26@company12.com', '69518');
INSERT INTO `samples_company__worker` VALUES ('1629', '12', 'Worker 27', '1629', '2016-09-01', 'email27@company12.com', '69519');
INSERT INTO `samples_company__worker` VALUES ('1630', '12', 'Worker 28', '1630', '2016-09-01', 'email28@company12.com', '69520');
INSERT INTO `samples_company__worker` VALUES ('1631', '12', 'Worker 29', '1631', '2016-09-01', 'email29@company12.com', '69521');
INSERT INTO `samples_company__worker` VALUES ('1632', '12', 'Worker 30', '1632', '2016-09-01', 'email30@company12.com', '69522');
INSERT INTO `samples_company__worker` VALUES ('1633', '12', 'Worker 31', '1633', '2016-09-01', 'email31@company12.com', '69523');
INSERT INTO `samples_company__worker` VALUES ('1634', '12', 'Worker 32', '1634', '2016-09-01', 'email32@company12.com', '69524');
INSERT INTO `samples_company__worker` VALUES ('1635', '12', 'Worker 33', '1635', '2016-09-01', 'email33@company12.com', '69525');
INSERT INTO `samples_company__worker` VALUES ('1636', '12', 'Worker 34', '1636', '2016-09-01', 'email34@company12.com', '69526');
INSERT INTO `samples_company__worker` VALUES ('1637', '12', 'Worker 35', '1637', '2016-09-01', 'email35@company12.com', '69527');
INSERT INTO `samples_company__worker` VALUES ('1638', '12', 'Worker 36', '1638', '2016-09-01', 'email36@company12.com', '69528');
INSERT INTO `samples_company__worker` VALUES ('1639', '12', 'Worker 37', '1639', '2016-09-01', 'email37@company12.com', '69529');
INSERT INTO `samples_company__worker` VALUES ('1640', '12', 'Worker 38', '1640', '2016-09-01', 'email38@company12.com', '69530');
INSERT INTO `samples_company__worker` VALUES ('1641', '12', 'Worker 39', '1641', '2016-09-01', 'email39@company12.com', '69531');
INSERT INTO `samples_company__worker` VALUES ('1642', '12', 'Worker 40', '1642', '2016-09-01', 'email40@company12.com', '69532');
INSERT INTO `samples_company__worker` VALUES ('1643', '12', 'Worker 41', '1643', '2016-09-01', 'email41@company12.com', '69533');
INSERT INTO `samples_company__worker` VALUES ('1644', '12', 'Worker 42', '1644', '2016-09-01', 'email42@company12.com', '69534');
INSERT INTO `samples_company__worker` VALUES ('1645', '12', 'Worker 43', '1645', '2016-09-01', 'email43@company12.com', '69535');
INSERT INTO `samples_company__worker` VALUES ('1646', '12', 'Worker 44', '1646', '2016-09-01', 'email44@company12.com', '69536');
INSERT INTO `samples_company__worker` VALUES ('1647', '12', 'Worker 45', '1647', '2016-09-01', 'email45@company12.com', '69537');
INSERT INTO `samples_company__worker` VALUES ('1648', '12', 'Worker 46', '1648', '2016-09-01', 'email46@company12.com', '69538');
INSERT INTO `samples_company__worker` VALUES ('1649', '12', 'Worker 47', '1649', '2016-09-01', 'email47@company12.com', '69539');
INSERT INTO `samples_company__worker` VALUES ('1650', '12', 'Worker 48', '1650', '2016-09-01', 'email48@company12.com', '69540');
INSERT INTO `samples_company__worker` VALUES ('1651', '12', 'Worker 49', '1651', '2016-09-01', 'email49@company12.com', '69541');
INSERT INTO `samples_company__worker` VALUES ('1652', '12', 'Worker 50', '1652', '2016-09-01', 'email50@company12.com', '69542');
INSERT INTO `samples_company__worker` VALUES ('1653', '12', 'Worker 51', '1653', '2016-09-01', 'email51@company12.com', '69543');
INSERT INTO `samples_company__worker` VALUES ('1654', '12', 'Worker 52', '1654', '2016-09-01', 'email52@company12.com', '69544');
INSERT INTO `samples_company__worker` VALUES ('1655', '12', 'Worker 53', '1655', '2016-09-01', 'email53@company12.com', '69545');
INSERT INTO `samples_company__worker` VALUES ('1656', '12', 'Worker 54', '1656', '2016-09-01', 'email54@company12.com', '69546');
INSERT INTO `samples_company__worker` VALUES ('1657', '12', 'Worker 55', '1657', '2016-09-01', 'email55@company12.com', '69547');
INSERT INTO `samples_company__worker` VALUES ('1658', '12', 'Worker 56', '1658', '2016-09-01', 'email56@company12.com', '69548');
INSERT INTO `samples_company__worker` VALUES ('1659', '12', 'Worker 57', '1659', '2016-09-01', 'email57@company12.com', '69549');
INSERT INTO `samples_company__worker` VALUES ('1660', '12', 'Worker 58', '1660', '2016-09-01', 'email58@company12.com', '69550');
INSERT INTO `samples_company__worker` VALUES ('1661', '12', 'Worker 59', '1661', '2016-09-01', 'email59@company12.com', '69551');
INSERT INTO `samples_company__worker` VALUES ('1662', '12', 'Worker 60', '1662', '2016-09-01', 'email60@company12.com', '69552');
INSERT INTO `samples_company__worker` VALUES ('1663', '12', 'Worker 61', '1663', '2016-09-01', 'email61@company12.com', '69553');
INSERT INTO `samples_company__worker` VALUES ('1664', '12', 'Worker 62', '1664', '2016-09-01', 'email62@company12.com', '69554');
INSERT INTO `samples_company__worker` VALUES ('1665', '12', 'Worker 63', '1665', '2016-09-01', 'email63@company12.com', '69555');
INSERT INTO `samples_company__worker` VALUES ('1666', '12', 'Worker 64', '1666', '2016-09-01', 'email64@company12.com', '69556');
INSERT INTO `samples_company__worker` VALUES ('1667', '12', 'Worker 65', '1667', '2016-09-01', 'email65@company12.com', '69557');
INSERT INTO `samples_company__worker` VALUES ('1668', '12', 'Worker 66', '1668', '2016-09-01', 'email66@company12.com', '69558');
INSERT INTO `samples_company__worker` VALUES ('1669', '12', 'Worker 67', '1669', '2016-09-01', 'email67@company12.com', '69559');
INSERT INTO `samples_company__worker` VALUES ('1670', '12', 'Worker 68', '1670', '2016-09-01', 'email68@company12.com', '69560');
INSERT INTO `samples_company__worker` VALUES ('1671', '12', 'Worker 69', '1671', '2016-09-01', 'email69@company12.com', '69561');
INSERT INTO `samples_company__worker` VALUES ('1672', '12', 'Worker 70', '1672', '2016-09-01', 'email70@company12.com', '69562');
INSERT INTO `samples_company__worker` VALUES ('1673', '12', 'Worker 71', '1673', '2016-09-01', 'email71@company12.com', '69563');
INSERT INTO `samples_company__worker` VALUES ('1674', '12', 'Worker 72', '1674', '2016-09-01', 'email72@company12.com', '69564');
INSERT INTO `samples_company__worker` VALUES ('1675', '12', 'Worker 73', '1675', '2016-09-01', 'email73@company12.com', '69565');
INSERT INTO `samples_company__worker` VALUES ('1676', '12', 'Worker 74', '1676', '2016-09-01', 'email74@company12.com', '69566');
INSERT INTO `samples_company__worker` VALUES ('1677', '12', 'Worker 75', '1677', '2016-09-01', 'email75@company12.com', '69567');
INSERT INTO `samples_company__worker` VALUES ('1678', '12', 'Worker 76', '1678', '2016-09-01', 'email76@company12.com', '69568');
INSERT INTO `samples_company__worker` VALUES ('1679', '12', 'Worker 77', '1679', '2016-09-01', 'email77@company12.com', '69569');
INSERT INTO `samples_company__worker` VALUES ('1680', '12', 'Worker 78', '1680', '2016-09-01', 'email78@company12.com', '69570');
INSERT INTO `samples_company__worker` VALUES ('1681', '12', 'Worker 79', '1681', '2016-09-01', 'email79@company12.com', '69571');
INSERT INTO `samples_company__worker` VALUES ('1682', '12', 'Worker 80', '1682', '2016-09-01', 'email80@company12.com', '69572');
INSERT INTO `samples_company__worker` VALUES ('1683', '12', 'Worker 81', '1683', '2016-09-01', 'email81@company12.com', '69573');
INSERT INTO `samples_company__worker` VALUES ('1684', '12', 'Worker 82', '1684', '2016-09-01', 'email82@company12.com', '69574');
INSERT INTO `samples_company__worker` VALUES ('1685', '12', 'Worker 83', '1685', '2016-09-01', 'email83@company12.com', '69575');
INSERT INTO `samples_company__worker` VALUES ('1686', '12', 'Worker 84', '1686', '2016-09-01', 'email84@company12.com', '69576');
INSERT INTO `samples_company__worker` VALUES ('1687', '12', 'Worker 85', '1687', '2016-09-01', 'email85@company12.com', '69577');
INSERT INTO `samples_company__worker` VALUES ('1688', '12', 'Worker 86', '1688', '2016-09-01', 'email86@company12.com', '69578');
INSERT INTO `samples_company__worker` VALUES ('1689', '12', 'Worker 87', '1689', '2016-09-01', 'email87@company12.com', '69579');
INSERT INTO `samples_company__worker` VALUES ('1690', '12', 'Worker 88', '1690', '2016-09-01', 'email88@company12.com', '69580');
INSERT INTO `samples_company__worker` VALUES ('1691', '12', 'Worker 89', '1691', '2016-09-01', 'email89@company12.com', '69581');
INSERT INTO `samples_company__worker` VALUES ('1692', '12', 'Worker 90', '1692', '2016-09-01', 'email90@company12.com', '69582');
INSERT INTO `samples_company__worker` VALUES ('1693', '12', 'Worker 91', '1693', '2016-09-01', 'email91@company12.com', '69583');
INSERT INTO `samples_company__worker` VALUES ('1694', '12', 'Worker 92', '1694', '2016-09-01', 'email92@company12.com', '69584');
INSERT INTO `samples_company__worker` VALUES ('1695', '12', 'Worker 93', '1695', '2016-09-01', 'email93@company12.com', '69585');
INSERT INTO `samples_company__worker` VALUES ('1696', '12', 'Worker 94', '1696', '2016-09-01', 'email94@company12.com', '69586');
INSERT INTO `samples_company__worker` VALUES ('1697', '12', 'Worker 95', '1697', '2016-09-01', 'email95@company12.com', '69587');
INSERT INTO `samples_company__worker` VALUES ('1698', '12', 'Worker 96', '1698', '2016-09-01', 'email96@company12.com', '69588');
INSERT INTO `samples_company__worker` VALUES ('1699', '12', 'Worker 97', '1699', '2016-09-01', 'email97@company12.com', '69589');
INSERT INTO `samples_company__worker` VALUES ('1700', '12', 'Worker 98', '1700', '2016-09-01', 'email98@company12.com', '69590');
INSERT INTO `samples_company__worker` VALUES ('1701', '12', 'Worker 99', '1701', '2016-09-01', 'email99@company12.com', '69591');
INSERT INTO `samples_company__worker` VALUES ('1702', '12', 'Worker 100', '1702', '2016-09-01', 'email100@company12.com', '69592');
INSERT INTO `samples_company__worker` VALUES ('1703', '12', 'Worker 101', '1703', '2016-09-01', 'email101@company12.com', '69593');
INSERT INTO `samples_company__worker` VALUES ('1704', '12', 'Worker 102', '1704', '2016-09-01', 'email102@company12.com', '69594');
INSERT INTO `samples_company__worker` VALUES ('1705', '12', 'Worker 103', '1705', '2016-09-01', 'email103@company12.com', '69595');
INSERT INTO `samples_company__worker` VALUES ('1706', '12', 'Worker 104', '1706', '2016-09-01', 'email104@company12.com', '69596');
INSERT INTO `samples_company__worker` VALUES ('1707', '12', 'Worker 105', '1707', '2016-09-01', 'email105@company12.com', '69597');
INSERT INTO `samples_company__worker` VALUES ('1708', '12', 'Worker 106', '1708', '2016-09-01', 'email106@company12.com', '69598');
INSERT INTO `samples_company__worker` VALUES ('1709', '12', 'Worker 107', '1709', '2016-09-01', 'email107@company12.com', '69599');
INSERT INTO `samples_company__worker` VALUES ('1710', '12', 'Worker 108', '1710', '2016-09-01', 'email108@company12.com', '69600');
INSERT INTO `samples_company__worker` VALUES ('1711', '12', 'Worker 109', '1711', '2016-09-01', 'email109@company12.com', '69601');
INSERT INTO `samples_company__worker` VALUES ('1712', '12', 'Worker 110', '1712', '2016-09-01', 'email110@company12.com', '69602');
INSERT INTO `samples_company__worker` VALUES ('1713', '12', 'Worker 111', '1713', '2016-09-01', 'email111@company12.com', '69603');
INSERT INTO `samples_company__worker` VALUES ('1714', '12', 'Worker 112', '1714', '2016-09-01', 'email112@company12.com', '69604');
INSERT INTO `samples_company__worker` VALUES ('1715', '12', 'Worker 113', '1715', '2016-09-01', 'email113@company12.com', '69605');
INSERT INTO `samples_company__worker` VALUES ('1716', '12', 'Worker 114', '1716', '2016-09-01', 'email114@company12.com', '69606');
INSERT INTO `samples_company__worker` VALUES ('1717', '12', 'Worker 115', '1717', '2016-09-01', 'email115@company12.com', '69607');
INSERT INTO `samples_company__worker` VALUES ('1718', '12', 'Worker 116', '1718', '2016-09-01', 'email116@company12.com', '69608');
INSERT INTO `samples_company__worker` VALUES ('1719', '12', 'Worker 117', '1719', '2016-09-01', 'email117@company12.com', '69609');
INSERT INTO `samples_company__worker` VALUES ('1720', '12', 'Worker 118', '1720', '2016-09-01', 'email118@company12.com', '69610');
INSERT INTO `samples_company__worker` VALUES ('1721', '12', 'Worker 119', '1721', '2016-09-01', 'email119@company12.com', '69611');
INSERT INTO `samples_company__worker` VALUES ('1722', '12', 'Worker 120', '1722', '2016-09-01', 'email120@company12.com', '69612');
INSERT INTO `samples_company__worker` VALUES ('1723', '12', 'Worker 121', '1723', '2016-09-01', 'email121@company12.com', '69613');
INSERT INTO `samples_company__worker` VALUES ('1724', '12', 'Worker 122', '1724', '2016-09-01', 'email122@company12.com', '69614');
INSERT INTO `samples_company__worker` VALUES ('1725', '12', 'Worker 123', '1725', '2016-09-01', 'email123@company12.com', '69615');
INSERT INTO `samples_company__worker` VALUES ('1726', '12', 'Worker 124', '1726', '2016-09-01', 'email124@company12.com', '69616');
INSERT INTO `samples_company__worker` VALUES ('1727', '12', 'Worker 125', '1727', '2016-09-01', 'email125@company12.com', '69617');
INSERT INTO `samples_company__worker` VALUES ('1728', '12', 'Worker 126', '1728', '2016-09-01', 'email126@company12.com', '69618');
INSERT INTO `samples_company__worker` VALUES ('1729', '12', 'Worker 127', '1729', '2016-09-01', 'email127@company12.com', '69619');
INSERT INTO `samples_company__worker` VALUES ('1730', '12', 'Worker 128', '1730', '2016-09-01', 'email128@company12.com', '69620');
INSERT INTO `samples_company__worker` VALUES ('1731', '12', 'Worker 129', '1731', '2016-09-01', 'email129@company12.com', '69621');
INSERT INTO `samples_company__worker` VALUES ('1732', '12', 'Worker 130', '1732', '2016-09-01', 'email130@company12.com', '69622');
INSERT INTO `samples_company__worker` VALUES ('1733', '12', 'Worker 131', '1733', '2016-09-01', 'email131@company12.com', '69623');
INSERT INTO `samples_company__worker` VALUES ('1734', '12', 'Worker 132', '1734', '2016-09-01', 'email132@company12.com', '69624');
INSERT INTO `samples_company__worker` VALUES ('1735', '12', 'Worker 133', '1735', '2016-09-01', 'email133@company12.com', '69625');
INSERT INTO `samples_company__worker` VALUES ('1736', '12', 'Worker 134', '1736', '2016-09-01', 'email134@company12.com', '69626');
INSERT INTO `samples_company__worker` VALUES ('1737', '12', 'Worker 135', '1737', '2016-09-01', 'email135@company12.com', '69627');
INSERT INTO `samples_company__worker` VALUES ('1738', '12', 'Worker 136', '1738', '2016-09-01', 'email136@company12.com', '69628');
INSERT INTO `samples_company__worker` VALUES ('1739', '12', 'Worker 137', '1739', '2016-09-01', 'email137@company12.com', '69629');
INSERT INTO `samples_company__worker` VALUES ('1740', '12', 'Worker 138', '1740', '2016-09-01', 'email138@company12.com', '69630');
INSERT INTO `samples_company__worker` VALUES ('1741', '12', 'Worker 139', '1741', '2016-09-01', 'email139@company12.com', '69631');
INSERT INTO `samples_company__worker` VALUES ('1742', '12', 'Worker 140', '1742', '2016-09-01', 'email140@company12.com', '69632');
INSERT INTO `samples_company__worker` VALUES ('1743', '12', 'Worker 141', '1743', '2016-09-01', 'email141@company12.com', '69633');
INSERT INTO `samples_company__worker` VALUES ('1744', '12', 'Worker 142', '1744', '2016-09-01', 'email142@company12.com', '69634');
INSERT INTO `samples_company__worker` VALUES ('1745', '12', 'Worker 143', '1745', '2016-09-01', 'email143@company12.com', '69635');
INSERT INTO `samples_company__worker` VALUES ('1746', '12', 'Worker 144', '1746', '2016-09-01', 'email144@company12.com', '69636');
INSERT INTO `samples_company__worker` VALUES ('1747', '12', 'Worker 145', '1747', '2016-09-01', 'email145@company12.com', '69637');
INSERT INTO `samples_company__worker` VALUES ('1748', '12', 'Worker 146', '1748', '2016-09-01', 'email146@company12.com', '69638');
INSERT INTO `samples_company__worker` VALUES ('1749', '12', 'Worker 147', '1749', '2016-09-01', 'email147@company12.com', '69639');
INSERT INTO `samples_company__worker` VALUES ('1750', '12', 'Worker 148', '1750', '2016-09-01', 'email148@company12.com', '69640');
INSERT INTO `samples_company__worker` VALUES ('1751', '12', 'Worker 149', '1751', '2016-09-01', 'email149@company12.com', '69641');
INSERT INTO `samples_company__worker` VALUES ('1752', '12', 'Worker 150', '1752', '2016-09-01', 'email150@company12.com', '69642');
INSERT INTO `samples_company__worker` VALUES ('1753', '12', 'Worker 151', '1753', '2016-09-01', 'email151@company12.com', '69643');
INSERT INTO `samples_company__worker` VALUES ('1754', '12', 'Worker 152', '1754', '2016-09-01', 'email152@company12.com', '69644');
INSERT INTO `samples_company__worker` VALUES ('1755', '12', 'Worker 153', '1755', '2016-09-01', 'email153@company12.com', '69645');
INSERT INTO `samples_company__worker` VALUES ('1756', '12', 'Worker 154', '1756', '2016-09-01', 'email154@company12.com', '69646');
INSERT INTO `samples_company__worker` VALUES ('1757', '12', 'Worker 155', '1757', '2016-09-01', 'email155@company12.com', '69647');
INSERT INTO `samples_company__worker` VALUES ('1758', '12', 'Worker 156', '1758', '2016-09-01', 'email156@company12.com', '69648');
INSERT INTO `samples_company__worker` VALUES ('1759', '12', 'Worker 157', '1759', '2016-09-01', 'email157@company12.com', '69649');
INSERT INTO `samples_company__worker` VALUES ('1760', '12', 'Worker 158', '1760', '2016-09-01', 'email158@company12.com', '69650');
INSERT INTO `samples_company__worker` VALUES ('1761', '12', 'Worker 159', '1761', '2016-09-01', 'email159@company12.com', '69651');
INSERT INTO `samples_company__worker` VALUES ('1762', '12', 'Worker 160', '1762', '2016-09-01', 'email160@company12.com', '69652');
INSERT INTO `samples_company__worker` VALUES ('1763', '12', 'Worker 161', '1763', '2016-09-01', 'email161@company12.com', '69653');
INSERT INTO `samples_company__worker` VALUES ('1764', '12', 'Worker 162', '1764', '2016-09-01', 'email162@company12.com', '69654');
INSERT INTO `samples_company__worker` VALUES ('1765', '12', 'Worker 163', '1765', '2016-09-01', 'email163@company12.com', '69655');
INSERT INTO `samples_company__worker` VALUES ('1766', '12', 'Worker 164', '1766', '2016-09-01', 'email164@company12.com', '69656');
INSERT INTO `samples_company__worker` VALUES ('1767', '12', 'Worker 165', '1767', '2016-09-01', 'email165@company12.com', '69657');
INSERT INTO `samples_company__worker` VALUES ('1768', '12', 'Worker 166', '1768', '2016-09-01', 'email166@company12.com', '69658');
INSERT INTO `samples_company__worker` VALUES ('1769', '12', 'Worker 167', '1769', '2016-09-01', 'email167@company12.com', '69659');
INSERT INTO `samples_company__worker` VALUES ('1770', '12', 'Worker 168', '1770', '2016-09-01', 'email168@company12.com', '69660');
INSERT INTO `samples_company__worker` VALUES ('1771', '12', 'Worker 169', '1771', '2016-09-01', 'email169@company12.com', '69661');
INSERT INTO `samples_company__worker` VALUES ('1772', '12', 'Worker 170', '1772', '2016-09-01', 'email170@company12.com', '69662');
INSERT INTO `samples_company__worker` VALUES ('1773', '12', 'Worker 171', '1773', '2016-09-01', 'email171@company12.com', '69663');
INSERT INTO `samples_company__worker` VALUES ('1774', '12', 'Worker 172', '1774', '2016-09-01', 'email172@company12.com', '69664');
INSERT INTO `samples_company__worker` VALUES ('1775', '12', 'Worker 173', '1775', '2016-09-01', 'email173@company12.com', '69665');
INSERT INTO `samples_company__worker` VALUES ('1776', '12', 'Worker 174', '1776', '2016-09-01', 'email174@company12.com', '69666');
INSERT INTO `samples_company__worker` VALUES ('1777', '12', 'Worker 175', '1777', '2016-09-01', 'email175@company12.com', '69667');
INSERT INTO `samples_company__worker` VALUES ('1778', '12', 'Worker 176', '1778', '2016-09-01', 'email176@company12.com', '69668');
INSERT INTO `samples_company__worker` VALUES ('1779', '12', 'Worker 177', '1779', '2016-09-01', 'email177@company12.com', '69669');
INSERT INTO `samples_company__worker` VALUES ('1780', '12', 'Worker 178', '1780', '2016-09-01', 'email178@company12.com', '69670');
INSERT INTO `samples_company__worker` VALUES ('1781', '12', 'Worker 179', '1781', '2016-09-01', 'email179@company12.com', '69671');
INSERT INTO `samples_company__worker` VALUES ('1782', '12', 'Worker 180', '1782', '2016-09-01', 'email180@company12.com', '69672');
INSERT INTO `samples_company__worker` VALUES ('1783', '12', 'Worker 181', '1783', '2016-09-01', 'email181@company12.com', '69673');
INSERT INTO `samples_company__worker` VALUES ('1784', '12', 'Worker 182', '1784', '2016-09-01', 'email182@company12.com', '69674');
INSERT INTO `samples_company__worker` VALUES ('1785', '12', 'Worker 183', '1785', '2016-09-01', 'email183@company12.com', '69675');
INSERT INTO `samples_company__worker` VALUES ('1786', '12', 'Worker 184', '1786', '2016-09-01', 'email184@company12.com', '69676');
INSERT INTO `samples_company__worker` VALUES ('1787', '12', 'Worker 185', '1787', '2016-09-01', 'email185@company12.com', '69677');
INSERT INTO `samples_company__worker` VALUES ('1788', '12', 'Worker 186', '1788', '2016-09-01', 'email186@company12.com', '69678');
INSERT INTO `samples_company__worker` VALUES ('1789', '12', 'Worker 187', '1789', '2016-09-01', 'email187@company12.com', '69679');
INSERT INTO `samples_company__worker` VALUES ('1790', '12', 'Worker 188', '1790', '2016-09-01', 'email188@company12.com', '69680');
INSERT INTO `samples_company__worker` VALUES ('1791', '12', 'Worker 189', '1791', '2016-09-01', 'email189@company12.com', '69681');
INSERT INTO `samples_company__worker` VALUES ('1792', '12', 'Worker 190', '1792', '2016-09-01', 'email190@company12.com', '69682');
INSERT INTO `samples_company__worker` VALUES ('1793', '12', 'Worker 191', '1793', '2016-09-01', 'email191@company12.com', '69683');
INSERT INTO `samples_company__worker` VALUES ('1794', '12', 'Worker 192', '1794', '2016-09-01', 'email192@company12.com', '69684');
INSERT INTO `samples_company__worker` VALUES ('1795', '12', 'Worker 193', '1795', '2016-09-01', 'email193@company12.com', '69685');
INSERT INTO `samples_company__worker` VALUES ('1796', '12', 'Worker 194', '1796', '2016-09-01', 'email194@company12.com', '69686');
INSERT INTO `samples_company__worker` VALUES ('1797', '12', 'Worker 195', '1797', '2016-09-01', 'email195@company12.com', '69687');
INSERT INTO `samples_company__worker` VALUES ('1798', '12', 'Worker 196', '1798', '2016-09-01', 'email196@company12.com', '69688');
INSERT INTO `samples_company__worker` VALUES ('1799', '12', 'Worker 197', '1799', '2016-09-01', 'email197@company12.com', '69689');
INSERT INTO `samples_company__worker` VALUES ('1800', '12', 'Worker 198', '1800', '2016-09-01', 'email198@company12.com', '69690');
INSERT INTO `samples_company__worker` VALUES ('1801', '12', 'Worker 199', '1801', '2016-09-01', 'email199@company12.com', '69691');
INSERT INTO `samples_company__worker` VALUES ('1802', '12', 'Worker 200', '1802', '2016-09-01', 'email200@company12.com', '69692');
INSERT INTO `samples_company__worker` VALUES ('1803', '13', 'Worker 1', '1803', '2016-09-01', 'email1@company13.com', '69693');
INSERT INTO `samples_company__worker` VALUES ('1804', '13', 'Worker 2', '1804', '2016-09-01', 'email2@company13.com', '69694');
INSERT INTO `samples_company__worker` VALUES ('1805', '13', 'Worker 3', '1805', '2016-09-01', 'email3@company13.com', '69695');
INSERT INTO `samples_company__worker` VALUES ('1806', '13', 'Worker 4', '1806', '2016-09-01', 'email4@company13.com', '69696');
INSERT INTO `samples_company__worker` VALUES ('1807', '13', 'Worker 5', '1807', '2016-09-01', 'email5@company13.com', '69697');
INSERT INTO `samples_company__worker` VALUES ('1808', '13', 'Worker 6', '1808', '2016-09-01', 'email6@company13.com', '69698');
INSERT INTO `samples_company__worker` VALUES ('1809', '13', 'Worker 7', '1809', '2016-09-01', 'email7@company13.com', '69699');
INSERT INTO `samples_company__worker` VALUES ('1810', '13', 'Worker 8', '1810', '2016-09-01', 'email8@company13.com', '69700');
INSERT INTO `samples_company__worker` VALUES ('1811', '13', 'Worker 9', '1811', '2016-09-01', 'email9@company13.com', '69701');
INSERT INTO `samples_company__worker` VALUES ('1812', '13', 'Worker 10', '1812', '2016-09-01', 'email10@company13.com', '69702');
INSERT INTO `samples_company__worker` VALUES ('1813', '13', 'Worker 11', '1813', '2016-09-01', 'email11@company13.com', '69703');
INSERT INTO `samples_company__worker` VALUES ('1814', '13', 'Worker 12', '1814', '2016-09-01', 'email12@company13.com', '69704');
INSERT INTO `samples_company__worker` VALUES ('1815', '13', 'Worker 13', '1815', '2016-09-01', 'email13@company13.com', '69705');
INSERT INTO `samples_company__worker` VALUES ('1816', '13', 'Worker 14', '1816', '2016-09-01', 'email14@company13.com', '69706');
INSERT INTO `samples_company__worker` VALUES ('1817', '13', 'Worker 15', '1817', '2016-09-01', 'email15@company13.com', '69707');
INSERT INTO `samples_company__worker` VALUES ('1818', '13', 'Worker 16', '1818', '2016-09-01', 'email16@company13.com', '69708');
INSERT INTO `samples_company__worker` VALUES ('1819', '13', 'Worker 17', '1819', '2016-09-01', 'email17@company13.com', '69709');
INSERT INTO `samples_company__worker` VALUES ('1820', '13', 'Worker 18', '1820', '2016-09-01', 'email18@company13.com', '69710');
INSERT INTO `samples_company__worker` VALUES ('1821', '13', 'Worker 19', '1821', '2016-09-01', 'email19@company13.com', '69711');
INSERT INTO `samples_company__worker` VALUES ('1822', '13', 'Worker 20', '1822', '2016-09-01', 'email20@company13.com', '69712');
INSERT INTO `samples_company__worker` VALUES ('1823', '13', 'Worker 21', '1823', '2016-09-01', 'email21@company13.com', '69713');
INSERT INTO `samples_company__worker` VALUES ('1824', '13', 'Worker 22', '1824', '2016-09-01', 'email22@company13.com', '69714');
INSERT INTO `samples_company__worker` VALUES ('1825', '13', 'Worker 23', '1825', '2016-09-01', 'email23@company13.com', '69715');
INSERT INTO `samples_company__worker` VALUES ('1826', '13', 'Worker 24', '1826', '2016-09-01', 'email24@company13.com', '69716');
INSERT INTO `samples_company__worker` VALUES ('1827', '13', 'Worker 25', '1827', '2016-09-01', 'email25@company13.com', '69717');
INSERT INTO `samples_company__worker` VALUES ('1828', '13', 'Worker 26', '1828', '2016-09-01', 'email26@company13.com', '69718');
INSERT INTO `samples_company__worker` VALUES ('1829', '13', 'Worker 27', '1829', '2016-09-01', 'email27@company13.com', '69719');
INSERT INTO `samples_company__worker` VALUES ('1830', '13', 'Worker 28', '1830', '2016-09-01', 'email28@company13.com', '69720');
INSERT INTO `samples_company__worker` VALUES ('1831', '13', 'Worker 29', '1831', '2016-09-01', 'email29@company13.com', '69721');
INSERT INTO `samples_company__worker` VALUES ('1832', '13', 'Worker 30', '1832', '2016-09-01', 'email30@company13.com', '69722');
INSERT INTO `samples_company__worker` VALUES ('1833', '13', 'Worker 31', '1833', '2016-09-01', 'email31@company13.com', '69723');
INSERT INTO `samples_company__worker` VALUES ('1834', '13', 'Worker 32', '1834', '2016-09-01', 'email32@company13.com', '69724');
INSERT INTO `samples_company__worker` VALUES ('1835', '13', 'Worker 33', '1835', '2016-09-01', 'email33@company13.com', '69725');
INSERT INTO `samples_company__worker` VALUES ('1836', '13', 'Worker 34', '1836', '2016-09-01', 'email34@company13.com', '69726');
INSERT INTO `samples_company__worker` VALUES ('1837', '13', 'Worker 35', '1837', '2016-09-01', 'email35@company13.com', '69727');
INSERT INTO `samples_company__worker` VALUES ('1838', '13', 'Worker 36', '1838', '2016-09-01', 'email36@company13.com', '69728');
INSERT INTO `samples_company__worker` VALUES ('1839', '13', 'Worker 37', '1839', '2016-09-01', 'email37@company13.com', '69729');
INSERT INTO `samples_company__worker` VALUES ('1840', '13', 'Worker 38', '1840', '2016-09-01', 'email38@company13.com', '69730');
INSERT INTO `samples_company__worker` VALUES ('1841', '13', 'Worker 39', '1841', '2016-09-01', 'email39@company13.com', '69731');
INSERT INTO `samples_company__worker` VALUES ('1842', '13', 'Worker 40', '1842', '2016-09-01', 'email40@company13.com', '69732');
INSERT INTO `samples_company__worker` VALUES ('1843', '13', 'Worker 41', '1843', '2016-09-01', 'email41@company13.com', '69733');
INSERT INTO `samples_company__worker` VALUES ('1844', '13', 'Worker 42', '1844', '2016-09-01', 'email42@company13.com', '69734');
INSERT INTO `samples_company__worker` VALUES ('1845', '13', 'Worker 43', '1845', '2016-09-01', 'email43@company13.com', '69735');
INSERT INTO `samples_company__worker` VALUES ('1846', '13', 'Worker 44', '1846', '2016-09-01', 'email44@company13.com', '69736');
INSERT INTO `samples_company__worker` VALUES ('1847', '13', 'Worker 45', '1847', '2016-09-01', 'email45@company13.com', '69737');
INSERT INTO `samples_company__worker` VALUES ('1848', '13', 'Worker 46', '1848', '2016-09-01', 'email46@company13.com', '69738');
INSERT INTO `samples_company__worker` VALUES ('1849', '13', 'Worker 47', '1849', '2016-09-01', 'email47@company13.com', '69739');
INSERT INTO `samples_company__worker` VALUES ('1850', '13', 'Worker 48', '1850', '2016-09-01', 'email48@company13.com', '69740');
INSERT INTO `samples_company__worker` VALUES ('1851', '13', 'Worker 49', '1851', '2016-09-01', 'email49@company13.com', '69741');
INSERT INTO `samples_company__worker` VALUES ('1852', '13', 'Worker 50', '1852', '2016-09-01', 'email50@company13.com', '69742');
INSERT INTO `samples_company__worker` VALUES ('1853', '13', 'Worker 51', '1853', '2016-09-01', 'email51@company13.com', '69743');
INSERT INTO `samples_company__worker` VALUES ('1854', '13', 'Worker 52', '1854', '2016-09-01', 'email52@company13.com', '69744');
INSERT INTO `samples_company__worker` VALUES ('1855', '13', 'Worker 53', '1855', '2016-09-01', 'email53@company13.com', '69745');
INSERT INTO `samples_company__worker` VALUES ('1856', '13', 'Worker 54', '1856', '2016-09-01', 'email54@company13.com', '69746');
INSERT INTO `samples_company__worker` VALUES ('1857', '13', 'Worker 55', '1857', '2016-09-01', 'email55@company13.com', '69747');
INSERT INTO `samples_company__worker` VALUES ('1858', '13', 'Worker 56', '1858', '2016-09-01', 'email56@company13.com', '69748');
INSERT INTO `samples_company__worker` VALUES ('1859', '13', 'Worker 57', '1859', '2016-09-01', 'email57@company13.com', '69749');
INSERT INTO `samples_company__worker` VALUES ('1860', '13', 'Worker 58', '1860', '2016-09-01', 'email58@company13.com', '69750');
INSERT INTO `samples_company__worker` VALUES ('1861', '13', 'Worker 59', '1861', '2016-09-01', 'email59@company13.com', '69751');
INSERT INTO `samples_company__worker` VALUES ('1862', '13', 'Worker 60', '1862', '2016-09-01', 'email60@company13.com', '69752');
INSERT INTO `samples_company__worker` VALUES ('1863', '13', 'Worker 61', '1863', '2016-09-01', 'email61@company13.com', '69753');
INSERT INTO `samples_company__worker` VALUES ('1864', '13', 'Worker 62', '1864', '2016-09-01', 'email62@company13.com', '69754');
INSERT INTO `samples_company__worker` VALUES ('1865', '13', 'Worker 63', '1865', '2016-09-01', 'email63@company13.com', '69755');
INSERT INTO `samples_company__worker` VALUES ('1866', '13', 'Worker 64', '1866', '2016-09-01', 'email64@company13.com', '69756');
INSERT INTO `samples_company__worker` VALUES ('1867', '13', 'Worker 65', '1867', '2016-09-01', 'email65@company13.com', '69757');
INSERT INTO `samples_company__worker` VALUES ('1868', '13', 'Worker 66', '1868', '2016-09-01', 'email66@company13.com', '69758');
INSERT INTO `samples_company__worker` VALUES ('1869', '13', 'Worker 67', '1869', '2016-09-01', 'email67@company13.com', '69759');
INSERT INTO `samples_company__worker` VALUES ('1870', '13', 'Worker 68', '1870', '2016-09-01', 'email68@company13.com', '69760');
INSERT INTO `samples_company__worker` VALUES ('1871', '13', 'Worker 69', '1871', '2016-09-01', 'email69@company13.com', '69761');
INSERT INTO `samples_company__worker` VALUES ('1872', '13', 'Worker 70', '1872', '2016-09-01', 'email70@company13.com', '69762');
INSERT INTO `samples_company__worker` VALUES ('1873', '13', 'Worker 71', '1873', '2016-09-01', 'email71@company13.com', '69763');
INSERT INTO `samples_company__worker` VALUES ('1874', '13', 'Worker 72', '1874', '2016-09-01', 'email72@company13.com', '69764');
INSERT INTO `samples_company__worker` VALUES ('1875', '13', 'Worker 73', '1875', '2016-09-01', 'email73@company13.com', '69765');
INSERT INTO `samples_company__worker` VALUES ('1876', '13', 'Worker 74', '1876', '2016-09-01', 'email74@company13.com', '69766');
INSERT INTO `samples_company__worker` VALUES ('1877', '13', 'Worker 75', '1877', '2016-09-01', 'email75@company13.com', '69767');
INSERT INTO `samples_company__worker` VALUES ('1878', '13', 'Worker 76', '1878', '2016-09-01', 'email76@company13.com', '69768');
INSERT INTO `samples_company__worker` VALUES ('1879', '13', 'Worker 77', '1879', '2016-09-01', 'email77@company13.com', '69769');
INSERT INTO `samples_company__worker` VALUES ('1880', '13', 'Worker 78', '1880', '2016-09-01', 'email78@company13.com', '69770');
INSERT INTO `samples_company__worker` VALUES ('1881', '13', 'Worker 79', '1881', '2016-09-01', 'email79@company13.com', '69771');
INSERT INTO `samples_company__worker` VALUES ('1882', '13', 'Worker 80', '1882', '2016-09-01', 'email80@company13.com', '69772');
INSERT INTO `samples_company__worker` VALUES ('1883', '13', 'Worker 81', '1883', '2016-09-01', 'email81@company13.com', '69773');
INSERT INTO `samples_company__worker` VALUES ('1884', '13', 'Worker 82', '1884', '2016-09-01', 'email82@company13.com', '69774');
INSERT INTO `samples_company__worker` VALUES ('1885', '13', 'Worker 83', '1885', '2016-09-01', 'email83@company13.com', '69775');
INSERT INTO `samples_company__worker` VALUES ('1886', '13', 'Worker 84', '1886', '2016-09-01', 'email84@company13.com', '69776');
INSERT INTO `samples_company__worker` VALUES ('1887', '13', 'Worker 85', '1887', '2016-09-01', 'email85@company13.com', '69777');
INSERT INTO `samples_company__worker` VALUES ('1888', '13', 'Worker 86', '1888', '2016-09-01', 'email86@company13.com', '69778');
INSERT INTO `samples_company__worker` VALUES ('1889', '13', 'Worker 87', '1889', '2016-09-01', 'email87@company13.com', '69779');
INSERT INTO `samples_company__worker` VALUES ('1890', '13', 'Worker 88', '1890', '2016-09-01', 'email88@company13.com', '69780');
INSERT INTO `samples_company__worker` VALUES ('1891', '13', 'Worker 89', '1891', '2016-09-01', 'email89@company13.com', '69781');
INSERT INTO `samples_company__worker` VALUES ('1892', '13', 'Worker 90', '1892', '2016-09-01', 'email90@company13.com', '69782');
INSERT INTO `samples_company__worker` VALUES ('1893', '13', 'Worker 91', '1893', '2016-09-01', 'email91@company13.com', '69783');
INSERT INTO `samples_company__worker` VALUES ('1894', '13', 'Worker 92', '1894', '2016-09-01', 'email92@company13.com', '69784');
INSERT INTO `samples_company__worker` VALUES ('1895', '13', 'Worker 93', '1895', '2016-09-01', 'email93@company13.com', '69785');
INSERT INTO `samples_company__worker` VALUES ('1896', '13', 'Worker 94', '1896', '2016-09-01', 'email94@company13.com', '69786');
INSERT INTO `samples_company__worker` VALUES ('1897', '13', 'Worker 95', '1897', '2016-09-01', 'email95@company13.com', '69787');
INSERT INTO `samples_company__worker` VALUES ('1898', '13', 'Worker 96', '1898', '2016-09-01', 'email96@company13.com', '69788');
INSERT INTO `samples_company__worker` VALUES ('1899', '13', 'Worker 97', '1899', '2016-09-01', 'email97@company13.com', '69789');
INSERT INTO `samples_company__worker` VALUES ('1900', '13', 'Worker 98', '1900', '2016-09-01', 'email98@company13.com', '69790');
INSERT INTO `samples_company__worker` VALUES ('1901', '13', 'Worker 99', '1901', '2016-09-01', 'email99@company13.com', '69791');
INSERT INTO `samples_company__worker` VALUES ('1902', '13', 'Worker 100', '1902', '2016-09-01', 'email100@company13.com', '69792');
INSERT INTO `samples_company__worker` VALUES ('1903', '13', 'Worker 101', '1903', '2016-09-01', 'email101@company13.com', '69793');
INSERT INTO `samples_company__worker` VALUES ('1904', '13', 'Worker 102', '1904', '2016-09-01', 'email102@company13.com', '69794');
INSERT INTO `samples_company__worker` VALUES ('1905', '13', 'Worker 103', '1905', '2016-09-01', 'email103@company13.com', '69795');
INSERT INTO `samples_company__worker` VALUES ('1906', '13', 'Worker 104', '1906', '2016-09-01', 'email104@company13.com', '69796');
INSERT INTO `samples_company__worker` VALUES ('1907', '13', 'Worker 105', '1907', '2016-09-01', 'email105@company13.com', '69797');
INSERT INTO `samples_company__worker` VALUES ('1908', '13', 'Worker 106', '1908', '2016-09-01', 'email106@company13.com', '69798');
INSERT INTO `samples_company__worker` VALUES ('1909', '13', 'Worker 107', '1909', '2016-09-01', 'email107@company13.com', '69799');
INSERT INTO `samples_company__worker` VALUES ('1910', '13', 'Worker 108', '1910', '2016-09-01', 'email108@company13.com', '69800');
INSERT INTO `samples_company__worker` VALUES ('1911', '13', 'Worker 109', '1911', '2016-09-01', 'email109@company13.com', '69801');
INSERT INTO `samples_company__worker` VALUES ('1912', '13', 'Worker 110', '1912', '2016-09-01', 'email110@company13.com', '69802');
INSERT INTO `samples_company__worker` VALUES ('1913', '13', 'Worker 111', '1913', '2016-09-01', 'email111@company13.com', '69803');
INSERT INTO `samples_company__worker` VALUES ('1914', '13', 'Worker 112', '1914', '2016-09-01', 'email112@company13.com', '69804');
INSERT INTO `samples_company__worker` VALUES ('1915', '13', 'Worker 113', '1915', '2016-09-01', 'email113@company13.com', '69805');
INSERT INTO `samples_company__worker` VALUES ('1916', '13', 'Worker 114', '1916', '2016-09-01', 'email114@company13.com', '69806');
INSERT INTO `samples_company__worker` VALUES ('1917', '13', 'Worker 115', '1917', '2016-09-01', 'email115@company13.com', '69807');
INSERT INTO `samples_company__worker` VALUES ('1918', '13', 'Worker 116', '1918', '2016-09-01', 'email116@company13.com', '69808');
INSERT INTO `samples_company__worker` VALUES ('1919', '13', 'Worker 117', '1919', '2016-09-01', 'email117@company13.com', '69809');
INSERT INTO `samples_company__worker` VALUES ('1920', '13', 'Worker 118', '1920', '2016-09-01', 'email118@company13.com', '69810');
INSERT INTO `samples_company__worker` VALUES ('1921', '13', 'Worker 119', '1921', '2016-09-01', 'email119@company13.com', '69811');
INSERT INTO `samples_company__worker` VALUES ('1922', '13', 'Worker 120', '1922', '2016-09-01', 'email120@company13.com', '69812');
INSERT INTO `samples_company__worker` VALUES ('1923', '13', 'Worker 121', '1923', '2016-09-01', 'email121@company13.com', '69813');
INSERT INTO `samples_company__worker` VALUES ('1924', '13', 'Worker 122', '1924', '2016-09-01', 'email122@company13.com', '69814');
INSERT INTO `samples_company__worker` VALUES ('1925', '13', 'Worker 123', '1925', '2016-09-01', 'email123@company13.com', '69815');
INSERT INTO `samples_company__worker` VALUES ('1926', '13', 'Worker 124', '1926', '2016-09-01', 'email124@company13.com', '69816');
INSERT INTO `samples_company__worker` VALUES ('1927', '13', 'Worker 125', '1927', '2016-09-01', 'email125@company13.com', '69817');
INSERT INTO `samples_company__worker` VALUES ('1928', '13', 'Worker 126', '1928', '2016-09-01', 'email126@company13.com', '69818');
INSERT INTO `samples_company__worker` VALUES ('1929', '13', 'Worker 127', '1929', '2016-09-01', 'email127@company13.com', '69819');
INSERT INTO `samples_company__worker` VALUES ('1930', '13', 'Worker 128', '1930', '2016-09-01', 'email128@company13.com', '69820');
INSERT INTO `samples_company__worker` VALUES ('1931', '13', 'Worker 129', '1931', '2016-09-01', 'email129@company13.com', '69821');
INSERT INTO `samples_company__worker` VALUES ('1932', '13', 'Worker 130', '1932', '2016-09-01', 'email130@company13.com', '69822');
INSERT INTO `samples_company__worker` VALUES ('1933', '13', 'Worker 131', '1933', '2016-09-01', 'email131@company13.com', '69823');
INSERT INTO `samples_company__worker` VALUES ('1934', '13', 'Worker 132', '1934', '2016-09-01', 'email132@company13.com', '69824');
INSERT INTO `samples_company__worker` VALUES ('1935', '13', 'Worker 133', '1935', '2016-09-01', 'email133@company13.com', '69825');
INSERT INTO `samples_company__worker` VALUES ('1936', '13', 'Worker 134', '1936', '2016-09-01', 'email134@company13.com', '69826');
INSERT INTO `samples_company__worker` VALUES ('1937', '13', 'Worker 135', '1937', '2016-09-01', 'email135@company13.com', '69827');
INSERT INTO `samples_company__worker` VALUES ('1938', '13', 'Worker 136', '1938', '2016-09-01', 'email136@company13.com', '69828');
INSERT INTO `samples_company__worker` VALUES ('1939', '13', 'Worker 137', '1939', '2016-09-01', 'email137@company13.com', '69829');
INSERT INTO `samples_company__worker` VALUES ('1940', '13', 'Worker 138', '1940', '2016-09-01', 'email138@company13.com', '69830');
INSERT INTO `samples_company__worker` VALUES ('1941', '13', 'Worker 139', '1941', '2016-09-01', 'email139@company13.com', '69831');
INSERT INTO `samples_company__worker` VALUES ('1942', '13', 'Worker 140', '1942', '2016-09-01', 'email140@company13.com', '69832');
INSERT INTO `samples_company__worker` VALUES ('1943', '13', 'Worker 141', '1943', '2016-09-01', 'email141@company13.com', '69833');
INSERT INTO `samples_company__worker` VALUES ('1944', '13', 'Worker 142', '1944', '2016-09-01', 'email142@company13.com', '69834');
INSERT INTO `samples_company__worker` VALUES ('1945', '13', 'Worker 143', '1945', '2016-09-01', 'email143@company13.com', '69835');
INSERT INTO `samples_company__worker` VALUES ('1946', '13', 'Worker 144', '1946', '2016-09-01', 'email144@company13.com', '69836');
INSERT INTO `samples_company__worker` VALUES ('1947', '13', 'Worker 145', '1947', '2016-09-01', 'email145@company13.com', '69837');
INSERT INTO `samples_company__worker` VALUES ('1948', '13', 'Worker 146', '1948', '2016-09-01', 'email146@company13.com', '69838');
INSERT INTO `samples_company__worker` VALUES ('1949', '13', 'Worker 147', '1949', '2016-09-01', 'email147@company13.com', '69839');
INSERT INTO `samples_company__worker` VALUES ('1950', '13', 'Worker 148', '1950', '2016-09-01', 'email148@company13.com', '69840');
INSERT INTO `samples_company__worker` VALUES ('1951', '13', 'Worker 149', '1951', '2016-09-01', 'email149@company13.com', '69841');
INSERT INTO `samples_company__worker` VALUES ('1952', '13', 'Worker 150', '1952', '2016-09-01', 'email150@company13.com', '69842');
INSERT INTO `samples_company__worker` VALUES ('1953', '13', 'Worker 151', '1953', '2016-09-01', 'email151@company13.com', '69843');
INSERT INTO `samples_company__worker` VALUES ('1954', '13', 'Worker 152', '1954', '2016-09-01', 'email152@company13.com', '69844');
INSERT INTO `samples_company__worker` VALUES ('1955', '13', 'Worker 153', '1955', '2016-09-01', 'email153@company13.com', '69845');
INSERT INTO `samples_company__worker` VALUES ('1956', '13', 'Worker 154', '1956', '2016-09-01', 'email154@company13.com', '69846');
INSERT INTO `samples_company__worker` VALUES ('1957', '13', 'Worker 155', '1957', '2016-09-01', 'email155@company13.com', '69847');
INSERT INTO `samples_company__worker` VALUES ('1958', '13', 'Worker 156', '1958', '2016-09-01', 'email156@company13.com', '69848');
INSERT INTO `samples_company__worker` VALUES ('1959', '13', 'Worker 157', '1959', '2016-09-01', 'email157@company13.com', '69849');
INSERT INTO `samples_company__worker` VALUES ('1960', '13', 'Worker 158', '1960', '2016-09-01', 'email158@company13.com', '69850');
INSERT INTO `samples_company__worker` VALUES ('1961', '13', 'Worker 159', '1961', '2016-09-01', 'email159@company13.com', '69851');
INSERT INTO `samples_company__worker` VALUES ('1962', '13', 'Worker 160', '1962', '2016-09-01', 'email160@company13.com', '69852');
INSERT INTO `samples_company__worker` VALUES ('1963', '13', 'Worker 161', '1963', '2016-09-01', 'email161@company13.com', '69853');
INSERT INTO `samples_company__worker` VALUES ('1964', '13', 'Worker 162', '1964', '2016-09-01', 'email162@company13.com', '69854');
INSERT INTO `samples_company__worker` VALUES ('1965', '13', 'Worker 163', '1965', '2016-09-01', 'email163@company13.com', '69855');
INSERT INTO `samples_company__worker` VALUES ('1966', '13', 'Worker 164', '1966', '2016-09-01', 'email164@company13.com', '69856');
INSERT INTO `samples_company__worker` VALUES ('1967', '13', 'Worker 165', '1967', '2016-09-01', 'email165@company13.com', '69857');
INSERT INTO `samples_company__worker` VALUES ('1968', '13', 'Worker 166', '1968', '2016-09-01', 'email166@company13.com', '69858');
INSERT INTO `samples_company__worker` VALUES ('1969', '13', 'Worker 167', '1969', '2016-09-01', 'email167@company13.com', '69859');
INSERT INTO `samples_company__worker` VALUES ('1970', '13', 'Worker 168', '1970', '2016-09-01', 'email168@company13.com', '69860');
INSERT INTO `samples_company__worker` VALUES ('1971', '13', 'Worker 169', '1971', '2016-09-01', 'email169@company13.com', '69861');
INSERT INTO `samples_company__worker` VALUES ('1972', '13', 'Worker 170', '1972', '2016-09-01', 'email170@company13.com', '69862');
INSERT INTO `samples_company__worker` VALUES ('1973', '13', 'Worker 171', '1973', '2016-09-01', 'email171@company13.com', '69863');
INSERT INTO `samples_company__worker` VALUES ('1974', '13', 'Worker 172', '1974', '2016-09-01', 'email172@company13.com', '69864');
INSERT INTO `samples_company__worker` VALUES ('1975', '13', 'Worker 173', '1975', '2016-09-01', 'email173@company13.com', '69865');
INSERT INTO `samples_company__worker` VALUES ('1976', '13', 'Worker 174', '1976', '2016-09-01', 'email174@company13.com', '69866');
INSERT INTO `samples_company__worker` VALUES ('1977', '13', 'Worker 175', '1977', '2016-09-01', 'email175@company13.com', '69867');
INSERT INTO `samples_company__worker` VALUES ('1978', '13', 'Worker 176', '1978', '2016-09-01', 'email176@company13.com', '69868');
INSERT INTO `samples_company__worker` VALUES ('1979', '13', 'Worker 177', '1979', '2016-09-01', 'email177@company13.com', '69869');
INSERT INTO `samples_company__worker` VALUES ('1980', '13', 'Worker 178', '1980', '2016-09-01', 'email178@company13.com', '69870');
INSERT INTO `samples_company__worker` VALUES ('1981', '13', 'Worker 179', '1981', '2016-09-01', 'email179@company13.com', '69871');
INSERT INTO `samples_company__worker` VALUES ('1982', '13', 'Worker 180', '1982', '2016-09-01', 'email180@company13.com', '69872');
INSERT INTO `samples_company__worker` VALUES ('1983', '13', 'Worker 181', '1983', '2016-09-01', 'email181@company13.com', '69873');
INSERT INTO `samples_company__worker` VALUES ('1984', '13', 'Worker 182', '1984', '2016-09-01', 'email182@company13.com', '69874');
INSERT INTO `samples_company__worker` VALUES ('1985', '13', 'Worker 183', '1985', '2016-09-01', 'email183@company13.com', '69875');
INSERT INTO `samples_company__worker` VALUES ('1986', '13', 'Worker 184', '1986', '2016-09-01', 'email184@company13.com', '69876');
INSERT INTO `samples_company__worker` VALUES ('1987', '13', 'Worker 185', '1987', '2016-09-01', 'email185@company13.com', '69877');
INSERT INTO `samples_company__worker` VALUES ('1988', '13', 'Worker 186', '1988', '2016-09-01', 'email186@company13.com', '69878');
INSERT INTO `samples_company__worker` VALUES ('1989', '13', 'Worker 187', '1989', '2016-09-01', 'email187@company13.com', '69879');
INSERT INTO `samples_company__worker` VALUES ('1990', '13', 'Worker 188', '1990', '2016-09-01', 'email188@company13.com', '69880');
INSERT INTO `samples_company__worker` VALUES ('1991', '13', 'Worker 189', '1991', '2016-09-01', 'email189@company13.com', '69881');
INSERT INTO `samples_company__worker` VALUES ('1992', '13', 'Worker 190', '1992', '2016-09-01', 'email190@company13.com', '69882');
INSERT INTO `samples_company__worker` VALUES ('1993', '13', 'Worker 191', '1993', '2016-09-01', 'email191@company13.com', '69883');
INSERT INTO `samples_company__worker` VALUES ('1994', '13', 'Worker 192', '1994', '2016-09-01', 'email192@company13.com', '69884');
INSERT INTO `samples_company__worker` VALUES ('1995', '13', 'Worker 193', '1995', '2016-09-01', 'email193@company13.com', '69885');
INSERT INTO `samples_company__worker` VALUES ('1996', '13', 'Worker 194', '1996', '2016-09-01', 'email194@company13.com', '69886');
INSERT INTO `samples_company__worker` VALUES ('1997', '13', 'Worker 195', '1997', '2016-09-01', 'email195@company13.com', '69887');
INSERT INTO `samples_company__worker` VALUES ('1998', '13', 'Worker 196', '1998', '2016-09-01', 'email196@company13.com', '69888');
INSERT INTO `samples_company__worker` VALUES ('1999', '13', 'Worker 197', '1999', '2016-09-01', 'email197@company13.com', '69889');
INSERT INTO `samples_company__worker` VALUES ('2000', '13', 'Worker 198', '2000', '2016-09-01', 'email198@company13.com', '69890');
INSERT INTO `samples_company__worker` VALUES ('2001', '13', 'Worker 199', '2001', '2016-09-01', 'email199@company13.com', '69891');
INSERT INTO `samples_company__worker` VALUES ('2002', '13', 'Worker 200', '2002', '2016-09-01', 'email200@company13.com', '69892');
INSERT INTO `samples_company__worker` VALUES ('2003', '14', 'Worker 1', '2003', '2016-09-01', 'email1@company14.com', '69893');
INSERT INTO `samples_company__worker` VALUES ('2004', '14', 'Worker 2', '2004', '2016-09-01', 'email2@company14.com', '69894');
INSERT INTO `samples_company__worker` VALUES ('2005', '14', 'Worker 3', '2005', '2016-09-01', 'email3@company14.com', '69895');
INSERT INTO `samples_company__worker` VALUES ('2006', '14', 'Worker 4', '2006', '2016-09-01', 'email4@company14.com', '69896');
INSERT INTO `samples_company__worker` VALUES ('2007', '14', 'Worker 5', '2007', '2016-09-01', 'email5@company14.com', '69897');
INSERT INTO `samples_company__worker` VALUES ('2008', '14', 'Worker 6', '2008', '2016-09-01', 'email6@company14.com', '69898');
INSERT INTO `samples_company__worker` VALUES ('2009', '14', 'Worker 7', '2009', '2016-09-01', 'email7@company14.com', '69899');
INSERT INTO `samples_company__worker` VALUES ('2010', '14', 'Worker 8', '2010', '2016-09-01', 'email8@company14.com', '69900');
INSERT INTO `samples_company__worker` VALUES ('2011', '14', 'Worker 9', '2011', '2016-09-01', 'email9@company14.com', '69901');
INSERT INTO `samples_company__worker` VALUES ('2012', '14', 'Worker 10', '2012', '2016-09-01', 'email10@company14.com', '69902');
INSERT INTO `samples_company__worker` VALUES ('2013', '14', 'Worker 11', '2013', '2016-09-01', 'email11@company14.com', '69903');
INSERT INTO `samples_company__worker` VALUES ('2014', '14', 'Worker 12', '2014', '2016-09-01', 'email12@company14.com', '69904');
INSERT INTO `samples_company__worker` VALUES ('2015', '14', 'Worker 13', '2015', '2016-09-01', 'email13@company14.com', '69905');
INSERT INTO `samples_company__worker` VALUES ('2016', '14', 'Worker 14', '2016', '2016-09-01', 'email14@company14.com', '69906');
INSERT INTO `samples_company__worker` VALUES ('2017', '14', 'Worker 15', '2017', '2016-09-01', 'email15@company14.com', '69907');
INSERT INTO `samples_company__worker` VALUES ('2018', '14', 'Worker 16', '2018', '2016-09-01', 'email16@company14.com', '69908');
INSERT INTO `samples_company__worker` VALUES ('2019', '14', 'Worker 17', '2019', '2016-09-01', 'email17@company14.com', '69909');
INSERT INTO `samples_company__worker` VALUES ('2020', '14', 'Worker 18', '2020', '2016-09-01', 'email18@company14.com', '69910');
INSERT INTO `samples_company__worker` VALUES ('2021', '14', 'Worker 19', '2021', '2016-09-01', 'email19@company14.com', '69911');
INSERT INTO `samples_company__worker` VALUES ('2022', '14', 'Worker 20', '2022', '2016-09-01', 'email20@company14.com', '69912');
INSERT INTO `samples_company__worker` VALUES ('2023', '14', 'Worker 21', '2023', '2016-09-01', 'email21@company14.com', '69913');
INSERT INTO `samples_company__worker` VALUES ('2024', '14', 'Worker 22', '2024', '2016-09-01', 'email22@company14.com', '69914');
INSERT INTO `samples_company__worker` VALUES ('2025', '14', 'Worker 23', '2025', '2016-09-01', 'email23@company14.com', '69915');
INSERT INTO `samples_company__worker` VALUES ('2026', '14', 'Worker 24', '2026', '2016-09-01', 'email24@company14.com', '69916');
INSERT INTO `samples_company__worker` VALUES ('2027', '14', 'Worker 25', '2027', '2016-09-01', 'email25@company14.com', '69917');
INSERT INTO `samples_company__worker` VALUES ('2028', '14', 'Worker 26', '2028', '2016-09-01', 'email26@company14.com', '69918');
INSERT INTO `samples_company__worker` VALUES ('2029', '14', 'Worker 27', '2029', '2016-09-01', 'email27@company14.com', '69919');
INSERT INTO `samples_company__worker` VALUES ('2030', '14', 'Worker 28', '2030', '2016-09-01', 'email28@company14.com', '69920');
INSERT INTO `samples_company__worker` VALUES ('2031', '14', 'Worker 29', '2031', '2016-09-01', 'email29@company14.com', '69921');
INSERT INTO `samples_company__worker` VALUES ('2032', '14', 'Worker 30', '2032', '2016-09-01', 'email30@company14.com', '69922');
INSERT INTO `samples_company__worker` VALUES ('2033', '14', 'Worker 31', '2033', '2016-09-01', 'email31@company14.com', '69923');
INSERT INTO `samples_company__worker` VALUES ('2034', '14', 'Worker 32', '2034', '2016-09-01', 'email32@company14.com', '69924');
INSERT INTO `samples_company__worker` VALUES ('2035', '14', 'Worker 33', '2035', '2016-09-01', 'email33@company14.com', '69925');
INSERT INTO `samples_company__worker` VALUES ('2036', '14', 'Worker 34', '2036', '2016-09-01', 'email34@company14.com', '69926');
INSERT INTO `samples_company__worker` VALUES ('2037', '14', 'Worker 35', '2037', '2016-09-01', 'email35@company14.com', '69927');
INSERT INTO `samples_company__worker` VALUES ('2038', '14', 'Worker 36', '2038', '2016-09-01', 'email36@company14.com', '69928');
INSERT INTO `samples_company__worker` VALUES ('2039', '14', 'Worker 37', '2039', '2016-09-01', 'email37@company14.com', '69929');
INSERT INTO `samples_company__worker` VALUES ('2040', '14', 'Worker 38', '2040', '2016-09-01', 'email38@company14.com', '69930');
INSERT INTO `samples_company__worker` VALUES ('2041', '14', 'Worker 39', '2041', '2016-09-01', 'email39@company14.com', '69931');
INSERT INTO `samples_company__worker` VALUES ('2042', '14', 'Worker 40', '2042', '2016-09-01', 'email40@company14.com', '69932');
INSERT INTO `samples_company__worker` VALUES ('2043', '14', 'Worker 41', '2043', '2016-09-01', 'email41@company14.com', '69933');
INSERT INTO `samples_company__worker` VALUES ('2044', '14', 'Worker 42', '2044', '2016-09-01', 'email42@company14.com', '69934');
INSERT INTO `samples_company__worker` VALUES ('2045', '14', 'Worker 43', '2045', '2016-09-01', 'email43@company14.com', '69935');
INSERT INTO `samples_company__worker` VALUES ('2046', '14', 'Worker 44', '2046', '2016-09-01', 'email44@company14.com', '69936');
INSERT INTO `samples_company__worker` VALUES ('2047', '14', 'Worker 45', '2047', '2016-09-01', 'email45@company14.com', '69937');
INSERT INTO `samples_company__worker` VALUES ('2048', '14', 'Worker 46', '2048', '2016-09-01', 'email46@company14.com', '69938');
INSERT INTO `samples_company__worker` VALUES ('2049', '14', 'Worker 47', '2049', '2016-09-01', 'email47@company14.com', '69939');
INSERT INTO `samples_company__worker` VALUES ('2050', '14', 'Worker 48', '2050', '2016-09-01', 'email48@company14.com', '69940');
INSERT INTO `samples_company__worker` VALUES ('2051', '14', 'Worker 49', '2051', '2016-09-01', 'email49@company14.com', '69941');
INSERT INTO `samples_company__worker` VALUES ('2052', '14', 'Worker 50', '2052', '2016-09-01', 'email50@company14.com', '69942');
INSERT INTO `samples_company__worker` VALUES ('2053', '14', 'Worker 51', '2053', '2016-09-01', 'email51@company14.com', '69943');
INSERT INTO `samples_company__worker` VALUES ('2054', '14', 'Worker 52', '2054', '2016-09-01', 'email52@company14.com', '69944');
INSERT INTO `samples_company__worker` VALUES ('2055', '14', 'Worker 53', '2055', '2016-09-01', 'email53@company14.com', '69945');
INSERT INTO `samples_company__worker` VALUES ('2056', '14', 'Worker 54', '2056', '2016-09-01', 'email54@company14.com', '69946');
INSERT INTO `samples_company__worker` VALUES ('2057', '14', 'Worker 55', '2057', '2016-09-01', 'email55@company14.com', '69947');
INSERT INTO `samples_company__worker` VALUES ('2058', '14', 'Worker 56', '2058', '2016-09-01', 'email56@company14.com', '69948');
INSERT INTO `samples_company__worker` VALUES ('2059', '14', 'Worker 57', '2059', '2016-09-01', 'email57@company14.com', '69949');
INSERT INTO `samples_company__worker` VALUES ('2060', '14', 'Worker 58', '2060', '2016-09-01', 'email58@company14.com', '69950');
INSERT INTO `samples_company__worker` VALUES ('2061', '14', 'Worker 59', '2061', '2016-09-01', 'email59@company14.com', '69951');
INSERT INTO `samples_company__worker` VALUES ('2062', '14', 'Worker 60', '2062', '2016-09-01', 'email60@company14.com', '69952');
INSERT INTO `samples_company__worker` VALUES ('2063', '14', 'Worker 61', '2063', '2016-09-01', 'email61@company14.com', '69953');
INSERT INTO `samples_company__worker` VALUES ('2064', '14', 'Worker 62', '2064', '2016-09-01', 'email62@company14.com', '69954');
INSERT INTO `samples_company__worker` VALUES ('2065', '14', 'Worker 63', '2065', '2016-09-01', 'email63@company14.com', '69955');
INSERT INTO `samples_company__worker` VALUES ('2066', '14', 'Worker 64', '2066', '2016-09-01', 'email64@company14.com', '69956');
INSERT INTO `samples_company__worker` VALUES ('2067', '14', 'Worker 65', '2067', '2016-09-01', 'email65@company14.com', '69957');
INSERT INTO `samples_company__worker` VALUES ('2068', '14', 'Worker 66', '2068', '2016-09-01', 'email66@company14.com', '69958');
INSERT INTO `samples_company__worker` VALUES ('2069', '14', 'Worker 67', '2069', '2016-09-01', 'email67@company14.com', '69959');
INSERT INTO `samples_company__worker` VALUES ('2070', '14', 'Worker 68', '2070', '2016-09-01', 'email68@company14.com', '69960');
INSERT INTO `samples_company__worker` VALUES ('2071', '14', 'Worker 69', '2071', '2016-09-01', 'email69@company14.com', '69961');
INSERT INTO `samples_company__worker` VALUES ('2072', '14', 'Worker 70', '2072', '2016-09-01', 'email70@company14.com', '69962');
INSERT INTO `samples_company__worker` VALUES ('2073', '14', 'Worker 71', '2073', '2016-09-01', 'email71@company14.com', '69963');
INSERT INTO `samples_company__worker` VALUES ('2074', '14', 'Worker 72', '2074', '2016-09-01', 'email72@company14.com', '69964');
INSERT INTO `samples_company__worker` VALUES ('2075', '14', 'Worker 73', '2075', '2016-09-01', 'email73@company14.com', '69965');
INSERT INTO `samples_company__worker` VALUES ('2076', '14', 'Worker 74', '2076', '2016-09-01', 'email74@company14.com', '69966');
INSERT INTO `samples_company__worker` VALUES ('2077', '14', 'Worker 75', '2077', '2016-09-01', 'email75@company14.com', '69967');
INSERT INTO `samples_company__worker` VALUES ('2078', '14', 'Worker 76', '2078', '2016-09-01', 'email76@company14.com', '69968');
INSERT INTO `samples_company__worker` VALUES ('2079', '14', 'Worker 77', '2079', '2016-09-01', 'email77@company14.com', '69969');
INSERT INTO `samples_company__worker` VALUES ('2080', '14', 'Worker 78', '2080', '2016-09-01', 'email78@company14.com', '69970');
INSERT INTO `samples_company__worker` VALUES ('2081', '14', 'Worker 79', '2081', '2016-09-01', 'email79@company14.com', '69971');
INSERT INTO `samples_company__worker` VALUES ('2082', '14', 'Worker 80', '2082', '2016-09-01', 'email80@company14.com', '69972');
INSERT INTO `samples_company__worker` VALUES ('2083', '14', 'Worker 81', '2083', '2016-09-01', 'email81@company14.com', '69973');
INSERT INTO `samples_company__worker` VALUES ('2084', '14', 'Worker 82', '2084', '2016-09-01', 'email82@company14.com', '69974');
INSERT INTO `samples_company__worker` VALUES ('2085', '14', 'Worker 83', '2085', '2016-09-01', 'email83@company14.com', '69975');
INSERT INTO `samples_company__worker` VALUES ('2086', '14', 'Worker 84', '2086', '2016-09-01', 'email84@company14.com', '69976');
INSERT INTO `samples_company__worker` VALUES ('2087', '14', 'Worker 85', '2087', '2016-09-01', 'email85@company14.com', '69977');
INSERT INTO `samples_company__worker` VALUES ('2088', '14', 'Worker 86', '2088', '2016-09-01', 'email86@company14.com', '69978');
INSERT INTO `samples_company__worker` VALUES ('2089', '14', 'Worker 87', '2089', '2016-09-01', 'email87@company14.com', '69979');
INSERT INTO `samples_company__worker` VALUES ('2090', '14', 'Worker 88', '2090', '2016-09-01', 'email88@company14.com', '69980');
INSERT INTO `samples_company__worker` VALUES ('2091', '14', 'Worker 89', '2091', '2016-09-01', 'email89@company14.com', '69981');
INSERT INTO `samples_company__worker` VALUES ('2092', '14', 'Worker 90', '2092', '2016-09-01', 'email90@company14.com', '69982');
INSERT INTO `samples_company__worker` VALUES ('2093', '14', 'Worker 91', '2093', '2016-09-01', 'email91@company14.com', '69983');
INSERT INTO `samples_company__worker` VALUES ('2094', '14', 'Worker 92', '2094', '2016-09-01', 'email92@company14.com', '69984');
INSERT INTO `samples_company__worker` VALUES ('2095', '14', 'Worker 93', '2095', '2016-09-01', 'email93@company14.com', '69985');
INSERT INTO `samples_company__worker` VALUES ('2096', '14', 'Worker 94', '2096', '2016-09-01', 'email94@company14.com', '69986');
INSERT INTO `samples_company__worker` VALUES ('2097', '14', 'Worker 95', '2097', '2016-09-01', 'email95@company14.com', '69987');
INSERT INTO `samples_company__worker` VALUES ('2098', '14', 'Worker 96', '2098', '2016-09-01', 'email96@company14.com', '69988');
INSERT INTO `samples_company__worker` VALUES ('2099', '14', 'Worker 97', '2099', '2016-09-01', 'email97@company14.com', '69989');
INSERT INTO `samples_company__worker` VALUES ('2100', '14', 'Worker 98', '2100', '2016-09-01', 'email98@company14.com', '69990');
INSERT INTO `samples_company__worker` VALUES ('2101', '14', 'Worker 99', '2101', '2016-09-01', 'email99@company14.com', '69991');
INSERT INTO `samples_company__worker` VALUES ('2102', '14', 'Worker 100', '2102', '2016-09-01', 'email100@company14.com', '69992');
INSERT INTO `samples_company__worker` VALUES ('2103', '14', 'Worker 101', '2103', '2016-09-01', 'email101@company14.com', '69993');
INSERT INTO `samples_company__worker` VALUES ('2104', '14', 'Worker 102', '2104', '2016-09-01', 'email102@company14.com', '69994');
INSERT INTO `samples_company__worker` VALUES ('2105', '14', 'Worker 103', '2105', '2016-09-01', 'email103@company14.com', '69995');
INSERT INTO `samples_company__worker` VALUES ('2106', '14', 'Worker 104', '2106', '2016-09-01', 'email104@company14.com', '69996');
INSERT INTO `samples_company__worker` VALUES ('2107', '14', 'Worker 105', '2107', '2016-09-01', 'email105@company14.com', '69997');
INSERT INTO `samples_company__worker` VALUES ('2108', '14', 'Worker 106', '2108', '2016-09-01', 'email106@company14.com', '69998');
INSERT INTO `samples_company__worker` VALUES ('2109', '14', 'Worker 107', '2109', '2016-09-01', 'email107@company14.com', '69999');
INSERT INTO `samples_company__worker` VALUES ('2110', '14', 'Worker 108', '2110', '2016-09-01', 'email108@company14.com', '70000');
INSERT INTO `samples_company__worker` VALUES ('2111', '14', 'Worker 109', '2111', '2016-09-01', 'email109@company14.com', '70001');
INSERT INTO `samples_company__worker` VALUES ('2112', '14', 'Worker 110', '2112', '2016-09-01', 'email110@company14.com', '70002');
INSERT INTO `samples_company__worker` VALUES ('2113', '14', 'Worker 111', '2113', '2016-09-01', 'email111@company14.com', '70003');
INSERT INTO `samples_company__worker` VALUES ('2114', '14', 'Worker 112', '2114', '2016-09-01', 'email112@company14.com', '70004');
INSERT INTO `samples_company__worker` VALUES ('2115', '14', 'Worker 113', '2115', '2016-09-01', 'email113@company14.com', '70005');
INSERT INTO `samples_company__worker` VALUES ('2116', '14', 'Worker 114', '2116', '2016-09-01', 'email114@company14.com', '70006');
INSERT INTO `samples_company__worker` VALUES ('2117', '14', 'Worker 115', '2117', '2016-09-01', 'email115@company14.com', '70007');
INSERT INTO `samples_company__worker` VALUES ('2118', '14', 'Worker 116', '2118', '2016-09-01', 'email116@company14.com', '70008');
INSERT INTO `samples_company__worker` VALUES ('2119', '14', 'Worker 117', '2119', '2016-09-01', 'email117@company14.com', '70009');
INSERT INTO `samples_company__worker` VALUES ('2120', '14', 'Worker 118', '2120', '2016-09-01', 'email118@company14.com', '70010');
INSERT INTO `samples_company__worker` VALUES ('2121', '14', 'Worker 119', '2121', '2016-09-01', 'email119@company14.com', '70011');
INSERT INTO `samples_company__worker` VALUES ('2122', '14', 'Worker 120', '2122', '2016-09-01', 'email120@company14.com', '70012');
INSERT INTO `samples_company__worker` VALUES ('2123', '14', 'Worker 121', '2123', '2016-09-01', 'email121@company14.com', '70013');
INSERT INTO `samples_company__worker` VALUES ('2124', '14', 'Worker 122', '2124', '2016-09-01', 'email122@company14.com', '70014');
INSERT INTO `samples_company__worker` VALUES ('2125', '14', 'Worker 123', '2125', '2016-09-01', 'email123@company14.com', '70015');
INSERT INTO `samples_company__worker` VALUES ('2126', '14', 'Worker 124', '2126', '2016-09-01', 'email124@company14.com', '70016');
INSERT INTO `samples_company__worker` VALUES ('2127', '14', 'Worker 125', '2127', '2016-09-01', 'email125@company14.com', '70017');
INSERT INTO `samples_company__worker` VALUES ('2128', '14', 'Worker 126', '2128', '2016-09-01', 'email126@company14.com', '70018');
INSERT INTO `samples_company__worker` VALUES ('2129', '14', 'Worker 127', '2129', '2016-09-01', 'email127@company14.com', '70019');
INSERT INTO `samples_company__worker` VALUES ('2130', '14', 'Worker 128', '2130', '2016-09-01', 'email128@company14.com', '70020');
INSERT INTO `samples_company__worker` VALUES ('2131', '14', 'Worker 129', '2131', '2016-09-01', 'email129@company14.com', '70021');
INSERT INTO `samples_company__worker` VALUES ('2132', '14', 'Worker 130', '2132', '2016-09-01', 'email130@company14.com', '70022');
INSERT INTO `samples_company__worker` VALUES ('2133', '14', 'Worker 131', '2133', '2016-09-01', 'email131@company14.com', '70023');
INSERT INTO `samples_company__worker` VALUES ('2134', '14', 'Worker 132', '2134', '2016-09-01', 'email132@company14.com', '70024');
INSERT INTO `samples_company__worker` VALUES ('2135', '14', 'Worker 133', '2135', '2016-09-01', 'email133@company14.com', '70025');
INSERT INTO `samples_company__worker` VALUES ('2136', '14', 'Worker 134', '2136', '2016-09-01', 'email134@company14.com', '70026');
INSERT INTO `samples_company__worker` VALUES ('2137', '14', 'Worker 135', '2137', '2016-09-01', 'email135@company14.com', '70027');
INSERT INTO `samples_company__worker` VALUES ('2138', '14', 'Worker 136', '2138', '2016-09-01', 'email136@company14.com', '70028');
INSERT INTO `samples_company__worker` VALUES ('2139', '14', 'Worker 137', '2139', '2016-09-01', 'email137@company14.com', '70029');
INSERT INTO `samples_company__worker` VALUES ('2140', '14', 'Worker 138', '2140', '2016-09-01', 'email138@company14.com', '70030');
INSERT INTO `samples_company__worker` VALUES ('2141', '14', 'Worker 139', '2141', '2016-09-01', 'email139@company14.com', '70031');
INSERT INTO `samples_company__worker` VALUES ('2142', '14', 'Worker 140', '2142', '2016-09-01', 'email140@company14.com', '70032');
INSERT INTO `samples_company__worker` VALUES ('2143', '14', 'Worker 141', '2143', '2016-09-01', 'email141@company14.com', '70033');
INSERT INTO `samples_company__worker` VALUES ('2144', '14', 'Worker 142', '2144', '2016-09-01', 'email142@company14.com', '70034');
INSERT INTO `samples_company__worker` VALUES ('2145', '14', 'Worker 143', '2145', '2016-09-01', 'email143@company14.com', '70035');
INSERT INTO `samples_company__worker` VALUES ('2146', '14', 'Worker 144', '2146', '2016-09-01', 'email144@company14.com', '70036');
INSERT INTO `samples_company__worker` VALUES ('2147', '14', 'Worker 145', '2147', '2016-09-01', 'email145@company14.com', '70037');
INSERT INTO `samples_company__worker` VALUES ('2148', '14', 'Worker 146', '2148', '2016-09-01', 'email146@company14.com', '70038');
INSERT INTO `samples_company__worker` VALUES ('2149', '14', 'Worker 147', '2149', '2016-09-01', 'email147@company14.com', '70039');
INSERT INTO `samples_company__worker` VALUES ('2150', '14', 'Worker 148', '2150', '2016-09-01', 'email148@company14.com', '70040');
INSERT INTO `samples_company__worker` VALUES ('2151', '14', 'Worker 149', '2151', '2016-09-01', 'email149@company14.com', '70041');
INSERT INTO `samples_company__worker` VALUES ('2152', '14', 'Worker 150', '2152', '2016-09-01', 'email150@company14.com', '70042');
INSERT INTO `samples_company__worker` VALUES ('2153', '14', 'Worker 151', '2153', '2016-09-01', 'email151@company14.com', '70043');
INSERT INTO `samples_company__worker` VALUES ('2154', '14', 'Worker 152', '2154', '2016-09-01', 'email152@company14.com', '70044');
INSERT INTO `samples_company__worker` VALUES ('2155', '14', 'Worker 153', '2155', '2016-09-01', 'email153@company14.com', '70045');
INSERT INTO `samples_company__worker` VALUES ('2156', '14', 'Worker 154', '2156', '2016-09-01', 'email154@company14.com', '70046');
INSERT INTO `samples_company__worker` VALUES ('2157', '14', 'Worker 155', '2157', '2016-09-01', 'email155@company14.com', '70047');
INSERT INTO `samples_company__worker` VALUES ('2158', '14', 'Worker 156', '2158', '2016-09-01', 'email156@company14.com', '70048');
INSERT INTO `samples_company__worker` VALUES ('2159', '14', 'Worker 157', '2159', '2016-09-01', 'email157@company14.com', '70049');
INSERT INTO `samples_company__worker` VALUES ('2160', '14', 'Worker 158', '2160', '2016-09-01', 'email158@company14.com', '70050');
INSERT INTO `samples_company__worker` VALUES ('2161', '14', 'Worker 159', '2161', '2016-09-01', 'email159@company14.com', '70051');
INSERT INTO `samples_company__worker` VALUES ('2162', '14', 'Worker 160', '2162', '2016-09-01', 'email160@company14.com', '70052');
INSERT INTO `samples_company__worker` VALUES ('2163', '14', 'Worker 161', '2163', '2016-09-01', 'email161@company14.com', '70053');
INSERT INTO `samples_company__worker` VALUES ('2164', '14', 'Worker 162', '2164', '2016-09-01', 'email162@company14.com', '70054');
INSERT INTO `samples_company__worker` VALUES ('2165', '14', 'Worker 163', '2165', '2016-09-01', 'email163@company14.com', '70055');
INSERT INTO `samples_company__worker` VALUES ('2166', '14', 'Worker 164', '2166', '2016-09-01', 'email164@company14.com', '70056');
INSERT INTO `samples_company__worker` VALUES ('2167', '14', 'Worker 165', '2167', '2016-09-01', 'email165@company14.com', '70057');
INSERT INTO `samples_company__worker` VALUES ('2168', '14', 'Worker 166', '2168', '2016-09-01', 'email166@company14.com', '70058');
INSERT INTO `samples_company__worker` VALUES ('2169', '14', 'Worker 167', '2169', '2016-09-01', 'email167@company14.com', '70059');
INSERT INTO `samples_company__worker` VALUES ('2170', '14', 'Worker 168', '2170', '2016-09-01', 'email168@company14.com', '70060');
INSERT INTO `samples_company__worker` VALUES ('2171', '14', 'Worker 169', '2171', '2016-09-01', 'email169@company14.com', '70061');
INSERT INTO `samples_company__worker` VALUES ('2172', '14', 'Worker 170', '2172', '2016-09-01', 'email170@company14.com', '70062');
INSERT INTO `samples_company__worker` VALUES ('2173', '14', 'Worker 171', '2173', '2016-09-01', 'email171@company14.com', '70063');
INSERT INTO `samples_company__worker` VALUES ('2174', '14', 'Worker 172', '2174', '2016-09-01', 'email172@company14.com', '70064');
INSERT INTO `samples_company__worker` VALUES ('2175', '14', 'Worker 173', '2175', '2016-09-01', 'email173@company14.com', '70065');
INSERT INTO `samples_company__worker` VALUES ('2176', '14', 'Worker 174', '2176', '2016-09-01', 'email174@company14.com', '70066');
INSERT INTO `samples_company__worker` VALUES ('2177', '14', 'Worker 175', '2177', '2016-09-01', 'email175@company14.com', '70067');
INSERT INTO `samples_company__worker` VALUES ('2178', '14', 'Worker 176', '2178', '2016-09-01', 'email176@company14.com', '70068');
INSERT INTO `samples_company__worker` VALUES ('2179', '14', 'Worker 177', '2179', '2016-09-01', 'email177@company14.com', '70069');
INSERT INTO `samples_company__worker` VALUES ('2180', '14', 'Worker 178', '2180', '2016-09-01', 'email178@company14.com', '70070');
INSERT INTO `samples_company__worker` VALUES ('2181', '14', 'Worker 179', '2181', '2016-09-01', 'email179@company14.com', '70071');
INSERT INTO `samples_company__worker` VALUES ('2182', '14', 'Worker 180', '2182', '2016-09-01', 'email180@company14.com', '70072');
INSERT INTO `samples_company__worker` VALUES ('2183', '14', 'Worker 181', '2183', '2016-09-01', 'email181@company14.com', '70073');
INSERT INTO `samples_company__worker` VALUES ('2184', '14', 'Worker 182', '2184', '2016-09-01', 'email182@company14.com', '70074');
INSERT INTO `samples_company__worker` VALUES ('2185', '14', 'Worker 183', '2185', '2016-09-01', 'email183@company14.com', '70075');
INSERT INTO `samples_company__worker` VALUES ('2186', '14', 'Worker 184', '2186', '2016-09-01', 'email184@company14.com', '70076');
INSERT INTO `samples_company__worker` VALUES ('2187', '14', 'Worker 185', '2187', '2016-09-01', 'email185@company14.com', '70077');
INSERT INTO `samples_company__worker` VALUES ('2188', '14', 'Worker 186', '2188', '2016-09-01', 'email186@company14.com', '70078');
INSERT INTO `samples_company__worker` VALUES ('2189', '14', 'Worker 187', '2189', '2016-09-01', 'email187@company14.com', '70079');
INSERT INTO `samples_company__worker` VALUES ('2190', '14', 'Worker 188', '2190', '2016-09-01', 'email188@company14.com', '70080');
INSERT INTO `samples_company__worker` VALUES ('2191', '14', 'Worker 189', '2191', '2016-09-01', 'email189@company14.com', '70081');
INSERT INTO `samples_company__worker` VALUES ('2192', '14', 'Worker 190', '2192', '2016-09-01', 'email190@company14.com', '70082');
INSERT INTO `samples_company__worker` VALUES ('2193', '14', 'Worker 191', '2193', '2016-09-01', 'email191@company14.com', '70083');
INSERT INTO `samples_company__worker` VALUES ('2194', '14', 'Worker 192', '2194', '2016-09-01', 'email192@company14.com', '70084');
INSERT INTO `samples_company__worker` VALUES ('2195', '14', 'Worker 193', '2195', '2016-09-01', 'email193@company14.com', '70085');
INSERT INTO `samples_company__worker` VALUES ('2196', '14', 'Worker 194', '2196', '2016-09-01', 'email194@company14.com', '70086');
INSERT INTO `samples_company__worker` VALUES ('2197', '14', 'Worker 195', '2197', '2016-09-01', 'email195@company14.com', '70087');
INSERT INTO `samples_company__worker` VALUES ('2198', '14', 'Worker 196', '2198', '2016-09-01', 'email196@company14.com', '70088');
INSERT INTO `samples_company__worker` VALUES ('2199', '14', 'Worker 197', '2199', '2016-09-01', 'email197@company14.com', '70089');
INSERT INTO `samples_company__worker` VALUES ('2200', '14', 'Worker 198', '2200', '2016-09-01', 'email198@company14.com', '70090');
INSERT INTO `samples_company__worker` VALUES ('2201', '14', 'Worker 199', '2201', '2016-09-01', 'email199@company14.com', '70091');
INSERT INTO `samples_company__worker` VALUES ('2202', '14', 'Worker 200', '2202', '2016-09-01', 'email200@company14.com', '70092');
INSERT INTO `samples_company__worker` VALUES ('2203', '15', 'Worker 1', '2203', '2016-09-01', 'email1@company15.com', '70093');
INSERT INTO `samples_company__worker` VALUES ('2204', '15', 'Worker 2', '2204', '2016-09-01', 'email2@company15.com', '70094');
INSERT INTO `samples_company__worker` VALUES ('2205', '15', 'Worker 3', '2205', '2016-09-01', 'email3@company15.com', '70095');
INSERT INTO `samples_company__worker` VALUES ('2206', '15', 'Worker 4', '2206', '2016-09-01', 'email4@company15.com', '70096');
INSERT INTO `samples_company__worker` VALUES ('2207', '15', 'Worker 5', '2207', '2016-09-01', 'email5@company15.com', '70097');
INSERT INTO `samples_company__worker` VALUES ('2208', '15', 'Worker 6', '2208', '2016-09-01', 'email6@company15.com', '70098');
INSERT INTO `samples_company__worker` VALUES ('2209', '15', 'Worker 7', '2209', '2016-09-01', 'email7@company15.com', '70099');
INSERT INTO `samples_company__worker` VALUES ('2210', '15', 'Worker 8', '2210', '2016-09-01', 'email8@company15.com', '70100');
INSERT INTO `samples_company__worker` VALUES ('2211', '15', 'Worker 9', '2211', '2016-09-01', 'email9@company15.com', '70101');
INSERT INTO `samples_company__worker` VALUES ('2212', '15', 'Worker 10', '2212', '2016-09-01', 'email10@company15.com', '70102');
INSERT INTO `samples_company__worker` VALUES ('2213', '15', 'Worker 11', '2213', '2016-09-01', 'email11@company15.com', '70103');
INSERT INTO `samples_company__worker` VALUES ('2214', '15', 'Worker 12', '2214', '2016-09-01', 'email12@company15.com', '70104');
INSERT INTO `samples_company__worker` VALUES ('2215', '15', 'Worker 13', '2215', '2016-09-01', 'email13@company15.com', '70105');
INSERT INTO `samples_company__worker` VALUES ('2216', '15', 'Worker 14', '2216', '2016-09-01', 'email14@company15.com', '70106');
INSERT INTO `samples_company__worker` VALUES ('2217', '15', 'Worker 15', '2217', '2016-09-01', 'email15@company15.com', '70107');
INSERT INTO `samples_company__worker` VALUES ('2218', '15', 'Worker 16', '2218', '2016-09-01', 'email16@company15.com', '70108');
INSERT INTO `samples_company__worker` VALUES ('2219', '15', 'Worker 17', '2219', '2016-09-01', 'email17@company15.com', '70109');
INSERT INTO `samples_company__worker` VALUES ('2220', '15', 'Worker 18', '2220', '2016-09-01', 'email18@company15.com', '70110');
INSERT INTO `samples_company__worker` VALUES ('2221', '15', 'Worker 19', '2221', '2016-09-01', 'email19@company15.com', '70111');
INSERT INTO `samples_company__worker` VALUES ('2222', '15', 'Worker 20', '2222', '2016-09-01', 'email20@company15.com', '70112');
INSERT INTO `samples_company__worker` VALUES ('2223', '15', 'Worker 21', '2223', '2016-09-01', 'email21@company15.com', '70113');
INSERT INTO `samples_company__worker` VALUES ('2224', '15', 'Worker 22', '2224', '2016-09-01', 'email22@company15.com', '70114');
INSERT INTO `samples_company__worker` VALUES ('2225', '15', 'Worker 23', '2225', '2016-09-01', 'email23@company15.com', '70115');
INSERT INTO `samples_company__worker` VALUES ('2226', '15', 'Worker 24', '2226', '2016-09-01', 'email24@company15.com', '70116');
INSERT INTO `samples_company__worker` VALUES ('2227', '15', 'Worker 25', '2227', '2016-09-01', 'email25@company15.com', '70117');
INSERT INTO `samples_company__worker` VALUES ('2228', '15', 'Worker 26', '2228', '2016-09-01', 'email26@company15.com', '70118');
INSERT INTO `samples_company__worker` VALUES ('2229', '15', 'Worker 27', '2229', '2016-09-01', 'email27@company15.com', '70119');
INSERT INTO `samples_company__worker` VALUES ('2230', '15', 'Worker 28', '2230', '2016-09-01', 'email28@company15.com', '70120');
INSERT INTO `samples_company__worker` VALUES ('2231', '15', 'Worker 29', '2231', '2016-09-01', 'email29@company15.com', '70121');
INSERT INTO `samples_company__worker` VALUES ('2232', '15', 'Worker 30', '2232', '2016-09-01', 'email30@company15.com', '70122');
INSERT INTO `samples_company__worker` VALUES ('2233', '15', 'Worker 31', '2233', '2016-09-01', 'email31@company15.com', '70123');
INSERT INTO `samples_company__worker` VALUES ('2234', '15', 'Worker 32', '2234', '2016-09-01', 'email32@company15.com', '70124');
INSERT INTO `samples_company__worker` VALUES ('2235', '15', 'Worker 33', '2235', '2016-09-01', 'email33@company15.com', '70125');
INSERT INTO `samples_company__worker` VALUES ('2236', '15', 'Worker 34', '2236', '2016-09-01', 'email34@company15.com', '70126');
INSERT INTO `samples_company__worker` VALUES ('2237', '15', 'Worker 35', '2237', '2016-09-01', 'email35@company15.com', '70127');
INSERT INTO `samples_company__worker` VALUES ('2238', '15', 'Worker 36', '2238', '2016-09-01', 'email36@company15.com', '70128');
INSERT INTO `samples_company__worker` VALUES ('2239', '15', 'Worker 37', '2239', '2016-09-01', 'email37@company15.com', '70129');
INSERT INTO `samples_company__worker` VALUES ('2240', '15', 'Worker 38', '2240', '2016-09-01', 'email38@company15.com', '70130');
INSERT INTO `samples_company__worker` VALUES ('2241', '15', 'Worker 39', '2241', '2016-09-01', 'email39@company15.com', '70131');
INSERT INTO `samples_company__worker` VALUES ('2242', '15', 'Worker 40', '2242', '2016-09-01', 'email40@company15.com', '70132');
INSERT INTO `samples_company__worker` VALUES ('2243', '15', 'Worker 41', '2243', '2016-09-01', 'email41@company15.com', '70133');
INSERT INTO `samples_company__worker` VALUES ('2244', '15', 'Worker 42', '2244', '2016-09-01', 'email42@company15.com', '70134');
INSERT INTO `samples_company__worker` VALUES ('2245', '15', 'Worker 43', '2245', '2016-09-01', 'email43@company15.com', '70135');
INSERT INTO `samples_company__worker` VALUES ('2246', '15', 'Worker 44', '2246', '2016-09-01', 'email44@company15.com', '70136');
INSERT INTO `samples_company__worker` VALUES ('2247', '15', 'Worker 45', '2247', '2016-09-01', 'email45@company15.com', '70137');
INSERT INTO `samples_company__worker` VALUES ('2248', '15', 'Worker 46', '2248', '2016-09-01', 'email46@company15.com', '70138');
INSERT INTO `samples_company__worker` VALUES ('2249', '15', 'Worker 47', '2249', '2016-09-01', 'email47@company15.com', '70139');
INSERT INTO `samples_company__worker` VALUES ('2250', '15', 'Worker 48', '2250', '2016-09-01', 'email48@company15.com', '70140');
INSERT INTO `samples_company__worker` VALUES ('2251', '15', 'Worker 49', '2251', '2016-09-01', 'email49@company15.com', '70141');
INSERT INTO `samples_company__worker` VALUES ('2252', '15', 'Worker 50', '2252', '2016-09-01', 'email50@company15.com', '70142');
INSERT INTO `samples_company__worker` VALUES ('2253', '15', 'Worker 51', '2253', '2016-09-01', 'email51@company15.com', '70143');
INSERT INTO `samples_company__worker` VALUES ('2254', '15', 'Worker 52', '2254', '2016-09-01', 'email52@company15.com', '70144');
INSERT INTO `samples_company__worker` VALUES ('2255', '15', 'Worker 53', '2255', '2016-09-01', 'email53@company15.com', '70145');
INSERT INTO `samples_company__worker` VALUES ('2256', '15', 'Worker 54', '2256', '2016-09-01', 'email54@company15.com', '70146');
INSERT INTO `samples_company__worker` VALUES ('2257', '15', 'Worker 55', '2257', '2016-09-01', 'email55@company15.com', '70147');
INSERT INTO `samples_company__worker` VALUES ('2258', '15', 'Worker 56', '2258', '2016-09-01', 'email56@company15.com', '70148');
INSERT INTO `samples_company__worker` VALUES ('2259', '15', 'Worker 57', '2259', '2016-09-01', 'email57@company15.com', '70149');
INSERT INTO `samples_company__worker` VALUES ('2260', '15', 'Worker 58', '2260', '2016-09-01', 'email58@company15.com', '70150');
INSERT INTO `samples_company__worker` VALUES ('2261', '15', 'Worker 59', '2261', '2016-09-01', 'email59@company15.com', '70151');
INSERT INTO `samples_company__worker` VALUES ('2262', '15', 'Worker 60', '2262', '2016-09-01', 'email60@company15.com', '70152');
INSERT INTO `samples_company__worker` VALUES ('2263', '15', 'Worker 61', '2263', '2016-09-01', 'email61@company15.com', '70153');
INSERT INTO `samples_company__worker` VALUES ('2264', '15', 'Worker 62', '2264', '2016-09-01', 'email62@company15.com', '70154');
INSERT INTO `samples_company__worker` VALUES ('2265', '15', 'Worker 63', '2265', '2016-09-01', 'email63@company15.com', '70155');
INSERT INTO `samples_company__worker` VALUES ('2266', '15', 'Worker 64', '2266', '2016-09-01', 'email64@company15.com', '70156');
INSERT INTO `samples_company__worker` VALUES ('2267', '15', 'Worker 65', '2267', '2016-09-01', 'email65@company15.com', '70157');
INSERT INTO `samples_company__worker` VALUES ('2268', '15', 'Worker 66', '2268', '2016-09-01', 'email66@company15.com', '70158');
INSERT INTO `samples_company__worker` VALUES ('2269', '15', 'Worker 67', '2269', '2016-09-01', 'email67@company15.com', '70159');
INSERT INTO `samples_company__worker` VALUES ('2270', '15', 'Worker 68', '2270', '2016-09-01', 'email68@company15.com', '70160');
INSERT INTO `samples_company__worker` VALUES ('2271', '15', 'Worker 69', '2271', '2016-09-01', 'email69@company15.com', '70161');
INSERT INTO `samples_company__worker` VALUES ('2272', '15', 'Worker 70', '2272', '2016-09-01', 'email70@company15.com', '70162');
INSERT INTO `samples_company__worker` VALUES ('2273', '15', 'Worker 71', '2273', '2016-09-01', 'email71@company15.com', '70163');
INSERT INTO `samples_company__worker` VALUES ('2274', '15', 'Worker 72', '2274', '2016-09-01', 'email72@company15.com', '70164');
INSERT INTO `samples_company__worker` VALUES ('2275', '15', 'Worker 73', '2275', '2016-09-01', 'email73@company15.com', '70165');
INSERT INTO `samples_company__worker` VALUES ('2276', '15', 'Worker 74', '2276', '2016-09-01', 'email74@company15.com', '70166');
INSERT INTO `samples_company__worker` VALUES ('2277', '15', 'Worker 75', '2277', '2016-09-01', 'email75@company15.com', '70167');
INSERT INTO `samples_company__worker` VALUES ('2278', '15', 'Worker 76', '2278', '2016-09-01', 'email76@company15.com', '70168');
INSERT INTO `samples_company__worker` VALUES ('2279', '15', 'Worker 77', '2279', '2016-09-01', 'email77@company15.com', '70169');
INSERT INTO `samples_company__worker` VALUES ('2280', '15', 'Worker 78', '2280', '2016-09-01', 'email78@company15.com', '70170');
INSERT INTO `samples_company__worker` VALUES ('2281', '15', 'Worker 79', '2281', '2016-09-01', 'email79@company15.com', '70171');
INSERT INTO `samples_company__worker` VALUES ('2282', '15', 'Worker 80', '2282', '2016-09-01', 'email80@company15.com', '70172');
INSERT INTO `samples_company__worker` VALUES ('2283', '15', 'Worker 81', '2283', '2016-09-01', 'email81@company15.com', '70173');
INSERT INTO `samples_company__worker` VALUES ('2284', '15', 'Worker 82', '2284', '2016-09-01', 'email82@company15.com', '70174');
INSERT INTO `samples_company__worker` VALUES ('2285', '15', 'Worker 83', '2285', '2016-09-01', 'email83@company15.com', '70175');
INSERT INTO `samples_company__worker` VALUES ('2286', '15', 'Worker 84', '2286', '2016-09-01', 'email84@company15.com', '70176');
INSERT INTO `samples_company__worker` VALUES ('2287', '15', 'Worker 85', '2287', '2016-09-01', 'email85@company15.com', '70177');
INSERT INTO `samples_company__worker` VALUES ('2288', '15', 'Worker 86', '2288', '2016-09-01', 'email86@company15.com', '70178');
INSERT INTO `samples_company__worker` VALUES ('2289', '15', 'Worker 87', '2289', '2016-09-01', 'email87@company15.com', '70179');
INSERT INTO `samples_company__worker` VALUES ('2290', '15', 'Worker 88', '2290', '2016-09-01', 'email88@company15.com', '70180');
INSERT INTO `samples_company__worker` VALUES ('2291', '15', 'Worker 89', '2291', '2016-09-01', 'email89@company15.com', '70181');
INSERT INTO `samples_company__worker` VALUES ('2292', '15', 'Worker 90', '2292', '2016-09-01', 'email90@company15.com', '70182');
INSERT INTO `samples_company__worker` VALUES ('2293', '15', 'Worker 91', '2293', '2016-09-01', 'email91@company15.com', '70183');
INSERT INTO `samples_company__worker` VALUES ('2294', '15', 'Worker 92', '2294', '2016-09-01', 'email92@company15.com', '70184');
INSERT INTO `samples_company__worker` VALUES ('2295', '15', 'Worker 93', '2295', '2016-09-01', 'email93@company15.com', '70185');
INSERT INTO `samples_company__worker` VALUES ('2296', '15', 'Worker 94', '2296', '2016-09-01', 'email94@company15.com', '70186');
INSERT INTO `samples_company__worker` VALUES ('2297', '15', 'Worker 95', '2297', '2016-09-01', 'email95@company15.com', '70187');
INSERT INTO `samples_company__worker` VALUES ('2298', '15', 'Worker 96', '2298', '2016-09-01', 'email96@company15.com', '70188');
INSERT INTO `samples_company__worker` VALUES ('2299', '15', 'Worker 97', '2299', '2016-09-01', 'email97@company15.com', '70189');
INSERT INTO `samples_company__worker` VALUES ('2300', '15', 'Worker 98', '2300', '2016-09-01', 'email98@company15.com', '70190');
INSERT INTO `samples_company__worker` VALUES ('2301', '15', 'Worker 99', '2301', '2016-09-01', 'email99@company15.com', '70191');
INSERT INTO `samples_company__worker` VALUES ('2302', '15', 'Worker 100', '2302', '2016-09-01', 'email100@company15.com', '70192');
INSERT INTO `samples_company__worker` VALUES ('2303', '15', 'Worker 101', '2303', '2016-09-01', 'email101@company15.com', '70193');
INSERT INTO `samples_company__worker` VALUES ('2304', '15', 'Worker 102', '2304', '2016-09-01', 'email102@company15.com', '70194');
INSERT INTO `samples_company__worker` VALUES ('2305', '15', 'Worker 103', '2305', '2016-09-01', 'email103@company15.com', '70195');
INSERT INTO `samples_company__worker` VALUES ('2306', '15', 'Worker 104', '2306', '2016-09-01', 'email104@company15.com', '70196');
INSERT INTO `samples_company__worker` VALUES ('2307', '15', 'Worker 105', '2307', '2016-09-01', 'email105@company15.com', '70197');
INSERT INTO `samples_company__worker` VALUES ('2308', '15', 'Worker 106', '2308', '2016-09-01', 'email106@company15.com', '70198');
INSERT INTO `samples_company__worker` VALUES ('2309', '15', 'Worker 107', '2309', '2016-09-01', 'email107@company15.com', '70199');
INSERT INTO `samples_company__worker` VALUES ('2310', '15', 'Worker 108', '2310', '2016-09-01', 'email108@company15.com', '70200');
INSERT INTO `samples_company__worker` VALUES ('2311', '15', 'Worker 109', '2311', '2016-09-01', 'email109@company15.com', '70201');
INSERT INTO `samples_company__worker` VALUES ('2312', '15', 'Worker 110', '2312', '2016-09-01', 'email110@company15.com', '70202');
INSERT INTO `samples_company__worker` VALUES ('2313', '15', 'Worker 111', '2313', '2016-09-01', 'email111@company15.com', '70203');
INSERT INTO `samples_company__worker` VALUES ('2314', '15', 'Worker 112', '2314', '2016-09-01', 'email112@company15.com', '70204');
INSERT INTO `samples_company__worker` VALUES ('2315', '15', 'Worker 113', '2315', '2016-09-01', 'email113@company15.com', '70205');
INSERT INTO `samples_company__worker` VALUES ('2316', '15', 'Worker 114', '2316', '2016-09-01', 'email114@company15.com', '70206');
INSERT INTO `samples_company__worker` VALUES ('2317', '15', 'Worker 115', '2317', '2016-09-01', 'email115@company15.com', '70207');
INSERT INTO `samples_company__worker` VALUES ('2318', '15', 'Worker 116', '2318', '2016-09-01', 'email116@company15.com', '70208');
INSERT INTO `samples_company__worker` VALUES ('2319', '15', 'Worker 117', '2319', '2016-09-01', 'email117@company15.com', '70209');
INSERT INTO `samples_company__worker` VALUES ('2320', '15', 'Worker 118', '2320', '2016-09-01', 'email118@company15.com', '70210');
INSERT INTO `samples_company__worker` VALUES ('2321', '15', 'Worker 119', '2321', '2016-09-01', 'email119@company15.com', '70211');
INSERT INTO `samples_company__worker` VALUES ('2322', '15', 'Worker 120', '2322', '2016-09-01', 'email120@company15.com', '70212');
INSERT INTO `samples_company__worker` VALUES ('2323', '15', 'Worker 121', '2323', '2016-09-01', 'email121@company15.com', '70213');
INSERT INTO `samples_company__worker` VALUES ('2324', '15', 'Worker 122', '2324', '2016-09-01', 'email122@company15.com', '70214');
INSERT INTO `samples_company__worker` VALUES ('2325', '15', 'Worker 123', '2325', '2016-09-01', 'email123@company15.com', '70215');
INSERT INTO `samples_company__worker` VALUES ('2326', '15', 'Worker 124', '2326', '2016-09-01', 'email124@company15.com', '70216');
INSERT INTO `samples_company__worker` VALUES ('2327', '15', 'Worker 125', '2327', '2016-09-01', 'email125@company15.com', '70217');
INSERT INTO `samples_company__worker` VALUES ('2328', '15', 'Worker 126', '2328', '2016-09-01', 'email126@company15.com', '70218');
INSERT INTO `samples_company__worker` VALUES ('2329', '15', 'Worker 127', '2329', '2016-09-01', 'email127@company15.com', '70219');
INSERT INTO `samples_company__worker` VALUES ('2330', '15', 'Worker 128', '2330', '2016-09-01', 'email128@company15.com', '70220');
INSERT INTO `samples_company__worker` VALUES ('2331', '15', 'Worker 129', '2331', '2016-09-01', 'email129@company15.com', '70221');
INSERT INTO `samples_company__worker` VALUES ('2332', '15', 'Worker 130', '2332', '2016-09-01', 'email130@company15.com', '70222');
INSERT INTO `samples_company__worker` VALUES ('2333', '15', 'Worker 131', '2333', '2016-09-01', 'email131@company15.com', '70223');
INSERT INTO `samples_company__worker` VALUES ('2334', '15', 'Worker 132', '2334', '2016-09-01', 'email132@company15.com', '70224');
INSERT INTO `samples_company__worker` VALUES ('2335', '15', 'Worker 133', '2335', '2016-09-01', 'email133@company15.com', '70225');
INSERT INTO `samples_company__worker` VALUES ('2336', '15', 'Worker 134', '2336', '2016-09-01', 'email134@company15.com', '70226');
INSERT INTO `samples_company__worker` VALUES ('2337', '15', 'Worker 135', '2337', '2016-09-01', 'email135@company15.com', '70227');
INSERT INTO `samples_company__worker` VALUES ('2338', '15', 'Worker 136', '2338', '2016-09-01', 'email136@company15.com', '70228');
INSERT INTO `samples_company__worker` VALUES ('2339', '15', 'Worker 137', '2339', '2016-09-01', 'email137@company15.com', '70229');
INSERT INTO `samples_company__worker` VALUES ('2340', '15', 'Worker 138', '2340', '2016-09-01', 'email138@company15.com', '70230');
INSERT INTO `samples_company__worker` VALUES ('2341', '15', 'Worker 139', '2341', '2016-09-01', 'email139@company15.com', '70231');
INSERT INTO `samples_company__worker` VALUES ('2342', '15', 'Worker 140', '2342', '2016-09-01', 'email140@company15.com', '70232');
INSERT INTO `samples_company__worker` VALUES ('2343', '15', 'Worker 141', '2343', '2016-09-01', 'email141@company15.com', '70233');
INSERT INTO `samples_company__worker` VALUES ('2344', '15', 'Worker 142', '2344', '2016-09-01', 'email142@company15.com', '70234');
INSERT INTO `samples_company__worker` VALUES ('2345', '15', 'Worker 143', '2345', '2016-09-01', 'email143@company15.com', '70235');
INSERT INTO `samples_company__worker` VALUES ('2346', '15', 'Worker 144', '2346', '2016-09-01', 'email144@company15.com', '70236');
INSERT INTO `samples_company__worker` VALUES ('2347', '15', 'Worker 145', '2347', '2016-09-01', 'email145@company15.com', '70237');
INSERT INTO `samples_company__worker` VALUES ('2348', '15', 'Worker 146', '2348', '2016-09-01', 'email146@company15.com', '70238');
INSERT INTO `samples_company__worker` VALUES ('2349', '15', 'Worker 147', '2349', '2016-09-01', 'email147@company15.com', '70239');
INSERT INTO `samples_company__worker` VALUES ('2350', '15', 'Worker 148', '2350', '2016-09-01', 'email148@company15.com', '70240');
INSERT INTO `samples_company__worker` VALUES ('2351', '15', 'Worker 149', '2351', '2016-09-01', 'email149@company15.com', '70241');
INSERT INTO `samples_company__worker` VALUES ('2352', '15', 'Worker 150', '2352', '2016-09-01', 'email150@company15.com', '70242');
INSERT INTO `samples_company__worker` VALUES ('2353', '15', 'Worker 151', '2353', '2016-09-01', 'email151@company15.com', '70243');
INSERT INTO `samples_company__worker` VALUES ('2354', '15', 'Worker 152', '2354', '2016-09-01', 'email152@company15.com', '70244');
INSERT INTO `samples_company__worker` VALUES ('2355', '15', 'Worker 153', '2355', '2016-09-01', 'email153@company15.com', '70245');
INSERT INTO `samples_company__worker` VALUES ('2356', '15', 'Worker 154', '2356', '2016-09-01', 'email154@company15.com', '70246');
INSERT INTO `samples_company__worker` VALUES ('2357', '15', 'Worker 155', '2357', '2016-09-01', 'email155@company15.com', '70247');
INSERT INTO `samples_company__worker` VALUES ('2358', '15', 'Worker 156', '2358', '2016-09-01', 'email156@company15.com', '70248');
INSERT INTO `samples_company__worker` VALUES ('2359', '15', 'Worker 157', '2359', '2016-09-01', 'email157@company15.com', '70249');
INSERT INTO `samples_company__worker` VALUES ('2360', '15', 'Worker 158', '2360', '2016-09-01', 'email158@company15.com', '70250');
INSERT INTO `samples_company__worker` VALUES ('2361', '15', 'Worker 159', '2361', '2016-09-01', 'email159@company15.com', '70251');
INSERT INTO `samples_company__worker` VALUES ('2362', '15', 'Worker 160', '2362', '2016-09-01', 'email160@company15.com', '70252');
INSERT INTO `samples_company__worker` VALUES ('2363', '15', 'Worker 161', '2363', '2016-09-01', 'email161@company15.com', '70253');
INSERT INTO `samples_company__worker` VALUES ('2364', '15', 'Worker 162', '2364', '2016-09-01', 'email162@company15.com', '70254');
INSERT INTO `samples_company__worker` VALUES ('2365', '15', 'Worker 163', '2365', '2016-09-01', 'email163@company15.com', '70255');
INSERT INTO `samples_company__worker` VALUES ('2366', '15', 'Worker 164', '2366', '2016-09-01', 'email164@company15.com', '70256');
INSERT INTO `samples_company__worker` VALUES ('2367', '15', 'Worker 165', '2367', '2016-09-01', 'email165@company15.com', '70257');
INSERT INTO `samples_company__worker` VALUES ('2368', '15', 'Worker 166', '2368', '2016-09-01', 'email166@company15.com', '70258');
INSERT INTO `samples_company__worker` VALUES ('2369', '15', 'Worker 167', '2369', '2016-09-01', 'email167@company15.com', '70259');
INSERT INTO `samples_company__worker` VALUES ('2370', '15', 'Worker 168', '2370', '2016-09-01', 'email168@company15.com', '70260');
INSERT INTO `samples_company__worker` VALUES ('2371', '15', 'Worker 169', '2371', '2016-09-01', 'email169@company15.com', '70261');
INSERT INTO `samples_company__worker` VALUES ('2372', '15', 'Worker 170', '2372', '2016-09-01', 'email170@company15.com', '70262');
INSERT INTO `samples_company__worker` VALUES ('2373', '15', 'Worker 171', '2373', '2016-09-01', 'email171@company15.com', '70263');
INSERT INTO `samples_company__worker` VALUES ('2374', '15', 'Worker 172', '2374', '2016-09-01', 'email172@company15.com', '70264');
INSERT INTO `samples_company__worker` VALUES ('2375', '15', 'Worker 173', '2375', '2016-09-01', 'email173@company15.com', '70265');
INSERT INTO `samples_company__worker` VALUES ('2376', '15', 'Worker 174', '2376', '2016-09-01', 'email174@company15.com', '70266');
INSERT INTO `samples_company__worker` VALUES ('2377', '15', 'Worker 175', '2377', '2016-09-01', 'email175@company15.com', '70267');
INSERT INTO `samples_company__worker` VALUES ('2378', '15', 'Worker 176', '2378', '2016-09-01', 'email176@company15.com', '70268');
INSERT INTO `samples_company__worker` VALUES ('2379', '15', 'Worker 177', '2379', '2016-09-01', 'email177@company15.com', '70269');
INSERT INTO `samples_company__worker` VALUES ('2380', '15', 'Worker 178', '2380', '2016-09-01', 'email178@company15.com', '70270');
INSERT INTO `samples_company__worker` VALUES ('2381', '15', 'Worker 179', '2381', '2016-09-01', 'email179@company15.com', '70271');
INSERT INTO `samples_company__worker` VALUES ('2382', '15', 'Worker 180', '2382', '2016-09-01', 'email180@company15.com', '70272');
INSERT INTO `samples_company__worker` VALUES ('2383', '15', 'Worker 181', '2383', '2016-09-01', 'email181@company15.com', '70273');
INSERT INTO `samples_company__worker` VALUES ('2384', '15', 'Worker 182', '2384', '2016-09-01', 'email182@company15.com', '70274');
INSERT INTO `samples_company__worker` VALUES ('2385', '15', 'Worker 183', '2385', '2016-09-01', 'email183@company15.com', '70275');
INSERT INTO `samples_company__worker` VALUES ('2386', '15', 'Worker 184', '2386', '2016-09-01', 'email184@company15.com', '70276');
INSERT INTO `samples_company__worker` VALUES ('2387', '15', 'Worker 185', '2387', '2016-09-01', 'email185@company15.com', '70277');
INSERT INTO `samples_company__worker` VALUES ('2388', '15', 'Worker 186', '2388', '2016-09-01', 'email186@company15.com', '70278');
INSERT INTO `samples_company__worker` VALUES ('2389', '15', 'Worker 187', '2389', '2016-09-01', 'email187@company15.com', '70279');
INSERT INTO `samples_company__worker` VALUES ('2390', '15', 'Worker 188', '2390', '2016-09-01', 'email188@company15.com', '70280');
INSERT INTO `samples_company__worker` VALUES ('2391', '15', 'Worker 189', '2391', '2016-09-01', 'email189@company15.com', '70281');
INSERT INTO `samples_company__worker` VALUES ('2392', '15', 'Worker 190', '2392', '2016-09-01', 'email190@company15.com', '70282');
INSERT INTO `samples_company__worker` VALUES ('2393', '15', 'Worker 191', '2393', '2016-09-01', 'email191@company15.com', '70283');
INSERT INTO `samples_company__worker` VALUES ('2394', '15', 'Worker 192', '2394', '2016-09-01', 'email192@company15.com', '70284');
INSERT INTO `samples_company__worker` VALUES ('2395', '15', 'Worker 193', '2395', '2016-09-01', 'email193@company15.com', '70285');
INSERT INTO `samples_company__worker` VALUES ('2396', '15', 'Worker 194', '2396', '2016-09-01', 'email194@company15.com', '70286');
INSERT INTO `samples_company__worker` VALUES ('2397', '15', 'Worker 195', '2397', '2016-09-01', 'email195@company15.com', '70287');
INSERT INTO `samples_company__worker` VALUES ('2398', '15', 'Worker 196', '2398', '2016-09-01', 'email196@company15.com', '70288');
INSERT INTO `samples_company__worker` VALUES ('2399', '15', 'Worker 197', '2399', '2016-09-01', 'email197@company15.com', '70289');
INSERT INTO `samples_company__worker` VALUES ('2400', '15', 'Worker 198', '2400', '2016-09-01', 'email198@company15.com', '70290');
INSERT INTO `samples_company__worker` VALUES ('2401', '15', 'Worker 199', '2401', '2016-09-01', 'email199@company15.com', '70291');
INSERT INTO `samples_company__worker` VALUES ('2402', '15', 'Worker 200', '2402', '2016-09-01', 'email200@company15.com', '70292');
INSERT INTO `samples_company__worker` VALUES ('2403', '16', 'Worker 1', '2403', '2016-09-01', 'email1@company16.com', '70293');
INSERT INTO `samples_company__worker` VALUES ('2404', '16', 'Worker 2', '2404', '2016-09-01', 'email2@company16.com', '70294');
INSERT INTO `samples_company__worker` VALUES ('2405', '16', 'Worker 3', '2405', '2016-09-01', 'email3@company16.com', '70295');
INSERT INTO `samples_company__worker` VALUES ('2406', '16', 'Worker 4', '2406', '2016-09-01', 'email4@company16.com', '70296');
INSERT INTO `samples_company__worker` VALUES ('2407', '16', 'Worker 5', '2407', '2016-09-01', 'email5@company16.com', '70297');
INSERT INTO `samples_company__worker` VALUES ('2408', '16', 'Worker 6', '2408', '2016-09-01', 'email6@company16.com', '70298');
INSERT INTO `samples_company__worker` VALUES ('2409', '16', 'Worker 7', '2409', '2016-09-01', 'email7@company16.com', '70299');
INSERT INTO `samples_company__worker` VALUES ('2410', '16', 'Worker 8', '2410', '2016-09-01', 'email8@company16.com', '70300');
INSERT INTO `samples_company__worker` VALUES ('2411', '16', 'Worker 9', '2411', '2016-09-01', 'email9@company16.com', '70301');
INSERT INTO `samples_company__worker` VALUES ('2412', '16', 'Worker 10', '2412', '2016-09-01', 'email10@company16.com', '70302');
INSERT INTO `samples_company__worker` VALUES ('2413', '16', 'Worker 11', '2413', '2016-09-01', 'email11@company16.com', '70303');
INSERT INTO `samples_company__worker` VALUES ('2414', '16', 'Worker 12', '2414', '2016-09-01', 'email12@company16.com', '70304');
INSERT INTO `samples_company__worker` VALUES ('2415', '16', 'Worker 13', '2415', '2016-09-01', 'email13@company16.com', '70305');
INSERT INTO `samples_company__worker` VALUES ('2416', '16', 'Worker 14', '2416', '2016-09-01', 'email14@company16.com', '70306');
INSERT INTO `samples_company__worker` VALUES ('2417', '16', 'Worker 15', '2417', '2016-09-01', 'email15@company16.com', '70307');
INSERT INTO `samples_company__worker` VALUES ('2418', '16', 'Worker 16', '2418', '2016-09-01', 'email16@company16.com', '70308');
INSERT INTO `samples_company__worker` VALUES ('2419', '16', 'Worker 17', '2419', '2016-09-01', 'email17@company16.com', '70309');
INSERT INTO `samples_company__worker` VALUES ('2420', '16', 'Worker 18', '2420', '2016-09-01', 'email18@company16.com', '70310');
INSERT INTO `samples_company__worker` VALUES ('2421', '16', 'Worker 19', '2421', '2016-09-01', 'email19@company16.com', '70311');
INSERT INTO `samples_company__worker` VALUES ('2422', '16', 'Worker 20', '2422', '2016-09-01', 'email20@company16.com', '70312');
INSERT INTO `samples_company__worker` VALUES ('2423', '16', 'Worker 21', '2423', '2016-09-01', 'email21@company16.com', '70313');
INSERT INTO `samples_company__worker` VALUES ('2424', '16', 'Worker 22', '2424', '2016-09-01', 'email22@company16.com', '70314');
INSERT INTO `samples_company__worker` VALUES ('2425', '16', 'Worker 23', '2425', '2016-09-01', 'email23@company16.com', '70315');
INSERT INTO `samples_company__worker` VALUES ('2426', '16', 'Worker 24', '2426', '2016-09-01', 'email24@company16.com', '70316');
INSERT INTO `samples_company__worker` VALUES ('2427', '16', 'Worker 25', '2427', '2016-09-01', 'email25@company16.com', '70317');
INSERT INTO `samples_company__worker` VALUES ('2428', '16', 'Worker 26', '2428', '2016-09-01', 'email26@company16.com', '70318');
INSERT INTO `samples_company__worker` VALUES ('2429', '16', 'Worker 27', '2429', '2016-09-01', 'email27@company16.com', '70319');
INSERT INTO `samples_company__worker` VALUES ('2430', '16', 'Worker 28', '2430', '2016-09-01', 'email28@company16.com', '70320');
INSERT INTO `samples_company__worker` VALUES ('2431', '16', 'Worker 29', '2431', '2016-09-01', 'email29@company16.com', '70321');
INSERT INTO `samples_company__worker` VALUES ('2432', '16', 'Worker 30', '2432', '2016-09-01', 'email30@company16.com', '70322');
INSERT INTO `samples_company__worker` VALUES ('2433', '16', 'Worker 31', '2433', '2016-09-01', 'email31@company16.com', '70323');
INSERT INTO `samples_company__worker` VALUES ('2434', '16', 'Worker 32', '2434', '2016-09-01', 'email32@company16.com', '70324');
INSERT INTO `samples_company__worker` VALUES ('2435', '16', 'Worker 33', '2435', '2016-09-01', 'email33@company16.com', '70325');
INSERT INTO `samples_company__worker` VALUES ('2436', '16', 'Worker 34', '2436', '2016-09-01', 'email34@company16.com', '70326');
INSERT INTO `samples_company__worker` VALUES ('2437', '16', 'Worker 35', '2437', '2016-09-01', 'email35@company16.com', '70327');
INSERT INTO `samples_company__worker` VALUES ('2438', '16', 'Worker 36', '2438', '2016-09-01', 'email36@company16.com', '70328');
INSERT INTO `samples_company__worker` VALUES ('2439', '16', 'Worker 37', '2439', '2016-09-01', 'email37@company16.com', '70329');
INSERT INTO `samples_company__worker` VALUES ('2440', '16', 'Worker 38', '2440', '2016-09-01', 'email38@company16.com', '70330');
INSERT INTO `samples_company__worker` VALUES ('2441', '16', 'Worker 39', '2441', '2016-09-01', 'email39@company16.com', '70331');
INSERT INTO `samples_company__worker` VALUES ('2442', '16', 'Worker 40', '2442', '2016-09-01', 'email40@company16.com', '70332');
INSERT INTO `samples_company__worker` VALUES ('2443', '16', 'Worker 41', '2443', '2016-09-01', 'email41@company16.com', '70333');
INSERT INTO `samples_company__worker` VALUES ('2444', '16', 'Worker 42', '2444', '2016-09-01', 'email42@company16.com', '70334');
INSERT INTO `samples_company__worker` VALUES ('2445', '16', 'Worker 43', '2445', '2016-09-01', 'email43@company16.com', '70335');
INSERT INTO `samples_company__worker` VALUES ('2446', '16', 'Worker 44', '2446', '2016-09-01', 'email44@company16.com', '70336');
INSERT INTO `samples_company__worker` VALUES ('2447', '16', 'Worker 45', '2447', '2016-09-01', 'email45@company16.com', '70337');
INSERT INTO `samples_company__worker` VALUES ('2448', '16', 'Worker 46', '2448', '2016-09-01', 'email46@company16.com', '70338');
INSERT INTO `samples_company__worker` VALUES ('2449', '16', 'Worker 47', '2449', '2016-09-01', 'email47@company16.com', '70339');
INSERT INTO `samples_company__worker` VALUES ('2450', '16', 'Worker 48', '2450', '2016-09-01', 'email48@company16.com', '70340');
INSERT INTO `samples_company__worker` VALUES ('2451', '16', 'Worker 49', '2451', '2016-09-01', 'email49@company16.com', '70341');
INSERT INTO `samples_company__worker` VALUES ('2452', '16', 'Worker 50', '2452', '2016-09-01', 'email50@company16.com', '70342');
INSERT INTO `samples_company__worker` VALUES ('2453', '16', 'Worker 51', '2453', '2016-09-01', 'email51@company16.com', '70343');
INSERT INTO `samples_company__worker` VALUES ('2454', '16', 'Worker 52', '2454', '2016-09-01', 'email52@company16.com', '70344');
INSERT INTO `samples_company__worker` VALUES ('2455', '16', 'Worker 53', '2455', '2016-09-01', 'email53@company16.com', '70345');
INSERT INTO `samples_company__worker` VALUES ('2456', '16', 'Worker 54', '2456', '2016-09-01', 'email54@company16.com', '70346');
INSERT INTO `samples_company__worker` VALUES ('2457', '16', 'Worker 55', '2457', '2016-09-01', 'email55@company16.com', '70347');
INSERT INTO `samples_company__worker` VALUES ('2458', '16', 'Worker 56', '2458', '2016-09-01', 'email56@company16.com', '70348');
INSERT INTO `samples_company__worker` VALUES ('2459', '16', 'Worker 57', '2459', '2016-09-01', 'email57@company16.com', '70349');
INSERT INTO `samples_company__worker` VALUES ('2460', '16', 'Worker 58', '2460', '2016-09-01', 'email58@company16.com', '70350');
INSERT INTO `samples_company__worker` VALUES ('2461', '16', 'Worker 59', '2461', '2016-09-01', 'email59@company16.com', '70351');
INSERT INTO `samples_company__worker` VALUES ('2462', '16', 'Worker 60', '2462', '2016-09-01', 'email60@company16.com', '70352');
INSERT INTO `samples_company__worker` VALUES ('2463', '16', 'Worker 61', '2463', '2016-09-01', 'email61@company16.com', '70353');
INSERT INTO `samples_company__worker` VALUES ('2464', '16', 'Worker 62', '2464', '2016-09-01', 'email62@company16.com', '70354');
INSERT INTO `samples_company__worker` VALUES ('2465', '16', 'Worker 63', '2465', '2016-09-01', 'email63@company16.com', '70355');
INSERT INTO `samples_company__worker` VALUES ('2466', '16', 'Worker 64', '2466', '2016-09-01', 'email64@company16.com', '70356');
INSERT INTO `samples_company__worker` VALUES ('2467', '16', 'Worker 65', '2467', '2016-09-01', 'email65@company16.com', '70357');
INSERT INTO `samples_company__worker` VALUES ('2468', '16', 'Worker 66', '2468', '2016-09-01', 'email66@company16.com', '70358');
INSERT INTO `samples_company__worker` VALUES ('2469', '16', 'Worker 67', '2469', '2016-09-01', 'email67@company16.com', '70359');
INSERT INTO `samples_company__worker` VALUES ('2470', '16', 'Worker 68', '2470', '2016-09-01', 'email68@company16.com', '70360');
INSERT INTO `samples_company__worker` VALUES ('2471', '16', 'Worker 69', '2471', '2016-09-01', 'email69@company16.com', '70361');
INSERT INTO `samples_company__worker` VALUES ('2472', '16', 'Worker 70', '2472', '2016-09-01', 'email70@company16.com', '70362');
INSERT INTO `samples_company__worker` VALUES ('2473', '16', 'Worker 71', '2473', '2016-09-01', 'email71@company16.com', '70363');
INSERT INTO `samples_company__worker` VALUES ('2474', '16', 'Worker 72', '2474', '2016-09-01', 'email72@company16.com', '70364');
INSERT INTO `samples_company__worker` VALUES ('2475', '16', 'Worker 73', '2475', '2016-09-01', 'email73@company16.com', '70365');
INSERT INTO `samples_company__worker` VALUES ('2476', '16', 'Worker 74', '2476', '2016-09-01', 'email74@company16.com', '70366');
INSERT INTO `samples_company__worker` VALUES ('2477', '16', 'Worker 75', '2477', '2016-09-01', 'email75@company16.com', '70367');
INSERT INTO `samples_company__worker` VALUES ('2478', '16', 'Worker 76', '2478', '2016-09-01', 'email76@company16.com', '70368');
INSERT INTO `samples_company__worker` VALUES ('2479', '16', 'Worker 77', '2479', '2016-09-01', 'email77@company16.com', '70369');
INSERT INTO `samples_company__worker` VALUES ('2480', '16', 'Worker 78', '2480', '2016-09-01', 'email78@company16.com', '70370');
INSERT INTO `samples_company__worker` VALUES ('2481', '16', 'Worker 79', '2481', '2016-09-01', 'email79@company16.com', '70371');
INSERT INTO `samples_company__worker` VALUES ('2482', '16', 'Worker 80', '2482', '2016-09-01', 'email80@company16.com', '70372');
INSERT INTO `samples_company__worker` VALUES ('2483', '16', 'Worker 81', '2483', '2016-09-01', 'email81@company16.com', '70373');
INSERT INTO `samples_company__worker` VALUES ('2484', '16', 'Worker 82', '2484', '2016-09-01', 'email82@company16.com', '70374');
INSERT INTO `samples_company__worker` VALUES ('2485', '16', 'Worker 83', '2485', '2016-09-01', 'email83@company16.com', '70375');
INSERT INTO `samples_company__worker` VALUES ('2486', '16', 'Worker 84', '2486', '2016-09-01', 'email84@company16.com', '70376');
INSERT INTO `samples_company__worker` VALUES ('2487', '16', 'Worker 85', '2487', '2016-09-01', 'email85@company16.com', '70377');
INSERT INTO `samples_company__worker` VALUES ('2488', '16', 'Worker 86', '2488', '2016-09-01', 'email86@company16.com', '70378');
INSERT INTO `samples_company__worker` VALUES ('2489', '16', 'Worker 87', '2489', '2016-09-01', 'email87@company16.com', '70379');
INSERT INTO `samples_company__worker` VALUES ('2490', '16', 'Worker 88', '2490', '2016-09-01', 'email88@company16.com', '70380');
INSERT INTO `samples_company__worker` VALUES ('2491', '16', 'Worker 89', '2491', '2016-09-01', 'email89@company16.com', '70381');
INSERT INTO `samples_company__worker` VALUES ('2492', '16', 'Worker 90', '2492', '2016-09-01', 'email90@company16.com', '70382');
INSERT INTO `samples_company__worker` VALUES ('2493', '16', 'Worker 91', '2493', '2016-09-01', 'email91@company16.com', '70383');
INSERT INTO `samples_company__worker` VALUES ('2494', '16', 'Worker 92', '2494', '2016-09-01', 'email92@company16.com', '70384');
INSERT INTO `samples_company__worker` VALUES ('2495', '16', 'Worker 93', '2495', '2016-09-01', 'email93@company16.com', '70385');
INSERT INTO `samples_company__worker` VALUES ('2496', '16', 'Worker 94', '2496', '2016-09-01', 'email94@company16.com', '70386');
INSERT INTO `samples_company__worker` VALUES ('2497', '16', 'Worker 95', '2497', '2016-09-01', 'email95@company16.com', '70387');
INSERT INTO `samples_company__worker` VALUES ('2498', '16', 'Worker 96', '2498', '2016-09-01', 'email96@company16.com', '70388');
INSERT INTO `samples_company__worker` VALUES ('2499', '16', 'Worker 97', '2499', '2016-09-01', 'email97@company16.com', '70389');
INSERT INTO `samples_company__worker` VALUES ('2500', '16', 'Worker 98', '2500', '2016-09-01', 'email98@company16.com', '70390');
INSERT INTO `samples_company__worker` VALUES ('2501', '16', 'Worker 99', '2501', '2016-09-01', 'email99@company16.com', '70391');
INSERT INTO `samples_company__worker` VALUES ('2502', '16', 'Worker 100', '2502', '2016-09-01', 'email100@company16.com', '70392');
INSERT INTO `samples_company__worker` VALUES ('2503', '16', 'Worker 101', '2503', '2016-09-01', 'email101@company16.com', '70393');
INSERT INTO `samples_company__worker` VALUES ('2504', '16', 'Worker 102', '2504', '2016-09-01', 'email102@company16.com', '70394');
INSERT INTO `samples_company__worker` VALUES ('2505', '16', 'Worker 103', '2505', '2016-09-01', 'email103@company16.com', '70395');
INSERT INTO `samples_company__worker` VALUES ('2506', '16', 'Worker 104', '2506', '2016-09-01', 'email104@company16.com', '70396');
INSERT INTO `samples_company__worker` VALUES ('2507', '16', 'Worker 105', '2507', '2016-09-01', 'email105@company16.com', '70397');
INSERT INTO `samples_company__worker` VALUES ('2508', '16', 'Worker 106', '2508', '2016-09-01', 'email106@company16.com', '70398');
INSERT INTO `samples_company__worker` VALUES ('2509', '16', 'Worker 107', '2509', '2016-09-01', 'email107@company16.com', '70399');
INSERT INTO `samples_company__worker` VALUES ('2510', '16', 'Worker 108', '2510', '2016-09-01', 'email108@company16.com', '70400');
INSERT INTO `samples_company__worker` VALUES ('2511', '16', 'Worker 109', '2511', '2016-09-01', 'email109@company16.com', '70401');
INSERT INTO `samples_company__worker` VALUES ('2512', '16', 'Worker 110', '2512', '2016-09-01', 'email110@company16.com', '70402');
INSERT INTO `samples_company__worker` VALUES ('2513', '16', 'Worker 111', '2513', '2016-09-01', 'email111@company16.com', '70403');
INSERT INTO `samples_company__worker` VALUES ('2514', '16', 'Worker 112', '2514', '2016-09-01', 'email112@company16.com', '70404');
INSERT INTO `samples_company__worker` VALUES ('2515', '16', 'Worker 113', '2515', '2016-09-01', 'email113@company16.com', '70405');
INSERT INTO `samples_company__worker` VALUES ('2516', '16', 'Worker 114', '2516', '2016-09-01', 'email114@company16.com', '70406');
INSERT INTO `samples_company__worker` VALUES ('2517', '16', 'Worker 115', '2517', '2016-09-01', 'email115@company16.com', '70407');
INSERT INTO `samples_company__worker` VALUES ('2518', '16', 'Worker 116', '2518', '2016-09-01', 'email116@company16.com', '70408');
INSERT INTO `samples_company__worker` VALUES ('2519', '16', 'Worker 117', '2519', '2016-09-01', 'email117@company16.com', '70409');
INSERT INTO `samples_company__worker` VALUES ('2520', '16', 'Worker 118', '2520', '2016-09-01', 'email118@company16.com', '70410');
INSERT INTO `samples_company__worker` VALUES ('2521', '16', 'Worker 119', '2521', '2016-09-01', 'email119@company16.com', '70411');
INSERT INTO `samples_company__worker` VALUES ('2522', '16', 'Worker 120', '2522', '2016-09-01', 'email120@company16.com', '70412');
INSERT INTO `samples_company__worker` VALUES ('2523', '16', 'Worker 121', '2523', '2016-09-01', 'email121@company16.com', '70413');
INSERT INTO `samples_company__worker` VALUES ('2524', '16', 'Worker 122', '2524', '2016-09-01', 'email122@company16.com', '70414');
INSERT INTO `samples_company__worker` VALUES ('2525', '16', 'Worker 123', '2525', '2016-09-01', 'email123@company16.com', '70415');
INSERT INTO `samples_company__worker` VALUES ('2526', '16', 'Worker 124', '2526', '2016-09-01', 'email124@company16.com', '70416');
INSERT INTO `samples_company__worker` VALUES ('2527', '16', 'Worker 125', '2527', '2016-09-01', 'email125@company16.com', '70417');
INSERT INTO `samples_company__worker` VALUES ('2528', '16', 'Worker 126', '2528', '2016-09-01', 'email126@company16.com', '70418');
INSERT INTO `samples_company__worker` VALUES ('2529', '16', 'Worker 127', '2529', '2016-09-01', 'email127@company16.com', '70419');
INSERT INTO `samples_company__worker` VALUES ('2530', '16', 'Worker 128', '2530', '2016-09-01', 'email128@company16.com', '70420');
INSERT INTO `samples_company__worker` VALUES ('2531', '16', 'Worker 129', '2531', '2016-09-01', 'email129@company16.com', '70421');
INSERT INTO `samples_company__worker` VALUES ('2532', '16', 'Worker 130', '2532', '2016-09-01', 'email130@company16.com', '70422');
INSERT INTO `samples_company__worker` VALUES ('2533', '16', 'Worker 131', '2533', '2016-09-01', 'email131@company16.com', '70423');
INSERT INTO `samples_company__worker` VALUES ('2534', '16', 'Worker 132', '2534', '2016-09-01', 'email132@company16.com', '70424');
INSERT INTO `samples_company__worker` VALUES ('2535', '16', 'Worker 133', '2535', '2016-09-01', 'email133@company16.com', '70425');
INSERT INTO `samples_company__worker` VALUES ('2536', '16', 'Worker 134', '2536', '2016-09-01', 'email134@company16.com', '70426');
INSERT INTO `samples_company__worker` VALUES ('2537', '16', 'Worker 135', '2537', '2016-09-01', 'email135@company16.com', '70427');
INSERT INTO `samples_company__worker` VALUES ('2538', '16', 'Worker 136', '2538', '2016-09-01', 'email136@company16.com', '70428');
INSERT INTO `samples_company__worker` VALUES ('2539', '16', 'Worker 137', '2539', '2016-09-01', 'email137@company16.com', '70429');
INSERT INTO `samples_company__worker` VALUES ('2540', '16', 'Worker 138', '2540', '2016-09-01', 'email138@company16.com', '70430');
INSERT INTO `samples_company__worker` VALUES ('2541', '16', 'Worker 139', '2541', '2016-09-01', 'email139@company16.com', '70431');
INSERT INTO `samples_company__worker` VALUES ('2542', '16', 'Worker 140', '2542', '2016-09-01', 'email140@company16.com', '70432');
INSERT INTO `samples_company__worker` VALUES ('2543', '16', 'Worker 141', '2543', '2016-09-01', 'email141@company16.com', '70433');
INSERT INTO `samples_company__worker` VALUES ('2544', '16', 'Worker 142', '2544', '2016-09-01', 'email142@company16.com', '70434');
INSERT INTO `samples_company__worker` VALUES ('2545', '16', 'Worker 143', '2545', '2016-09-01', 'email143@company16.com', '70435');
INSERT INTO `samples_company__worker` VALUES ('2546', '16', 'Worker 144', '2546', '2016-09-01', 'email144@company16.com', '70436');
INSERT INTO `samples_company__worker` VALUES ('2547', '16', 'Worker 145', '2547', '2016-09-01', 'email145@company16.com', '70437');
INSERT INTO `samples_company__worker` VALUES ('2548', '16', 'Worker 146', '2548', '2016-09-01', 'email146@company16.com', '70438');
INSERT INTO `samples_company__worker` VALUES ('2549', '16', 'Worker 147', '2549', '2016-09-01', 'email147@company16.com', '70439');
INSERT INTO `samples_company__worker` VALUES ('2550', '16', 'Worker 148', '2550', '2016-09-01', 'email148@company16.com', '70440');
INSERT INTO `samples_company__worker` VALUES ('2551', '16', 'Worker 149', '2551', '2016-09-01', 'email149@company16.com', '70441');
INSERT INTO `samples_company__worker` VALUES ('2552', '16', 'Worker 150', '2552', '2016-09-01', 'email150@company16.com', '70442');
INSERT INTO `samples_company__worker` VALUES ('2553', '16', 'Worker 151', '2553', '2016-09-01', 'email151@company16.com', '70443');
INSERT INTO `samples_company__worker` VALUES ('2554', '16', 'Worker 152', '2554', '2016-09-01', 'email152@company16.com', '70444');
INSERT INTO `samples_company__worker` VALUES ('2555', '16', 'Worker 153', '2555', '2016-09-01', 'email153@company16.com', '70445');
INSERT INTO `samples_company__worker` VALUES ('2556', '16', 'Worker 154', '2556', '2016-09-01', 'email154@company16.com', '70446');
INSERT INTO `samples_company__worker` VALUES ('2557', '16', 'Worker 155', '2557', '2016-09-01', 'email155@company16.com', '70447');
INSERT INTO `samples_company__worker` VALUES ('2558', '16', 'Worker 156', '2558', '2016-09-01', 'email156@company16.com', '70448');
INSERT INTO `samples_company__worker` VALUES ('2559', '16', 'Worker 157', '2559', '2016-09-01', 'email157@company16.com', '70449');
INSERT INTO `samples_company__worker` VALUES ('2560', '16', 'Worker 158', '2560', '2016-09-01', 'email158@company16.com', '70450');
INSERT INTO `samples_company__worker` VALUES ('2561', '16', 'Worker 159', '2561', '2016-09-01', 'email159@company16.com', '70451');
INSERT INTO `samples_company__worker` VALUES ('2562', '16', 'Worker 160', '2562', '2016-09-01', 'email160@company16.com', '70452');
INSERT INTO `samples_company__worker` VALUES ('2563', '16', 'Worker 161', '2563', '2016-09-01', 'email161@company16.com', '70453');
INSERT INTO `samples_company__worker` VALUES ('2564', '16', 'Worker 162', '2564', '2016-09-01', 'email162@company16.com', '70454');
INSERT INTO `samples_company__worker` VALUES ('2565', '16', 'Worker 163', '2565', '2016-09-01', 'email163@company16.com', '70455');
INSERT INTO `samples_company__worker` VALUES ('2566', '16', 'Worker 164', '2566', '2016-09-01', 'email164@company16.com', '70456');
INSERT INTO `samples_company__worker` VALUES ('2567', '16', 'Worker 165', '2567', '2016-09-01', 'email165@company16.com', '70457');
INSERT INTO `samples_company__worker` VALUES ('2568', '16', 'Worker 166', '2568', '2016-09-01', 'email166@company16.com', '70458');
INSERT INTO `samples_company__worker` VALUES ('2569', '16', 'Worker 167', '2569', '2016-09-01', 'email167@company16.com', '70459');
INSERT INTO `samples_company__worker` VALUES ('2570', '16', 'Worker 168', '2570', '2016-09-01', 'email168@company16.com', '70460');
INSERT INTO `samples_company__worker` VALUES ('2571', '16', 'Worker 169', '2571', '2016-09-01', 'email169@company16.com', '70461');
INSERT INTO `samples_company__worker` VALUES ('2572', '16', 'Worker 170', '2572', '2016-09-01', 'email170@company16.com', '70462');
INSERT INTO `samples_company__worker` VALUES ('2573', '16', 'Worker 171', '2573', '2016-09-01', 'email171@company16.com', '70463');
INSERT INTO `samples_company__worker` VALUES ('2574', '16', 'Worker 172', '2574', '2016-09-01', 'email172@company16.com', '70464');
INSERT INTO `samples_company__worker` VALUES ('2575', '16', 'Worker 173', '2575', '2016-09-01', 'email173@company16.com', '70465');
INSERT INTO `samples_company__worker` VALUES ('2576', '16', 'Worker 174', '2576', '2016-09-01', 'email174@company16.com', '70466');
INSERT INTO `samples_company__worker` VALUES ('2577', '16', 'Worker 175', '2577', '2016-09-01', 'email175@company16.com', '70467');
INSERT INTO `samples_company__worker` VALUES ('2578', '16', 'Worker 176', '2578', '2016-09-01', 'email176@company16.com', '70468');
INSERT INTO `samples_company__worker` VALUES ('2579', '16', 'Worker 177', '2579', '2016-09-01', 'email177@company16.com', '70469');
INSERT INTO `samples_company__worker` VALUES ('2580', '16', 'Worker 178', '2580', '2016-09-01', 'email178@company16.com', '70470');
INSERT INTO `samples_company__worker` VALUES ('2581', '16', 'Worker 179', '2581', '2016-09-01', 'email179@company16.com', '70471');
INSERT INTO `samples_company__worker` VALUES ('2582', '16', 'Worker 180', '2582', '2016-09-01', 'email180@company16.com', '70472');
INSERT INTO `samples_company__worker` VALUES ('2583', '16', 'Worker 181', '2583', '2016-09-01', 'email181@company16.com', '70473');
INSERT INTO `samples_company__worker` VALUES ('2584', '16', 'Worker 182', '2584', '2016-09-01', 'email182@company16.com', '70474');
INSERT INTO `samples_company__worker` VALUES ('2585', '16', 'Worker 183', '2585', '2016-09-01', 'email183@company16.com', '70475');
INSERT INTO `samples_company__worker` VALUES ('2586', '16', 'Worker 184', '2586', '2016-09-01', 'email184@company16.com', '70476');
INSERT INTO `samples_company__worker` VALUES ('2587', '16', 'Worker 185', '2587', '2016-09-01', 'email185@company16.com', '70477');
INSERT INTO `samples_company__worker` VALUES ('2588', '16', 'Worker 186', '2588', '2016-09-01', 'email186@company16.com', '70478');
INSERT INTO `samples_company__worker` VALUES ('2589', '16', 'Worker 187', '2589', '2016-09-01', 'email187@company16.com', '70479');
INSERT INTO `samples_company__worker` VALUES ('2590', '16', 'Worker 188', '2590', '2016-09-01', 'email188@company16.com', '70480');
INSERT INTO `samples_company__worker` VALUES ('2591', '16', 'Worker 189', '2591', '2016-09-01', 'email189@company16.com', '70481');
INSERT INTO `samples_company__worker` VALUES ('2592', '16', 'Worker 190', '2592', '2016-09-01', 'email190@company16.com', '70482');
INSERT INTO `samples_company__worker` VALUES ('2593', '16', 'Worker 191', '2593', '2016-09-01', 'email191@company16.com', '70483');
INSERT INTO `samples_company__worker` VALUES ('2594', '16', 'Worker 192', '2594', '2016-09-01', 'email192@company16.com', '70484');
INSERT INTO `samples_company__worker` VALUES ('2595', '16', 'Worker 193', '2595', '2016-09-01', 'email193@company16.com', '70485');
INSERT INTO `samples_company__worker` VALUES ('2596', '16', 'Worker 194', '2596', '2016-09-01', 'email194@company16.com', '70486');
INSERT INTO `samples_company__worker` VALUES ('2597', '16', 'Worker 195', '2597', '2016-09-01', 'email195@company16.com', '70487');
INSERT INTO `samples_company__worker` VALUES ('2598', '16', 'Worker 196', '2598', '2016-09-01', 'email196@company16.com', '70488');
INSERT INTO `samples_company__worker` VALUES ('2599', '16', 'Worker 197', '2599', '2016-09-01', 'email197@company16.com', '70489');
INSERT INTO `samples_company__worker` VALUES ('2600', '16', 'Worker 198', '2600', '2016-09-01', 'email198@company16.com', '70490');
INSERT INTO `samples_company__worker` VALUES ('2601', '16', 'Worker 199', '2601', '2016-09-01', 'email199@company16.com', '70491');
INSERT INTO `samples_company__worker` VALUES ('2602', '16', 'Worker 200', '2602', '2016-09-01', 'email200@company16.com', '70492');
INSERT INTO `samples_company__worker` VALUES ('2603', '17', 'Worker 1', '2603', '2016-09-01', 'email1@company17.com', '70493');
INSERT INTO `samples_company__worker` VALUES ('2604', '17', 'Worker 2', '2604', '2016-09-01', 'email2@company17.com', '70494');
INSERT INTO `samples_company__worker` VALUES ('2605', '17', 'Worker 3', '2605', '2016-09-01', 'email3@company17.com', '70495');
INSERT INTO `samples_company__worker` VALUES ('2606', '17', 'Worker 4', '2606', '2016-09-01', 'email4@company17.com', '70496');
INSERT INTO `samples_company__worker` VALUES ('2607', '17', 'Worker 5', '2607', '2016-09-01', 'email5@company17.com', '70497');
INSERT INTO `samples_company__worker` VALUES ('2608', '17', 'Worker 6', '2608', '2016-09-01', 'email6@company17.com', '70498');
INSERT INTO `samples_company__worker` VALUES ('2609', '17', 'Worker 7', '2609', '2016-09-01', 'email7@company17.com', '70499');
INSERT INTO `samples_company__worker` VALUES ('2610', '17', 'Worker 8', '2610', '2016-09-01', 'email8@company17.com', '70500');
INSERT INTO `samples_company__worker` VALUES ('2611', '17', 'Worker 9', '2611', '2016-09-01', 'email9@company17.com', '70501');
INSERT INTO `samples_company__worker` VALUES ('2612', '17', 'Worker 10', '2612', '2016-09-01', 'email10@company17.com', '70502');
INSERT INTO `samples_company__worker` VALUES ('2613', '17', 'Worker 11', '2613', '2016-09-01', 'email11@company17.com', '70503');
INSERT INTO `samples_company__worker` VALUES ('2614', '17', 'Worker 12', '2614', '2016-09-01', 'email12@company17.com', '70504');
INSERT INTO `samples_company__worker` VALUES ('2615', '17', 'Worker 13', '2615', '2016-09-01', 'email13@company17.com', '70505');
INSERT INTO `samples_company__worker` VALUES ('2616', '17', 'Worker 14', '2616', '2016-09-01', 'email14@company17.com', '70506');
INSERT INTO `samples_company__worker` VALUES ('2617', '17', 'Worker 15', '2617', '2016-09-01', 'email15@company17.com', '70507');
INSERT INTO `samples_company__worker` VALUES ('2618', '17', 'Worker 16', '2618', '2016-09-01', 'email16@company17.com', '70508');
INSERT INTO `samples_company__worker` VALUES ('2619', '17', 'Worker 17', '2619', '2016-09-01', 'email17@company17.com', '70509');
INSERT INTO `samples_company__worker` VALUES ('2620', '17', 'Worker 18', '2620', '2016-09-01', 'email18@company17.com', '70510');
INSERT INTO `samples_company__worker` VALUES ('2621', '17', 'Worker 19', '2621', '2016-09-01', 'email19@company17.com', '70511');
INSERT INTO `samples_company__worker` VALUES ('2622', '17', 'Worker 20', '2622', '2016-09-01', 'email20@company17.com', '70512');
INSERT INTO `samples_company__worker` VALUES ('2623', '17', 'Worker 21', '2623', '2016-09-01', 'email21@company17.com', '70513');
INSERT INTO `samples_company__worker` VALUES ('2624', '17', 'Worker 22', '2624', '2016-09-01', 'email22@company17.com', '70514');
INSERT INTO `samples_company__worker` VALUES ('2625', '17', 'Worker 23', '2625', '2016-09-01', 'email23@company17.com', '70515');
INSERT INTO `samples_company__worker` VALUES ('2626', '17', 'Worker 24', '2626', '2016-09-01', 'email24@company17.com', '70516');
INSERT INTO `samples_company__worker` VALUES ('2627', '17', 'Worker 25', '2627', '2016-09-01', 'email25@company17.com', '70517');
INSERT INTO `samples_company__worker` VALUES ('2628', '17', 'Worker 26', '2628', '2016-09-01', 'email26@company17.com', '70518');
INSERT INTO `samples_company__worker` VALUES ('2629', '17', 'Worker 27', '2629', '2016-09-01', 'email27@company17.com', '70519');
INSERT INTO `samples_company__worker` VALUES ('2630', '17', 'Worker 28', '2630', '2016-09-01', 'email28@company17.com', '70520');
INSERT INTO `samples_company__worker` VALUES ('2631', '17', 'Worker 29', '2631', '2016-09-01', 'email29@company17.com', '70521');
INSERT INTO `samples_company__worker` VALUES ('2632', '17', 'Worker 30', '2632', '2016-09-01', 'email30@company17.com', '70522');
INSERT INTO `samples_company__worker` VALUES ('2633', '17', 'Worker 31', '2633', '2016-09-01', 'email31@company17.com', '70523');
INSERT INTO `samples_company__worker` VALUES ('2634', '17', 'Worker 32', '2634', '2016-09-01', 'email32@company17.com', '70524');
INSERT INTO `samples_company__worker` VALUES ('2635', '17', 'Worker 33', '2635', '2016-09-01', 'email33@company17.com', '70525');
INSERT INTO `samples_company__worker` VALUES ('2636', '17', 'Worker 34', '2636', '2016-09-01', 'email34@company17.com', '70526');
INSERT INTO `samples_company__worker` VALUES ('2637', '17', 'Worker 35', '2637', '2016-09-01', 'email35@company17.com', '70527');
INSERT INTO `samples_company__worker` VALUES ('2638', '17', 'Worker 36', '2638', '2016-09-01', 'email36@company17.com', '70528');
INSERT INTO `samples_company__worker` VALUES ('2639', '17', 'Worker 37', '2639', '2016-09-01', 'email37@company17.com', '70529');
INSERT INTO `samples_company__worker` VALUES ('2640', '17', 'Worker 38', '2640', '2016-09-01', 'email38@company17.com', '70530');
INSERT INTO `samples_company__worker` VALUES ('2641', '17', 'Worker 39', '2641', '2016-09-01', 'email39@company17.com', '70531');
INSERT INTO `samples_company__worker` VALUES ('2642', '17', 'Worker 40', '2642', '2016-09-01', 'email40@company17.com', '70532');
INSERT INTO `samples_company__worker` VALUES ('2643', '17', 'Worker 41', '2643', '2016-09-01', 'email41@company17.com', '70533');
INSERT INTO `samples_company__worker` VALUES ('2644', '17', 'Worker 42', '2644', '2016-09-01', 'email42@company17.com', '70534');
INSERT INTO `samples_company__worker` VALUES ('2645', '17', 'Worker 43', '2645', '2016-09-01', 'email43@company17.com', '70535');
INSERT INTO `samples_company__worker` VALUES ('2646', '17', 'Worker 44', '2646', '2016-09-01', 'email44@company17.com', '70536');
INSERT INTO `samples_company__worker` VALUES ('2647', '17', 'Worker 45', '2647', '2016-09-01', 'email45@company17.com', '70537');
INSERT INTO `samples_company__worker` VALUES ('2648', '17', 'Worker 46', '2648', '2016-09-01', 'email46@company17.com', '70538');
INSERT INTO `samples_company__worker` VALUES ('2649', '17', 'Worker 47', '2649', '2016-09-01', 'email47@company17.com', '70539');
INSERT INTO `samples_company__worker` VALUES ('2650', '17', 'Worker 48', '2650', '2016-09-01', 'email48@company17.com', '70540');
INSERT INTO `samples_company__worker` VALUES ('2651', '17', 'Worker 49', '2651', '2016-09-01', 'email49@company17.com', '70541');
INSERT INTO `samples_company__worker` VALUES ('2652', '17', 'Worker 50', '2652', '2016-09-01', 'email50@company17.com', '70542');
INSERT INTO `samples_company__worker` VALUES ('2653', '17', 'Worker 51', '2653', '2016-09-01', 'email51@company17.com', '70543');
INSERT INTO `samples_company__worker` VALUES ('2654', '17', 'Worker 52', '2654', '2016-09-01', 'email52@company17.com', '70544');
INSERT INTO `samples_company__worker` VALUES ('2655', '17', 'Worker 53', '2655', '2016-09-01', 'email53@company17.com', '70545');
INSERT INTO `samples_company__worker` VALUES ('2656', '17', 'Worker 54', '2656', '2016-09-01', 'email54@company17.com', '70546');
INSERT INTO `samples_company__worker` VALUES ('2657', '17', 'Worker 55', '2657', '2016-09-01', 'email55@company17.com', '70547');
INSERT INTO `samples_company__worker` VALUES ('2658', '17', 'Worker 56', '2658', '2016-09-01', 'email56@company17.com', '70548');
INSERT INTO `samples_company__worker` VALUES ('2659', '17', 'Worker 57', '2659', '2016-09-01', 'email57@company17.com', '70549');
INSERT INTO `samples_company__worker` VALUES ('2660', '17', 'Worker 58', '2660', '2016-09-01', 'email58@company17.com', '70550');
INSERT INTO `samples_company__worker` VALUES ('2661', '17', 'Worker 59', '2661', '2016-09-01', 'email59@company17.com', '70551');
INSERT INTO `samples_company__worker` VALUES ('2662', '17', 'Worker 60', '2662', '2016-09-01', 'email60@company17.com', '70552');
INSERT INTO `samples_company__worker` VALUES ('2663', '17', 'Worker 61', '2663', '2016-09-01', 'email61@company17.com', '70553');
INSERT INTO `samples_company__worker` VALUES ('2664', '17', 'Worker 62', '2664', '2016-09-01', 'email62@company17.com', '70554');
INSERT INTO `samples_company__worker` VALUES ('2665', '17', 'Worker 63', '2665', '2016-09-01', 'email63@company17.com', '70555');
INSERT INTO `samples_company__worker` VALUES ('2666', '17', 'Worker 64', '2666', '2016-09-01', 'email64@company17.com', '70556');
INSERT INTO `samples_company__worker` VALUES ('2667', '17', 'Worker 65', '2667', '2016-09-01', 'email65@company17.com', '70557');
INSERT INTO `samples_company__worker` VALUES ('2668', '17', 'Worker 66', '2668', '2016-09-01', 'email66@company17.com', '70558');
INSERT INTO `samples_company__worker` VALUES ('2669', '17', 'Worker 67', '2669', '2016-09-01', 'email67@company17.com', '70559');
INSERT INTO `samples_company__worker` VALUES ('2670', '17', 'Worker 68', '2670', '2016-09-01', 'email68@company17.com', '70560');
INSERT INTO `samples_company__worker` VALUES ('2671', '17', 'Worker 69', '2671', '2016-09-01', 'email69@company17.com', '70561');
INSERT INTO `samples_company__worker` VALUES ('2672', '17', 'Worker 70', '2672', '2016-09-01', 'email70@company17.com', '70562');
INSERT INTO `samples_company__worker` VALUES ('2673', '17', 'Worker 71', '2673', '2016-09-01', 'email71@company17.com', '70563');
INSERT INTO `samples_company__worker` VALUES ('2674', '17', 'Worker 72', '2674', '2016-09-01', 'email72@company17.com', '70564');
INSERT INTO `samples_company__worker` VALUES ('2675', '17', 'Worker 73', '2675', '2016-09-01', 'email73@company17.com', '70565');
INSERT INTO `samples_company__worker` VALUES ('2676', '17', 'Worker 74', '2676', '2016-09-01', 'email74@company17.com', '70566');
INSERT INTO `samples_company__worker` VALUES ('2677', '17', 'Worker 75', '2677', '2016-09-01', 'email75@company17.com', '70567');
INSERT INTO `samples_company__worker` VALUES ('2678', '17', 'Worker 76', '2678', '2016-09-01', 'email76@company17.com', '70568');
INSERT INTO `samples_company__worker` VALUES ('2679', '17', 'Worker 77', '2679', '2016-09-01', 'email77@company17.com', '70569');
INSERT INTO `samples_company__worker` VALUES ('2680', '17', 'Worker 78', '2680', '2016-09-01', 'email78@company17.com', '70570');
INSERT INTO `samples_company__worker` VALUES ('2681', '17', 'Worker 79', '2681', '2016-09-01', 'email79@company17.com', '70571');
INSERT INTO `samples_company__worker` VALUES ('2682', '17', 'Worker 80', '2682', '2016-09-01', 'email80@company17.com', '70572');
INSERT INTO `samples_company__worker` VALUES ('2683', '17', 'Worker 81', '2683', '2016-09-01', 'email81@company17.com', '70573');
INSERT INTO `samples_company__worker` VALUES ('2684', '17', 'Worker 82', '2684', '2016-09-01', 'email82@company17.com', '70574');
INSERT INTO `samples_company__worker` VALUES ('2685', '17', 'Worker 83', '2685', '2016-09-01', 'email83@company17.com', '70575');
INSERT INTO `samples_company__worker` VALUES ('2686', '17', 'Worker 84', '2686', '2016-09-01', 'email84@company17.com', '70576');
INSERT INTO `samples_company__worker` VALUES ('2687', '17', 'Worker 85', '2687', '2016-09-01', 'email85@company17.com', '70577');
INSERT INTO `samples_company__worker` VALUES ('2688', '17', 'Worker 86', '2688', '2016-09-01', 'email86@company17.com', '70578');
INSERT INTO `samples_company__worker` VALUES ('2689', '17', 'Worker 87', '2689', '2016-09-01', 'email87@company17.com', '70579');
INSERT INTO `samples_company__worker` VALUES ('2690', '17', 'Worker 88', '2690', '2016-09-01', 'email88@company17.com', '70580');
INSERT INTO `samples_company__worker` VALUES ('2691', '17', 'Worker 89', '2691', '2016-09-01', 'email89@company17.com', '70581');
INSERT INTO `samples_company__worker` VALUES ('2692', '17', 'Worker 90', '2692', '2016-09-01', 'email90@company17.com', '70582');
INSERT INTO `samples_company__worker` VALUES ('2693', '17', 'Worker 91', '2693', '2016-09-01', 'email91@company17.com', '70583');
INSERT INTO `samples_company__worker` VALUES ('2694', '17', 'Worker 92', '2694', '2016-09-01', 'email92@company17.com', '70584');
INSERT INTO `samples_company__worker` VALUES ('2695', '17', 'Worker 93', '2695', '2016-09-01', 'email93@company17.com', '70585');
INSERT INTO `samples_company__worker` VALUES ('2696', '17', 'Worker 94', '2696', '2016-09-01', 'email94@company17.com', '70586');
INSERT INTO `samples_company__worker` VALUES ('2697', '17', 'Worker 95', '2697', '2016-09-01', 'email95@company17.com', '70587');
INSERT INTO `samples_company__worker` VALUES ('2698', '17', 'Worker 96', '2698', '2016-09-01', 'email96@company17.com', '70588');
INSERT INTO `samples_company__worker` VALUES ('2699', '17', 'Worker 97', '2699', '2016-09-01', 'email97@company17.com', '70589');
INSERT INTO `samples_company__worker` VALUES ('2700', '17', 'Worker 98', '2700', '2016-09-01', 'email98@company17.com', '70590');
INSERT INTO `samples_company__worker` VALUES ('2701', '17', 'Worker 99', '2701', '2016-09-01', 'email99@company17.com', '70591');
INSERT INTO `samples_company__worker` VALUES ('2702', '17', 'Worker 100', '2702', '2016-09-01', 'email100@company17.com', '70592');
INSERT INTO `samples_company__worker` VALUES ('2703', '17', 'Worker 101', '2703', '2016-09-01', 'email101@company17.com', '70593');
INSERT INTO `samples_company__worker` VALUES ('2704', '17', 'Worker 102', '2704', '2016-09-01', 'email102@company17.com', '70594');
INSERT INTO `samples_company__worker` VALUES ('2705', '17', 'Worker 103', '2705', '2016-09-01', 'email103@company17.com', '70595');
INSERT INTO `samples_company__worker` VALUES ('2706', '17', 'Worker 104', '2706', '2016-09-01', 'email104@company17.com', '70596');
INSERT INTO `samples_company__worker` VALUES ('2707', '17', 'Worker 105', '2707', '2016-09-01', 'email105@company17.com', '70597');
INSERT INTO `samples_company__worker` VALUES ('2708', '17', 'Worker 106', '2708', '2016-09-01', 'email106@company17.com', '70598');
INSERT INTO `samples_company__worker` VALUES ('2709', '17', 'Worker 107', '2709', '2016-09-01', 'email107@company17.com', '70599');
INSERT INTO `samples_company__worker` VALUES ('2710', '17', 'Worker 108', '2710', '2016-09-01', 'email108@company17.com', '70600');
INSERT INTO `samples_company__worker` VALUES ('2711', '17', 'Worker 109', '2711', '2016-09-01', 'email109@company17.com', '70601');
INSERT INTO `samples_company__worker` VALUES ('2712', '17', 'Worker 110', '2712', '2016-09-01', 'email110@company17.com', '70602');
INSERT INTO `samples_company__worker` VALUES ('2713', '17', 'Worker 111', '2713', '2016-09-01', 'email111@company17.com', '70603');
INSERT INTO `samples_company__worker` VALUES ('2714', '17', 'Worker 112', '2714', '2016-09-01', 'email112@company17.com', '70604');
INSERT INTO `samples_company__worker` VALUES ('2715', '17', 'Worker 113', '2715', '2016-09-01', 'email113@company17.com', '70605');
INSERT INTO `samples_company__worker` VALUES ('2716', '17', 'Worker 114', '2716', '2016-09-01', 'email114@company17.com', '70606');
INSERT INTO `samples_company__worker` VALUES ('2717', '17', 'Worker 115', '2717', '2016-09-01', 'email115@company17.com', '70607');
INSERT INTO `samples_company__worker` VALUES ('2718', '17', 'Worker 116', '2718', '2016-09-01', 'email116@company17.com', '70608');
INSERT INTO `samples_company__worker` VALUES ('2719', '17', 'Worker 117', '2719', '2016-09-01', 'email117@company17.com', '70609');
INSERT INTO `samples_company__worker` VALUES ('2720', '17', 'Worker 118', '2720', '2016-09-01', 'email118@company17.com', '70610');
INSERT INTO `samples_company__worker` VALUES ('2721', '17', 'Worker 119', '2721', '2016-09-01', 'email119@company17.com', '70611');
INSERT INTO `samples_company__worker` VALUES ('2722', '17', 'Worker 120', '2722', '2016-09-01', 'email120@company17.com', '70612');
INSERT INTO `samples_company__worker` VALUES ('2723', '17', 'Worker 121', '2723', '2016-09-01', 'email121@company17.com', '70613');
INSERT INTO `samples_company__worker` VALUES ('2724', '17', 'Worker 122', '2724', '2016-09-01', 'email122@company17.com', '70614');
INSERT INTO `samples_company__worker` VALUES ('2725', '17', 'Worker 123', '2725', '2016-09-01', 'email123@company17.com', '70615');
INSERT INTO `samples_company__worker` VALUES ('2726', '17', 'Worker 124', '2726', '2016-09-01', 'email124@company17.com', '70616');
INSERT INTO `samples_company__worker` VALUES ('2727', '17', 'Worker 125', '2727', '2016-09-01', 'email125@company17.com', '70617');
INSERT INTO `samples_company__worker` VALUES ('2728', '17', 'Worker 126', '2728', '2016-09-01', 'email126@company17.com', '70618');
INSERT INTO `samples_company__worker` VALUES ('2729', '17', 'Worker 127', '2729', '2016-09-01', 'email127@company17.com', '70619');
INSERT INTO `samples_company__worker` VALUES ('2730', '17', 'Worker 128', '2730', '2016-09-01', 'email128@company17.com', '70620');
INSERT INTO `samples_company__worker` VALUES ('2731', '17', 'Worker 129', '2731', '2016-09-01', 'email129@company17.com', '70621');
INSERT INTO `samples_company__worker` VALUES ('2732', '17', 'Worker 130', '2732', '2016-09-01', 'email130@company17.com', '70622');
INSERT INTO `samples_company__worker` VALUES ('2733', '17', 'Worker 131', '2733', '2016-09-01', 'email131@company17.com', '70623');
INSERT INTO `samples_company__worker` VALUES ('2734', '17', 'Worker 132', '2734', '2016-09-01', 'email132@company17.com', '70624');
INSERT INTO `samples_company__worker` VALUES ('2735', '17', 'Worker 133', '2735', '2016-09-01', 'email133@company17.com', '70625');
INSERT INTO `samples_company__worker` VALUES ('2736', '17', 'Worker 134', '2736', '2016-09-01', 'email134@company17.com', '70626');
INSERT INTO `samples_company__worker` VALUES ('2737', '17', 'Worker 135', '2737', '2016-09-01', 'email135@company17.com', '70627');
INSERT INTO `samples_company__worker` VALUES ('2738', '17', 'Worker 136', '2738', '2016-09-01', 'email136@company17.com', '70628');
INSERT INTO `samples_company__worker` VALUES ('2739', '17', 'Worker 137', '2739', '2016-09-01', 'email137@company17.com', '70629');
INSERT INTO `samples_company__worker` VALUES ('2740', '17', 'Worker 138', '2740', '2016-09-01', 'email138@company17.com', '70630');
INSERT INTO `samples_company__worker` VALUES ('2741', '17', 'Worker 139', '2741', '2016-09-01', 'email139@company17.com', '70631');
INSERT INTO `samples_company__worker` VALUES ('2742', '17', 'Worker 140', '2742', '2016-09-01', 'email140@company17.com', '70632');
INSERT INTO `samples_company__worker` VALUES ('2743', '17', 'Worker 141', '2743', '2016-09-01', 'email141@company17.com', '70633');
INSERT INTO `samples_company__worker` VALUES ('2744', '17', 'Worker 142', '2744', '2016-09-01', 'email142@company17.com', '70634');
INSERT INTO `samples_company__worker` VALUES ('2745', '17', 'Worker 143', '2745', '2016-09-01', 'email143@company17.com', '70635');
INSERT INTO `samples_company__worker` VALUES ('2746', '17', 'Worker 144', '2746', '2016-09-01', 'email144@company17.com', '70636');
INSERT INTO `samples_company__worker` VALUES ('2747', '17', 'Worker 145', '2747', '2016-09-01', 'email145@company17.com', '70637');
INSERT INTO `samples_company__worker` VALUES ('2748', '17', 'Worker 146', '2748', '2016-09-01', 'email146@company17.com', '70638');
INSERT INTO `samples_company__worker` VALUES ('2749', '17', 'Worker 147', '2749', '2016-09-01', 'email147@company17.com', '70639');
INSERT INTO `samples_company__worker` VALUES ('2750', '17', 'Worker 148', '2750', '2016-09-01', 'email148@company17.com', '70640');
INSERT INTO `samples_company__worker` VALUES ('2751', '17', 'Worker 149', '2751', '2016-09-01', 'email149@company17.com', '70641');
INSERT INTO `samples_company__worker` VALUES ('2752', '17', 'Worker 150', '2752', '2016-09-01', 'email150@company17.com', '70642');
INSERT INTO `samples_company__worker` VALUES ('2753', '17', 'Worker 151', '2753', '2016-09-01', 'email151@company17.com', '70643');
INSERT INTO `samples_company__worker` VALUES ('2754', '17', 'Worker 152', '2754', '2016-09-01', 'email152@company17.com', '70644');
INSERT INTO `samples_company__worker` VALUES ('2755', '17', 'Worker 153', '2755', '2016-09-01', 'email153@company17.com', '70645');
INSERT INTO `samples_company__worker` VALUES ('2756', '17', 'Worker 154', '2756', '2016-09-01', 'email154@company17.com', '70646');
INSERT INTO `samples_company__worker` VALUES ('2757', '17', 'Worker 155', '2757', '2016-09-01', 'email155@company17.com', '70647');
INSERT INTO `samples_company__worker` VALUES ('2758', '17', 'Worker 156', '2758', '2016-09-01', 'email156@company17.com', '70648');
INSERT INTO `samples_company__worker` VALUES ('2759', '17', 'Worker 157', '2759', '2016-09-01', 'email157@company17.com', '70649');
INSERT INTO `samples_company__worker` VALUES ('2760', '17', 'Worker 158', '2760', '2016-09-01', 'email158@company17.com', '70650');
INSERT INTO `samples_company__worker` VALUES ('2761', '17', 'Worker 159', '2761', '2016-09-01', 'email159@company17.com', '70651');
INSERT INTO `samples_company__worker` VALUES ('2762', '17', 'Worker 160', '2762', '2016-09-01', 'email160@company17.com', '70652');
INSERT INTO `samples_company__worker` VALUES ('2763', '17', 'Worker 161', '2763', '2016-09-01', 'email161@company17.com', '70653');
INSERT INTO `samples_company__worker` VALUES ('2764', '17', 'Worker 162', '2764', '2016-09-01', 'email162@company17.com', '70654');
INSERT INTO `samples_company__worker` VALUES ('2765', '17', 'Worker 163', '2765', '2016-09-01', 'email163@company17.com', '70655');
INSERT INTO `samples_company__worker` VALUES ('2766', '17', 'Worker 164', '2766', '2016-09-01', 'email164@company17.com', '70656');
INSERT INTO `samples_company__worker` VALUES ('2767', '17', 'Worker 165', '2767', '2016-09-01', 'email165@company17.com', '70657');
INSERT INTO `samples_company__worker` VALUES ('2768', '17', 'Worker 166', '2768', '2016-09-01', 'email166@company17.com', '70658');
INSERT INTO `samples_company__worker` VALUES ('2769', '17', 'Worker 167', '2769', '2016-09-01', 'email167@company17.com', '70659');
INSERT INTO `samples_company__worker` VALUES ('2770', '17', 'Worker 168', '2770', '2016-09-01', 'email168@company17.com', '70660');
INSERT INTO `samples_company__worker` VALUES ('2771', '17', 'Worker 169', '2771', '2016-09-01', 'email169@company17.com', '70661');
INSERT INTO `samples_company__worker` VALUES ('2772', '17', 'Worker 170', '2772', '2016-09-01', 'email170@company17.com', '70662');
INSERT INTO `samples_company__worker` VALUES ('2773', '17', 'Worker 171', '2773', '2016-09-01', 'email171@company17.com', '70663');
INSERT INTO `samples_company__worker` VALUES ('2774', '17', 'Worker 172', '2774', '2016-09-01', 'email172@company17.com', '70664');
INSERT INTO `samples_company__worker` VALUES ('2775', '17', 'Worker 173', '2775', '2016-09-01', 'email173@company17.com', '70665');
INSERT INTO `samples_company__worker` VALUES ('2776', '17', 'Worker 174', '2776', '2016-09-01', 'email174@company17.com', '70666');
INSERT INTO `samples_company__worker` VALUES ('2777', '17', 'Worker 175', '2777', '2016-09-01', 'email175@company17.com', '70667');
INSERT INTO `samples_company__worker` VALUES ('2778', '17', 'Worker 176', '2778', '2016-09-01', 'email176@company17.com', '70668');
INSERT INTO `samples_company__worker` VALUES ('2779', '17', 'Worker 177', '2779', '2016-09-01', 'email177@company17.com', '70669');
INSERT INTO `samples_company__worker` VALUES ('2780', '17', 'Worker 178', '2780', '2016-09-01', 'email178@company17.com', '70670');
INSERT INTO `samples_company__worker` VALUES ('2781', '17', 'Worker 179', '2781', '2016-09-01', 'email179@company17.com', '70671');
INSERT INTO `samples_company__worker` VALUES ('2782', '17', 'Worker 180', '2782', '2016-09-01', 'email180@company17.com', '70672');
INSERT INTO `samples_company__worker` VALUES ('2783', '17', 'Worker 181', '2783', '2016-09-01', 'email181@company17.com', '70673');
INSERT INTO `samples_company__worker` VALUES ('2784', '17', 'Worker 182', '2784', '2016-09-01', 'email182@company17.com', '70674');
INSERT INTO `samples_company__worker` VALUES ('2785', '17', 'Worker 183', '2785', '2016-09-01', 'email183@company17.com', '70675');
INSERT INTO `samples_company__worker` VALUES ('2786', '17', 'Worker 184', '2786', '2016-09-01', 'email184@company17.com', '70676');
INSERT INTO `samples_company__worker` VALUES ('2787', '17', 'Worker 185', '2787', '2016-09-01', 'email185@company17.com', '70677');
INSERT INTO `samples_company__worker` VALUES ('2788', '17', 'Worker 186', '2788', '2016-09-01', 'email186@company17.com', '70678');
INSERT INTO `samples_company__worker` VALUES ('2789', '17', 'Worker 187', '2789', '2016-09-01', 'email187@company17.com', '70679');
INSERT INTO `samples_company__worker` VALUES ('2790', '17', 'Worker 188', '2790', '2016-09-01', 'email188@company17.com', '70680');
INSERT INTO `samples_company__worker` VALUES ('2791', '17', 'Worker 189', '2791', '2016-09-01', 'email189@company17.com', '70681');
INSERT INTO `samples_company__worker` VALUES ('2792', '17', 'Worker 190', '2792', '2016-09-01', 'email190@company17.com', '70682');
INSERT INTO `samples_company__worker` VALUES ('2793', '17', 'Worker 191', '2793', '2016-09-01', 'email191@company17.com', '70683');
INSERT INTO `samples_company__worker` VALUES ('2794', '17', 'Worker 192', '2794', '2016-09-01', 'email192@company17.com', '70684');
INSERT INTO `samples_company__worker` VALUES ('2795', '17', 'Worker 193', '2795', '2016-09-01', 'email193@company17.com', '70685');
INSERT INTO `samples_company__worker` VALUES ('2796', '17', 'Worker 194', '2796', '2016-09-01', 'email194@company17.com', '70686');
INSERT INTO `samples_company__worker` VALUES ('2797', '17', 'Worker 195', '2797', '2016-09-01', 'email195@company17.com', '70687');
INSERT INTO `samples_company__worker` VALUES ('2798', '17', 'Worker 196', '2798', '2016-09-01', 'email196@company17.com', '70688');
INSERT INTO `samples_company__worker` VALUES ('2799', '17', 'Worker 197', '2799', '2016-09-01', 'email197@company17.com', '70689');
INSERT INTO `samples_company__worker` VALUES ('2800', '17', 'Worker 198', '2800', '2016-09-01', 'email198@company17.com', '70690');
INSERT INTO `samples_company__worker` VALUES ('2801', '17', 'Worker 199', '2801', '2016-09-01', 'email199@company17.com', '70691');
INSERT INTO `samples_company__worker` VALUES ('2802', '17', 'Worker 200', '2802', '2016-09-01', 'email200@company17.com', '70692');
INSERT INTO `samples_company__worker` VALUES ('3003', '19', 'Worker 1', '3003', '2016-09-01', 'email1@company19.com', '70893');
INSERT INTO `samples_company__worker` VALUES ('3004', '19', 'Worker 2', '3004', '2016-09-01', 'email2@company19.com', '70894');
INSERT INTO `samples_company__worker` VALUES ('3005', '19', 'Worker 3', '3005', '2016-09-01', 'email3@company19.com', '70895');
INSERT INTO `samples_company__worker` VALUES ('3006', '19', 'Worker 4', '3006', '2016-09-01', 'email4@company19.com', '70896');
INSERT INTO `samples_company__worker` VALUES ('3007', '19', 'Worker 5', '3007', '2016-09-01', 'email5@company19.com', '70897');
INSERT INTO `samples_company__worker` VALUES ('3008', '19', 'Worker 6', '3008', '2016-09-01', 'email6@company19.com', '70898');
INSERT INTO `samples_company__worker` VALUES ('3009', '19', 'Worker 7', '3009', '2016-09-01', 'email7@company19.com', '70899');
INSERT INTO `samples_company__worker` VALUES ('3010', '19', 'Worker 8', '3010', '2016-09-01', 'email8@company19.com', '70900');
INSERT INTO `samples_company__worker` VALUES ('3011', '19', 'Worker 9', '3011', '2016-09-01', 'email9@company19.com', '70901');
INSERT INTO `samples_company__worker` VALUES ('3012', '19', 'Worker 10', '3012', '2016-09-01', 'email10@company19.com', '70902');
INSERT INTO `samples_company__worker` VALUES ('3013', '19', 'Worker 11', '3013', '2016-09-01', 'email11@company19.com', '70903');
INSERT INTO `samples_company__worker` VALUES ('3014', '19', 'Worker 12', '3014', '2016-09-01', 'email12@company19.com', '70904');
INSERT INTO `samples_company__worker` VALUES ('3015', '19', 'Worker 13', '3015', '2016-09-01', 'email13@company19.com', '70905');
INSERT INTO `samples_company__worker` VALUES ('3016', '19', 'Worker 14', '3016', '2016-09-01', 'email14@company19.com', '70906');
INSERT INTO `samples_company__worker` VALUES ('3017', '19', 'Worker 15', '3017', '2016-09-01', 'email15@company19.com', '70907');
INSERT INTO `samples_company__worker` VALUES ('3018', '19', 'Worker 16', '3018', '2016-09-01', 'email16@company19.com', '70908');
INSERT INTO `samples_company__worker` VALUES ('3019', '19', 'Worker 17', '3019', '2016-09-01', 'email17@company19.com', '70909');
INSERT INTO `samples_company__worker` VALUES ('3020', '19', 'Worker 18', '3020', '2016-09-01', 'email18@company19.com', '70910');
INSERT INTO `samples_company__worker` VALUES ('3021', '19', 'Worker 19', '3021', '2016-09-01', 'email19@company19.com', '70911');
INSERT INTO `samples_company__worker` VALUES ('3022', '19', 'Worker 20', '3022', '2016-09-01', 'email20@company19.com', '70912');
INSERT INTO `samples_company__worker` VALUES ('3023', '19', 'Worker 21', '3023', '2016-09-01', 'email21@company19.com', '70913');
INSERT INTO `samples_company__worker` VALUES ('3024', '19', 'Worker 22', '3024', '2016-09-01', 'email22@company19.com', '70914');
INSERT INTO `samples_company__worker` VALUES ('3025', '19', 'Worker 23', '3025', '2016-09-01', 'email23@company19.com', '70915');
INSERT INTO `samples_company__worker` VALUES ('3026', '19', 'Worker 24', '3026', '2016-09-01', 'email24@company19.com', '70916');
INSERT INTO `samples_company__worker` VALUES ('3027', '19', 'Worker 25', '3027', '2016-09-01', 'email25@company19.com', '70917');
INSERT INTO `samples_company__worker` VALUES ('3028', '19', 'Worker 26', '3028', '2016-09-01', 'email26@company19.com', '70918');
INSERT INTO `samples_company__worker` VALUES ('3029', '19', 'Worker 27', '3029', '2016-09-01', 'email27@company19.com', '70919');
INSERT INTO `samples_company__worker` VALUES ('3030', '19', 'Worker 28', '3030', '2016-09-01', 'email28@company19.com', '70920');
INSERT INTO `samples_company__worker` VALUES ('3031', '19', 'Worker 29', '3031', '2016-09-01', 'email29@company19.com', '70921');
INSERT INTO `samples_company__worker` VALUES ('3032', '19', 'Worker 30', '3032', '2016-09-01', 'email30@company19.com', '70922');
INSERT INTO `samples_company__worker` VALUES ('3033', '19', 'Worker 31', '3033', '2016-09-01', 'email31@company19.com', '70923');
INSERT INTO `samples_company__worker` VALUES ('3034', '19', 'Worker 32', '3034', '2016-09-01', 'email32@company19.com', '70924');
INSERT INTO `samples_company__worker` VALUES ('3035', '19', 'Worker 33', '3035', '2016-09-01', 'email33@company19.com', '70925');
INSERT INTO `samples_company__worker` VALUES ('3036', '19', 'Worker 34', '3036', '2016-09-01', 'email34@company19.com', '70926');
INSERT INTO `samples_company__worker` VALUES ('3037', '19', 'Worker 35', '3037', '2016-09-01', 'email35@company19.com', '70927');
INSERT INTO `samples_company__worker` VALUES ('3038', '19', 'Worker 36', '3038', '2016-09-01', 'email36@company19.com', '70928');
INSERT INTO `samples_company__worker` VALUES ('3039', '19', 'Worker 37', '3039', '2016-09-01', 'email37@company19.com', '70929');
INSERT INTO `samples_company__worker` VALUES ('3040', '19', 'Worker 38', '3040', '2016-09-01', 'email38@company19.com', '70930');
INSERT INTO `samples_company__worker` VALUES ('3041', '19', 'Worker 39', '3041', '2016-09-01', 'email39@company19.com', '70931');
INSERT INTO `samples_company__worker` VALUES ('3042', '19', 'Worker 40', '3042', '2016-09-01', 'email40@company19.com', '70932');
INSERT INTO `samples_company__worker` VALUES ('3043', '19', 'Worker 41', '3043', '2016-09-01', 'email41@company19.com', '70933');
INSERT INTO `samples_company__worker` VALUES ('3044', '19', 'Worker 42', '3044', '2016-09-01', 'email42@company19.com', '70934');
INSERT INTO `samples_company__worker` VALUES ('3045', '19', 'Worker 43', '3045', '2016-09-01', 'email43@company19.com', '70935');
INSERT INTO `samples_company__worker` VALUES ('3046', '19', 'Worker 44', '3046', '2016-09-01', 'email44@company19.com', '70936');
INSERT INTO `samples_company__worker` VALUES ('3047', '19', 'Worker 45', '3047', '2016-09-01', 'email45@company19.com', '70937');
INSERT INTO `samples_company__worker` VALUES ('3048', '19', 'Worker 46', '3048', '2016-09-01', 'email46@company19.com', '70938');
INSERT INTO `samples_company__worker` VALUES ('3049', '19', 'Worker 47', '3049', '2016-09-01', 'email47@company19.com', '70939');
INSERT INTO `samples_company__worker` VALUES ('3050', '19', 'Worker 48', '3050', '2016-09-01', 'email48@company19.com', '70940');
INSERT INTO `samples_company__worker` VALUES ('3051', '19', 'Worker 49', '3051', '2016-09-01', 'email49@company19.com', '70941');
INSERT INTO `samples_company__worker` VALUES ('3052', '19', 'Worker 50', '3052', '2016-09-01', 'email50@company19.com', '70942');
INSERT INTO `samples_company__worker` VALUES ('3053', '19', 'Worker 51', '3053', '2016-09-01', 'email51@company19.com', '70943');
INSERT INTO `samples_company__worker` VALUES ('3054', '19', 'Worker 52', '3054', '2016-09-01', 'email52@company19.com', '70944');
INSERT INTO `samples_company__worker` VALUES ('3055', '19', 'Worker 53', '3055', '2016-09-01', 'email53@company19.com', '70945');
INSERT INTO `samples_company__worker` VALUES ('3056', '19', 'Worker 54', '3056', '2016-09-01', 'email54@company19.com', '70946');
INSERT INTO `samples_company__worker` VALUES ('3057', '19', 'Worker 55', '3057', '2016-09-01', 'email55@company19.com', '70947');
INSERT INTO `samples_company__worker` VALUES ('3058', '19', 'Worker 56', '3058', '2016-09-01', 'email56@company19.com', '70948');
INSERT INTO `samples_company__worker` VALUES ('3059', '19', 'Worker 57', '3059', '2016-09-01', 'email57@company19.com', '70949');
INSERT INTO `samples_company__worker` VALUES ('3060', '19', 'Worker 58', '3060', '2016-09-01', 'email58@company19.com', '70950');
INSERT INTO `samples_company__worker` VALUES ('3061', '19', 'Worker 59', '3061', '2016-09-01', 'email59@company19.com', '70951');
INSERT INTO `samples_company__worker` VALUES ('3062', '19', 'Worker 60', '3062', '2016-09-01', 'email60@company19.com', '70952');
INSERT INTO `samples_company__worker` VALUES ('3063', '19', 'Worker 61', '3063', '2016-09-01', 'email61@company19.com', '70953');
INSERT INTO `samples_company__worker` VALUES ('3064', '19', 'Worker 62', '3064', '2016-09-01', 'email62@company19.com', '70954');
INSERT INTO `samples_company__worker` VALUES ('3065', '19', 'Worker 63', '3065', '2016-09-01', 'email63@company19.com', '70955');
INSERT INTO `samples_company__worker` VALUES ('3066', '19', 'Worker 64', '3066', '2016-09-01', 'email64@company19.com', '70956');
INSERT INTO `samples_company__worker` VALUES ('3067', '19', 'Worker 65', '3067', '2016-09-01', 'email65@company19.com', '70957');
INSERT INTO `samples_company__worker` VALUES ('3068', '19', 'Worker 66', '3068', '2016-09-01', 'email66@company19.com', '70958');
INSERT INTO `samples_company__worker` VALUES ('3069', '19', 'Worker 67', '3069', '2016-09-01', 'email67@company19.com', '70959');
INSERT INTO `samples_company__worker` VALUES ('3070', '19', 'Worker 68', '3070', '2016-09-01', 'email68@company19.com', '70960');
INSERT INTO `samples_company__worker` VALUES ('3071', '19', 'Worker 69', '3071', '2016-09-01', 'email69@company19.com', '70961');
INSERT INTO `samples_company__worker` VALUES ('3072', '19', 'Worker 70', '3072', '2016-09-01', 'email70@company19.com', '70962');
INSERT INTO `samples_company__worker` VALUES ('3073', '19', 'Worker 71', '3073', '2016-09-01', 'email71@company19.com', '70963');
INSERT INTO `samples_company__worker` VALUES ('3074', '19', 'Worker 72', '3074', '2016-09-01', 'email72@company19.com', '70964');
INSERT INTO `samples_company__worker` VALUES ('3075', '19', 'Worker 73', '3075', '2016-09-01', 'email73@company19.com', '70965');
INSERT INTO `samples_company__worker` VALUES ('3076', '19', 'Worker 74', '3076', '2016-09-01', 'email74@company19.com', '70966');
INSERT INTO `samples_company__worker` VALUES ('3077', '19', 'Worker 75', '3077', '2016-09-01', 'email75@company19.com', '70967');
INSERT INTO `samples_company__worker` VALUES ('3078', '19', 'Worker 76', '3078', '2016-09-01', 'email76@company19.com', '70968');
INSERT INTO `samples_company__worker` VALUES ('3079', '19', 'Worker 77', '3079', '2016-09-01', 'email77@company19.com', '70969');
INSERT INTO `samples_company__worker` VALUES ('3080', '19', 'Worker 78', '3080', '2016-09-01', 'email78@company19.com', '70970');
INSERT INTO `samples_company__worker` VALUES ('3081', '19', 'Worker 79', '3081', '2016-09-01', 'email79@company19.com', '70971');
INSERT INTO `samples_company__worker` VALUES ('3082', '19', 'Worker 80', '3082', '2016-09-01', 'email80@company19.com', '70972');
INSERT INTO `samples_company__worker` VALUES ('3083', '19', 'Worker 81', '3083', '2016-09-01', 'email81@company19.com', '70973');
INSERT INTO `samples_company__worker` VALUES ('3084', '19', 'Worker 82', '3084', '2016-09-01', 'email82@company19.com', '70974');
INSERT INTO `samples_company__worker` VALUES ('3085', '19', 'Worker 83', '3085', '2016-09-01', 'email83@company19.com', '70975');
INSERT INTO `samples_company__worker` VALUES ('3086', '19', 'Worker 84', '3086', '2016-09-01', 'email84@company19.com', '70976');
INSERT INTO `samples_company__worker` VALUES ('3087', '19', 'Worker 85', '3087', '2016-09-01', 'email85@company19.com', '70977');
INSERT INTO `samples_company__worker` VALUES ('3088', '19', 'Worker 86', '3088', '2016-09-01', 'email86@company19.com', '70978');
INSERT INTO `samples_company__worker` VALUES ('3089', '19', 'Worker 87', '3089', '2016-09-01', 'email87@company19.com', '70979');
INSERT INTO `samples_company__worker` VALUES ('3090', '19', 'Worker 88', '3090', '2016-09-01', 'email88@company19.com', '70980');
INSERT INTO `samples_company__worker` VALUES ('3091', '19', 'Worker 89', '3091', '2016-09-01', 'email89@company19.com', '70981');
INSERT INTO `samples_company__worker` VALUES ('3092', '19', 'Worker 90', '3092', '2016-09-01', 'email90@company19.com', '70982');
INSERT INTO `samples_company__worker` VALUES ('3093', '19', 'Worker 91', '3093', '2016-09-01', 'email91@company19.com', '70983');
INSERT INTO `samples_company__worker` VALUES ('3094', '19', 'Worker 92', '3094', '2016-09-01', 'email92@company19.com', '70984');
INSERT INTO `samples_company__worker` VALUES ('3095', '19', 'Worker 93', '3095', '2016-09-01', 'email93@company19.com', '70985');
INSERT INTO `samples_company__worker` VALUES ('3096', '19', 'Worker 94', '3096', '2016-09-01', 'email94@company19.com', '70986');
INSERT INTO `samples_company__worker` VALUES ('3097', '19', 'Worker 95', '3097', '2016-09-01', 'email95@company19.com', '70987');
INSERT INTO `samples_company__worker` VALUES ('3098', '19', 'Worker 96', '3098', '2016-09-01', 'email96@company19.com', '70988');
INSERT INTO `samples_company__worker` VALUES ('3099', '19', 'Worker 97', '3099', '2016-09-01', 'email97@company19.com', '70989');
INSERT INTO `samples_company__worker` VALUES ('3100', '19', 'Worker 98', '3100', '2016-09-01', 'email98@company19.com', '70990');
INSERT INTO `samples_company__worker` VALUES ('3101', '19', 'Worker 99', '3101', '2016-09-01', 'email99@company19.com', '70991');
INSERT INTO `samples_company__worker` VALUES ('3102', '19', 'Worker 100', '3102', '2016-09-01', 'email100@company19.com', '70992');
INSERT INTO `samples_company__worker` VALUES ('3103', '19', 'Worker 101', '3103', '2016-09-01', 'email101@company19.com', '70993');
INSERT INTO `samples_company__worker` VALUES ('3104', '19', 'Worker 102', '3104', '2016-09-01', 'email102@company19.com', '70994');
INSERT INTO `samples_company__worker` VALUES ('3105', '19', 'Worker 103', '3105', '2016-09-01', 'email103@company19.com', '70995');
INSERT INTO `samples_company__worker` VALUES ('3106', '19', 'Worker 104', '3106', '2016-09-01', 'email104@company19.com', '70996');
INSERT INTO `samples_company__worker` VALUES ('3107', '19', 'Worker 105', '3107', '2016-09-01', 'email105@company19.com', '70997');
INSERT INTO `samples_company__worker` VALUES ('3108', '19', 'Worker 106', '3108', '2016-09-01', 'email106@company19.com', '70998');
INSERT INTO `samples_company__worker` VALUES ('3109', '19', 'Worker 107', '3109', '2016-09-01', 'email107@company19.com', '70999');
INSERT INTO `samples_company__worker` VALUES ('3110', '19', 'Worker 108', '3110', '2016-09-01', 'email108@company19.com', '71000');
INSERT INTO `samples_company__worker` VALUES ('3111', '19', 'Worker 109', '3111', '2016-09-01', 'email109@company19.com', '71001');
INSERT INTO `samples_company__worker` VALUES ('3112', '19', 'Worker 110', '3112', '2016-09-01', 'email110@company19.com', '71002');
INSERT INTO `samples_company__worker` VALUES ('3113', '19', 'Worker 111', '3113', '2016-09-01', 'email111@company19.com', '71003');
INSERT INTO `samples_company__worker` VALUES ('3114', '19', 'Worker 112', '3114', '2016-09-01', 'email112@company19.com', '71004');
INSERT INTO `samples_company__worker` VALUES ('3115', '19', 'Worker 113', '3115', '2016-09-01', 'email113@company19.com', '71005');
INSERT INTO `samples_company__worker` VALUES ('3116', '19', 'Worker 114', '3116', '2016-09-01', 'email114@company19.com', '71006');
INSERT INTO `samples_company__worker` VALUES ('3117', '19', 'Worker 115', '3117', '2016-09-01', 'email115@company19.com', '71007');
INSERT INTO `samples_company__worker` VALUES ('3118', '19', 'Worker 116', '3118', '2016-09-01', 'email116@company19.com', '71008');
INSERT INTO `samples_company__worker` VALUES ('3119', '19', 'Worker 117', '3119', '2016-09-01', 'email117@company19.com', '71009');
INSERT INTO `samples_company__worker` VALUES ('3120', '19', 'Worker 118', '3120', '2016-09-01', 'email118@company19.com', '71010');
INSERT INTO `samples_company__worker` VALUES ('3121', '19', 'Worker 119', '3121', '2016-09-01', 'email119@company19.com', '71011');
INSERT INTO `samples_company__worker` VALUES ('3122', '19', 'Worker 120', '3122', '2016-09-01', 'email120@company19.com', '71012');
INSERT INTO `samples_company__worker` VALUES ('3123', '19', 'Worker 121', '3123', '2016-09-01', 'email121@company19.com', '71013');
INSERT INTO `samples_company__worker` VALUES ('3124', '19', 'Worker 122', '3124', '2016-09-01', 'email122@company19.com', '71014');
INSERT INTO `samples_company__worker` VALUES ('3125', '19', 'Worker 123', '3125', '2016-09-01', 'email123@company19.com', '71015');
INSERT INTO `samples_company__worker` VALUES ('3126', '19', 'Worker 124', '3126', '2016-09-01', 'email124@company19.com', '71016');
INSERT INTO `samples_company__worker` VALUES ('3127', '19', 'Worker 125', '3127', '2016-09-01', 'email125@company19.com', '71017');
INSERT INTO `samples_company__worker` VALUES ('3128', '19', 'Worker 126', '3128', '2016-09-01', 'email126@company19.com', '71018');
INSERT INTO `samples_company__worker` VALUES ('3129', '19', 'Worker 127', '3129', '2016-09-01', 'email127@company19.com', '71019');
INSERT INTO `samples_company__worker` VALUES ('3130', '19', 'Worker 128', '3130', '2016-09-01', 'email128@company19.com', '71020');
INSERT INTO `samples_company__worker` VALUES ('3131', '19', 'Worker 129', '3131', '2016-09-01', 'email129@company19.com', '71021');
INSERT INTO `samples_company__worker` VALUES ('3132', '19', 'Worker 130', '3132', '2016-09-01', 'email130@company19.com', '71022');
INSERT INTO `samples_company__worker` VALUES ('3133', '19', 'Worker 131', '3133', '2016-09-01', 'email131@company19.com', '71023');
INSERT INTO `samples_company__worker` VALUES ('3134', '19', 'Worker 132', '3134', '2016-09-01', 'email132@company19.com', '71024');
INSERT INTO `samples_company__worker` VALUES ('3135', '19', 'Worker 133', '3135', '2016-09-01', 'email133@company19.com', '71025');
INSERT INTO `samples_company__worker` VALUES ('3136', '19', 'Worker 134', '3136', '2016-09-01', 'email134@company19.com', '71026');
INSERT INTO `samples_company__worker` VALUES ('3137', '19', 'Worker 135', '3137', '2016-09-01', 'email135@company19.com', '71027');
INSERT INTO `samples_company__worker` VALUES ('3138', '19', 'Worker 136', '3138', '2016-09-01', 'email136@company19.com', '71028');
INSERT INTO `samples_company__worker` VALUES ('3139', '19', 'Worker 137', '3139', '2016-09-01', 'email137@company19.com', '71029');
INSERT INTO `samples_company__worker` VALUES ('3140', '19', 'Worker 138', '3140', '2016-09-01', 'email138@company19.com', '71030');
INSERT INTO `samples_company__worker` VALUES ('3141', '19', 'Worker 139', '3141', '2016-09-01', 'email139@company19.com', '71031');
INSERT INTO `samples_company__worker` VALUES ('3142', '19', 'Worker 140', '3142', '2016-09-01', 'email140@company19.com', '71032');
INSERT INTO `samples_company__worker` VALUES ('3143', '19', 'Worker 141', '3143', '2016-09-01', 'email141@company19.com', '71033');
INSERT INTO `samples_company__worker` VALUES ('3144', '19', 'Worker 142', '3144', '2016-09-01', 'email142@company19.com', '71034');
INSERT INTO `samples_company__worker` VALUES ('3145', '19', 'Worker 143', '3145', '2016-09-01', 'email143@company19.com', '71035');
INSERT INTO `samples_company__worker` VALUES ('3146', '19', 'Worker 144', '3146', '2016-09-01', 'email144@company19.com', '71036');
INSERT INTO `samples_company__worker` VALUES ('3147', '19', 'Worker 145', '3147', '2016-09-01', 'email145@company19.com', '71037');
INSERT INTO `samples_company__worker` VALUES ('3148', '19', 'Worker 146', '3148', '2016-09-01', 'email146@company19.com', '71038');
INSERT INTO `samples_company__worker` VALUES ('3149', '19', 'Worker 147', '3149', '2016-09-01', 'email147@company19.com', '71039');
INSERT INTO `samples_company__worker` VALUES ('3150', '19', 'Worker 148', '3150', '2016-09-01', 'email148@company19.com', '71040');
INSERT INTO `samples_company__worker` VALUES ('3151', '19', 'Worker 149', '3151', '2016-09-01', 'email149@company19.com', '71041');
INSERT INTO `samples_company__worker` VALUES ('3152', '19', 'Worker 150', '3152', '2016-09-01', 'email150@company19.com', '71042');
INSERT INTO `samples_company__worker` VALUES ('3153', '19', 'Worker 151', '3153', '2016-09-01', 'email151@company19.com', '71043');
INSERT INTO `samples_company__worker` VALUES ('3154', '19', 'Worker 152', '3154', '2016-09-01', 'email152@company19.com', '71044');
INSERT INTO `samples_company__worker` VALUES ('3155', '19', 'Worker 153', '3155', '2016-09-01', 'email153@company19.com', '71045');
INSERT INTO `samples_company__worker` VALUES ('3156', '19', 'Worker 154', '3156', '2016-09-01', 'email154@company19.com', '71046');
INSERT INTO `samples_company__worker` VALUES ('3157', '19', 'Worker 155', '3157', '2016-09-01', 'email155@company19.com', '71047');
INSERT INTO `samples_company__worker` VALUES ('3158', '19', 'Worker 156', '3158', '2016-09-01', 'email156@company19.com', '71048');
INSERT INTO `samples_company__worker` VALUES ('3159', '19', 'Worker 157', '3159', '2016-09-01', 'email157@company19.com', '71049');
INSERT INTO `samples_company__worker` VALUES ('3160', '19', 'Worker 158', '3160', '2016-09-01', 'email158@company19.com', '71050');
INSERT INTO `samples_company__worker` VALUES ('3161', '19', 'Worker 159', '3161', '2016-09-01', 'email159@company19.com', '71051');
INSERT INTO `samples_company__worker` VALUES ('3162', '19', 'Worker 160', '3162', '2016-09-01', 'email160@company19.com', '71052');
INSERT INTO `samples_company__worker` VALUES ('3163', '19', 'Worker 161', '3163', '2016-09-01', 'email161@company19.com', '71053');
INSERT INTO `samples_company__worker` VALUES ('3164', '19', 'Worker 162', '3164', '2016-09-01', 'email162@company19.com', '71054');
INSERT INTO `samples_company__worker` VALUES ('3165', '19', 'Worker 163', '3165', '2016-09-01', 'email163@company19.com', '71055');
INSERT INTO `samples_company__worker` VALUES ('3166', '19', 'Worker 164', '3166', '2016-09-01', 'email164@company19.com', '71056');
INSERT INTO `samples_company__worker` VALUES ('3167', '19', 'Worker 165', '3167', '2016-09-01', 'email165@company19.com', '71057');
INSERT INTO `samples_company__worker` VALUES ('3168', '19', 'Worker 166', '3168', '2016-09-01', 'email166@company19.com', '71058');
INSERT INTO `samples_company__worker` VALUES ('3169', '19', 'Worker 167', '3169', '2016-09-01', 'email167@company19.com', '71059');
INSERT INTO `samples_company__worker` VALUES ('3170', '19', 'Worker 168', '3170', '2016-09-01', 'email168@company19.com', '71060');
INSERT INTO `samples_company__worker` VALUES ('3171', '19', 'Worker 169', '3171', '2016-09-01', 'email169@company19.com', '71061');
INSERT INTO `samples_company__worker` VALUES ('3172', '19', 'Worker 170', '3172', '2016-09-01', 'email170@company19.com', '71062');
INSERT INTO `samples_company__worker` VALUES ('3173', '19', 'Worker 171', '3173', '2016-09-01', 'email171@company19.com', '71063');
INSERT INTO `samples_company__worker` VALUES ('3174', '19', 'Worker 172', '3174', '2016-09-01', 'email172@company19.com', '71064');
INSERT INTO `samples_company__worker` VALUES ('3175', '19', 'Worker 173', '3175', '2016-09-01', 'email173@company19.com', '71065');
INSERT INTO `samples_company__worker` VALUES ('3176', '19', 'Worker 174', '3176', '2016-09-01', 'email174@company19.com', '71066');
INSERT INTO `samples_company__worker` VALUES ('3177', '19', 'Worker 175', '3177', '2016-09-01', 'email175@company19.com', '71067');
INSERT INTO `samples_company__worker` VALUES ('3178', '19', 'Worker 176', '3178', '2016-09-01', 'email176@company19.com', '71068');
INSERT INTO `samples_company__worker` VALUES ('3179', '19', 'Worker 177', '3179', '2016-09-01', 'email177@company19.com', '71069');
INSERT INTO `samples_company__worker` VALUES ('3180', '19', 'Worker 178', '3180', '2016-09-01', 'email178@company19.com', '71070');
INSERT INTO `samples_company__worker` VALUES ('3181', '19', 'Worker 179', '3181', '2016-09-01', 'email179@company19.com', '71071');
INSERT INTO `samples_company__worker` VALUES ('3182', '19', 'Worker 180', '3182', '2016-09-01', 'email180@company19.com', '71072');
INSERT INTO `samples_company__worker` VALUES ('3183', '19', 'Worker 181', '3183', '2016-09-01', 'email181@company19.com', '71073');
INSERT INTO `samples_company__worker` VALUES ('3184', '19', 'Worker 182', '3184', '2016-09-01', 'email182@company19.com', '71074');
INSERT INTO `samples_company__worker` VALUES ('3185', '19', 'Worker 183', '3185', '2016-09-01', 'email183@company19.com', '71075');
INSERT INTO `samples_company__worker` VALUES ('3186', '19', 'Worker 184', '3186', '2016-09-01', 'email184@company19.com', '71076');
INSERT INTO `samples_company__worker` VALUES ('3187', '19', 'Worker 185', '3187', '2016-09-01', 'email185@company19.com', '71077');
INSERT INTO `samples_company__worker` VALUES ('3188', '19', 'Worker 186', '3188', '2016-09-01', 'email186@company19.com', '71078');
INSERT INTO `samples_company__worker` VALUES ('3189', '19', 'Worker 187', '3189', '2016-09-01', 'email187@company19.com', '71079');
INSERT INTO `samples_company__worker` VALUES ('3190', '19', 'Worker 188', '3190', '2016-09-01', 'email188@company19.com', '71080');
INSERT INTO `samples_company__worker` VALUES ('3191', '19', 'Worker 189', '3191', '2016-09-01', 'email189@company19.com', '71081');
INSERT INTO `samples_company__worker` VALUES ('3192', '19', 'Worker 190', '3192', '2016-09-01', 'email190@company19.com', '71082');
INSERT INTO `samples_company__worker` VALUES ('3193', '19', 'Worker 191', '3193', '2016-09-01', 'email191@company19.com', '71083');
INSERT INTO `samples_company__worker` VALUES ('3194', '19', 'Worker 192', '3194', '2016-09-01', 'email192@company19.com', '71084');
INSERT INTO `samples_company__worker` VALUES ('3195', '19', 'Worker 193', '3195', '2016-09-01', 'email193@company19.com', '71085');
INSERT INTO `samples_company__worker` VALUES ('3196', '19', 'Worker 194', '3196', '2016-09-01', 'email194@company19.com', '71086');
INSERT INTO `samples_company__worker` VALUES ('3197', '19', 'Worker 195', '3197', '2016-09-01', 'email195@company19.com', '71087');
INSERT INTO `samples_company__worker` VALUES ('3198', '19', 'Worker 196', '3198', '2016-09-01', 'email196@company19.com', '71088');
INSERT INTO `samples_company__worker` VALUES ('3199', '19', 'Worker 197', '3199', '2016-09-01', 'email197@company19.com', '71089');
INSERT INTO `samples_company__worker` VALUES ('3200', '19', 'Worker 198', '3200', '2016-09-01', 'email198@company19.com', '71090');
INSERT INTO `samples_company__worker` VALUES ('3201', '19', 'Worker 199', '3201', '2016-09-01', 'email199@company19.com', '71091');
INSERT INTO `samples_company__worker` VALUES ('3202', '19', 'Worker 200', '3202', '2016-09-01', 'email200@company19.com', '71092');
INSERT INTO `samples_company__worker` VALUES ('3203', '20', 'Worker 1', '3203', '2016-09-01', 'email1@company20.com', '71093');
INSERT INTO `samples_company__worker` VALUES ('3204', '20', 'Worker 2', '3204', '2016-09-01', 'email2@company20.com', '71094');
INSERT INTO `samples_company__worker` VALUES ('3205', '20', 'Worker 3', '3205', '2016-09-01', 'email3@company20.com', '71095');
INSERT INTO `samples_company__worker` VALUES ('3206', '20', 'Worker 4', '3206', '2016-09-01', 'email4@company20.com', '71096');
INSERT INTO `samples_company__worker` VALUES ('3207', '20', 'Worker 5', '3207', '2016-09-01', 'email5@company20.com', '71097');
INSERT INTO `samples_company__worker` VALUES ('3208', '20', 'Worker 6', '3208', '2016-09-01', 'email6@company20.com', '71098');
INSERT INTO `samples_company__worker` VALUES ('3209', '20', 'Worker 7', '3209', '2016-09-01', 'email7@company20.com', '71099');
INSERT INTO `samples_company__worker` VALUES ('3210', '20', 'Worker 8', '3210', '2016-09-01', 'email8@company20.com', '71100');
INSERT INTO `samples_company__worker` VALUES ('3211', '20', 'Worker 9', '3211', '2016-09-01', 'email9@company20.com', '71101');
INSERT INTO `samples_company__worker` VALUES ('3212', '20', 'Worker 10', '3212', '2016-09-01', 'email10@company20.com', '71102');
INSERT INTO `samples_company__worker` VALUES ('3213', '20', 'Worker 11', '3213', '2016-09-01', 'email11@company20.com', '71103');
INSERT INTO `samples_company__worker` VALUES ('3214', '20', 'Worker 12', '3214', '2016-09-01', 'email12@company20.com', '71104');
INSERT INTO `samples_company__worker` VALUES ('3215', '20', 'Worker 13', '3215', '2016-09-01', 'email13@company20.com', '71105');
INSERT INTO `samples_company__worker` VALUES ('3216', '20', 'Worker 14', '3216', '2016-09-01', 'email14@company20.com', '71106');
INSERT INTO `samples_company__worker` VALUES ('3217', '20', 'Worker 15', '3217', '2016-09-01', 'email15@company20.com', '71107');
INSERT INTO `samples_company__worker` VALUES ('3218', '20', 'Worker 16', '3218', '2016-09-01', 'email16@company20.com', '71108');
INSERT INTO `samples_company__worker` VALUES ('3219', '20', 'Worker 17', '3219', '2016-09-01', 'email17@company20.com', '71109');
INSERT INTO `samples_company__worker` VALUES ('3220', '20', 'Worker 18', '3220', '2016-09-01', 'email18@company20.com', '71110');
INSERT INTO `samples_company__worker` VALUES ('3221', '20', 'Worker 19', '3221', '2016-09-01', 'email19@company20.com', '71111');
INSERT INTO `samples_company__worker` VALUES ('3222', '20', 'Worker 20', '3222', '2016-09-01', 'email20@company20.com', '71112');
INSERT INTO `samples_company__worker` VALUES ('3223', '20', 'Worker 21', '3223', '2016-09-01', 'email21@company20.com', '71113');
INSERT INTO `samples_company__worker` VALUES ('3224', '20', 'Worker 22', '3224', '2016-09-01', 'email22@company20.com', '71114');
INSERT INTO `samples_company__worker` VALUES ('3225', '20', 'Worker 23', '3225', '2016-09-01', 'email23@company20.com', '71115');
INSERT INTO `samples_company__worker` VALUES ('3226', '20', 'Worker 24', '3226', '2016-09-01', 'email24@company20.com', '71116');
INSERT INTO `samples_company__worker` VALUES ('3227', '20', 'Worker 25', '3227', '2016-09-01', 'email25@company20.com', '71117');
INSERT INTO `samples_company__worker` VALUES ('3228', '20', 'Worker 26', '3228', '2016-09-01', 'email26@company20.com', '71118');
INSERT INTO `samples_company__worker` VALUES ('3229', '20', 'Worker 27', '3229', '2016-09-01', 'email27@company20.com', '71119');
INSERT INTO `samples_company__worker` VALUES ('3230', '20', 'Worker 28', '3230', '2016-09-01', 'email28@company20.com', '71120');
INSERT INTO `samples_company__worker` VALUES ('3231', '20', 'Worker 29', '3231', '2016-09-01', 'email29@company20.com', '71121');
INSERT INTO `samples_company__worker` VALUES ('3232', '20', 'Worker 30', '3232', '2016-09-01', 'email30@company20.com', '71122');
INSERT INTO `samples_company__worker` VALUES ('3233', '20', 'Worker 31', '3233', '2016-09-01', 'email31@company20.com', '71123');
INSERT INTO `samples_company__worker` VALUES ('3234', '20', 'Worker 32', '3234', '2016-09-01', 'email32@company20.com', '71124');
INSERT INTO `samples_company__worker` VALUES ('3235', '20', 'Worker 33', '3235', '2016-09-01', 'email33@company20.com', '71125');
INSERT INTO `samples_company__worker` VALUES ('3236', '20', 'Worker 34', '3236', '2016-09-01', 'email34@company20.com', '71126');
INSERT INTO `samples_company__worker` VALUES ('3237', '20', 'Worker 35', '3237', '2016-09-01', 'email35@company20.com', '71127');
INSERT INTO `samples_company__worker` VALUES ('3238', '20', 'Worker 36', '3238', '2016-09-01', 'email36@company20.com', '71128');
INSERT INTO `samples_company__worker` VALUES ('3239', '20', 'Worker 37', '3239', '2016-09-01', 'email37@company20.com', '71129');
INSERT INTO `samples_company__worker` VALUES ('3240', '20', 'Worker 38', '3240', '2016-09-01', 'email38@company20.com', '71130');
INSERT INTO `samples_company__worker` VALUES ('3241', '20', 'Worker 39', '3241', '2016-09-01', 'email39@company20.com', '71131');
INSERT INTO `samples_company__worker` VALUES ('3242', '20', 'Worker 40', '3242', '2016-09-01', 'email40@company20.com', '71132');
INSERT INTO `samples_company__worker` VALUES ('3243', '20', 'Worker 41', '3243', '2016-09-01', 'email41@company20.com', '71133');
INSERT INTO `samples_company__worker` VALUES ('3244', '20', 'Worker 42', '3244', '2016-09-01', 'email42@company20.com', '71134');
INSERT INTO `samples_company__worker` VALUES ('3245', '20', 'Worker 43', '3245', '2016-09-01', 'email43@company20.com', '71135');
INSERT INTO `samples_company__worker` VALUES ('3246', '20', 'Worker 44', '3246', '2016-09-01', 'email44@company20.com', '71136');
INSERT INTO `samples_company__worker` VALUES ('3247', '20', 'Worker 45', '3247', '2016-09-01', 'email45@company20.com', '71137');
INSERT INTO `samples_company__worker` VALUES ('3248', '20', 'Worker 46', '3248', '2016-09-01', 'email46@company20.com', '71138');
INSERT INTO `samples_company__worker` VALUES ('3249', '20', 'Worker 47', '3249', '2016-09-01', 'email47@company20.com', '71139');
INSERT INTO `samples_company__worker` VALUES ('3250', '20', 'Worker 48', '3250', '2016-09-01', 'email48@company20.com', '71140');
INSERT INTO `samples_company__worker` VALUES ('3251', '20', 'Worker 49', '3251', '2016-09-01', 'email49@company20.com', '71141');
INSERT INTO `samples_company__worker` VALUES ('3252', '20', 'Worker 50', '3252', '2016-09-01', 'email50@company20.com', '71142');
INSERT INTO `samples_company__worker` VALUES ('3253', '20', 'Worker 51', '3253', '2016-09-01', 'email51@company20.com', '71143');
INSERT INTO `samples_company__worker` VALUES ('3254', '20', 'Worker 52', '3254', '2016-09-01', 'email52@company20.com', '71144');
INSERT INTO `samples_company__worker` VALUES ('3255', '20', 'Worker 53', '3255', '2016-09-01', 'email53@company20.com', '71145');
INSERT INTO `samples_company__worker` VALUES ('3256', '20', 'Worker 54', '3256', '2016-09-01', 'email54@company20.com', '71146');
INSERT INTO `samples_company__worker` VALUES ('3257', '20', 'Worker 55', '3257', '2016-09-01', 'email55@company20.com', '71147');
INSERT INTO `samples_company__worker` VALUES ('3258', '20', 'Worker 56', '3258', '2016-09-01', 'email56@company20.com', '71148');
INSERT INTO `samples_company__worker` VALUES ('3259', '20', 'Worker 57', '3259', '2016-09-01', 'email57@company20.com', '71149');
INSERT INTO `samples_company__worker` VALUES ('3260', '20', 'Worker 58', '3260', '2016-09-01', 'email58@company20.com', '71150');
INSERT INTO `samples_company__worker` VALUES ('3261', '20', 'Worker 59', '3261', '2016-09-01', 'email59@company20.com', '71151');
INSERT INTO `samples_company__worker` VALUES ('3262', '20', 'Worker 60', '3262', '2016-09-01', 'email60@company20.com', '71152');
INSERT INTO `samples_company__worker` VALUES ('3263', '20', 'Worker 61', '3263', '2016-09-01', 'email61@company20.com', '71153');
INSERT INTO `samples_company__worker` VALUES ('3264', '20', 'Worker 62', '3264', '2016-09-01', 'email62@company20.com', '71154');
INSERT INTO `samples_company__worker` VALUES ('3265', '20', 'Worker 63', '3265', '2016-09-01', 'email63@company20.com', '71155');
INSERT INTO `samples_company__worker` VALUES ('3266', '20', 'Worker 64', '3266', '2016-09-01', 'email64@company20.com', '71156');
INSERT INTO `samples_company__worker` VALUES ('3267', '20', 'Worker 65', '3267', '2016-09-01', 'email65@company20.com', '71157');
INSERT INTO `samples_company__worker` VALUES ('3268', '20', 'Worker 66', '3268', '2016-09-01', 'email66@company20.com', '71158');
INSERT INTO `samples_company__worker` VALUES ('3269', '20', 'Worker 67', '3269', '2016-09-01', 'email67@company20.com', '71159');
INSERT INTO `samples_company__worker` VALUES ('3270', '20', 'Worker 68', '3270', '2016-09-01', 'email68@company20.com', '71160');
INSERT INTO `samples_company__worker` VALUES ('3271', '20', 'Worker 69', '3271', '2016-09-01', 'email69@company20.com', '71161');
INSERT INTO `samples_company__worker` VALUES ('3272', '20', 'Worker 70', '3272', '2016-09-01', 'email70@company20.com', '71162');
INSERT INTO `samples_company__worker` VALUES ('3273', '20', 'Worker 71', '3273', '2016-09-01', 'email71@company20.com', '71163');
INSERT INTO `samples_company__worker` VALUES ('3274', '20', 'Worker 72', '3274', '2016-09-01', 'email72@company20.com', '71164');
INSERT INTO `samples_company__worker` VALUES ('3275', '20', 'Worker 73', '3275', '2016-09-01', 'email73@company20.com', '71165');
INSERT INTO `samples_company__worker` VALUES ('3276', '20', 'Worker 74', '3276', '2016-09-01', 'email74@company20.com', '71166');
INSERT INTO `samples_company__worker` VALUES ('3277', '20', 'Worker 75', '3277', '2016-09-01', 'email75@company20.com', '71167');
INSERT INTO `samples_company__worker` VALUES ('3278', '20', 'Worker 76', '3278', '2016-09-01', 'email76@company20.com', '71168');
INSERT INTO `samples_company__worker` VALUES ('3279', '20', 'Worker 77', '3279', '2016-09-01', 'email77@company20.com', '71169');
INSERT INTO `samples_company__worker` VALUES ('3280', '20', 'Worker 78', '3280', '2016-09-01', 'email78@company20.com', '71170');
INSERT INTO `samples_company__worker` VALUES ('3281', '20', 'Worker 79', '3281', '2016-09-01', 'email79@company20.com', '71171');
INSERT INTO `samples_company__worker` VALUES ('3282', '20', 'Worker 80', '3282', '2016-09-01', 'email80@company20.com', '71172');
INSERT INTO `samples_company__worker` VALUES ('3283', '20', 'Worker 81', '3283', '2016-09-01', 'email81@company20.com', '71173');
INSERT INTO `samples_company__worker` VALUES ('3284', '20', 'Worker 82', '3284', '2016-09-01', 'email82@company20.com', '71174');
INSERT INTO `samples_company__worker` VALUES ('3285', '20', 'Worker 83', '3285', '2016-09-01', 'email83@company20.com', '71175');
INSERT INTO `samples_company__worker` VALUES ('3286', '20', 'Worker 84', '3286', '2016-09-01', 'email84@company20.com', '71176');
INSERT INTO `samples_company__worker` VALUES ('3287', '20', 'Worker 85', '3287', '2016-09-01', 'email85@company20.com', '71177');
INSERT INTO `samples_company__worker` VALUES ('3288', '20', 'Worker 86', '3288', '2016-09-01', 'email86@company20.com', '71178');
INSERT INTO `samples_company__worker` VALUES ('3289', '20', 'Worker 87', '3289', '2016-09-01', 'email87@company20.com', '71179');
INSERT INTO `samples_company__worker` VALUES ('3290', '20', 'Worker 88', '3290', '2016-09-01', 'email88@company20.com', '71180');
INSERT INTO `samples_company__worker` VALUES ('3291', '20', 'Worker 89', '3291', '2016-09-01', 'email89@company20.com', '71181');
INSERT INTO `samples_company__worker` VALUES ('3292', '20', 'Worker 90', '3292', '2016-09-01', 'email90@company20.com', '71182');
INSERT INTO `samples_company__worker` VALUES ('3293', '20', 'Worker 91', '3293', '2016-09-01', 'email91@company20.com', '71183');
INSERT INTO `samples_company__worker` VALUES ('3294', '20', 'Worker 92', '3294', '2016-09-01', 'email92@company20.com', '71184');
INSERT INTO `samples_company__worker` VALUES ('3295', '20', 'Worker 93', '3295', '2016-09-01', 'email93@company20.com', '71185');
INSERT INTO `samples_company__worker` VALUES ('3296', '20', 'Worker 94', '3296', '2016-09-01', 'email94@company20.com', '71186');
INSERT INTO `samples_company__worker` VALUES ('3297', '20', 'Worker 95', '3297', '2016-09-01', 'email95@company20.com', '71187');
INSERT INTO `samples_company__worker` VALUES ('3298', '20', 'Worker 96', '3298', '2016-09-01', 'email96@company20.com', '71188');
INSERT INTO `samples_company__worker` VALUES ('3299', '20', 'Worker 97', '3299', '2016-09-01', 'email97@company20.com', '71189');
INSERT INTO `samples_company__worker` VALUES ('3300', '20', 'Worker 98', '3300', '2016-09-01', 'email98@company20.com', '71190');
INSERT INTO `samples_company__worker` VALUES ('3301', '20', 'Worker 99', '3301', '2016-09-01', 'email99@company20.com', '71191');
INSERT INTO `samples_company__worker` VALUES ('3302', '21', 'Worker 1', '3302', '2016-09-01', 'email1@company21.com', '71192');
INSERT INTO `samples_company__worker` VALUES ('3303', '21', 'Worker 2', '3303', '2016-09-01', 'email2@company21.com', '71193');
INSERT INTO `samples_company__worker` VALUES ('3304', '21', 'Worker 3', '3304', '2016-09-01', 'email3@company21.com', '71194');
INSERT INTO `samples_company__worker` VALUES ('3305', '21', 'Worker 4', '3305', '2016-09-01', 'email4@company21.com', '71195');
INSERT INTO `samples_company__worker` VALUES ('3306', '21', 'Worker 5', '3306', '2016-09-01', 'email5@company21.com', '71196');
INSERT INTO `samples_company__worker` VALUES ('3307', '21', 'Worker 6', '3307', '2016-09-01', 'email6@company21.com', '71197');
INSERT INTO `samples_company__worker` VALUES ('3308', '21', 'Worker 7', '3308', '2016-09-01', 'email7@company21.com', '71198');
INSERT INTO `samples_company__worker` VALUES ('3309', '21', 'Worker 8', '3309', '2016-09-01', 'email8@company21.com', '71199');
INSERT INTO `samples_company__worker` VALUES ('3310', '21', 'Worker 9', '3310', '2016-09-01', 'email9@company21.com', '71200');
INSERT INTO `samples_company__worker` VALUES ('3311', '21', 'Worker 10', '3311', '2016-09-01', 'email10@company21.com', '71201');
INSERT INTO `samples_company__worker` VALUES ('3312', '22', 'Worker 1', '3312', '2016-09-01', 'email1@company22.com', '71202');
INSERT INTO `samples_company__worker` VALUES ('3313', '22', 'Worker 2', '3313', '2016-09-01', 'email2@company22.com', '71203');
INSERT INTO `samples_company__worker` VALUES ('3314', '22', 'Worker 3', '3314', '2016-09-01', 'email3@company22.com', '71204');
INSERT INTO `samples_company__worker` VALUES ('3315', '22', 'Worker 4', '3315', '2016-09-01', 'email4@company22.com', '71205');
INSERT INTO `samples_company__worker` VALUES ('3316', '22', 'Worker 5', '3316', '2016-09-01', 'email5@company22.com', '71206');
INSERT INTO `samples_company__worker` VALUES ('3317', '22', 'Worker 6', '3317', '2016-09-01', 'email6@company22.com', '71207');
INSERT INTO `samples_company__worker` VALUES ('3318', '22', 'Worker 7', '3318', '2016-09-01', 'email7@company22.com', '71208');
INSERT INTO `samples_company__worker` VALUES ('3319', '22', 'Worker 8', '3319', '2016-09-01', 'email8@company22.com', '71209');
INSERT INTO `samples_company__worker` VALUES ('3320', '22', 'Worker 9', '3320', '2016-09-01', 'email9@company22.com', '71210');
INSERT INTO `samples_company__worker` VALUES ('3321', '22', 'Worker 10', '3321', '2016-09-01', 'email10@company22.com', '71211');
INSERT INTO `samples_company__worker` VALUES ('3322', '23', 'Worker 1', '3322', '2016-09-01', 'email1@company23.com', '71212');
INSERT INTO `samples_company__worker` VALUES ('3323', '23', 'Worker 2', '3323', '2016-09-01', 'email2@company23.com', '71213');
INSERT INTO `samples_company__worker` VALUES ('3324', '23', 'Worker 3', '3324', '2016-09-01', 'email3@company23.com', '71214');
INSERT INTO `samples_company__worker` VALUES ('3325', '23', 'Worker 4', '3325', '2016-09-01', 'email4@company23.com', '71215');
INSERT INTO `samples_company__worker` VALUES ('3326', '23', 'Worker 5', '3326', '2016-09-01', 'email5@company23.com', '71216');
INSERT INTO `samples_company__worker` VALUES ('3327', '23', 'Worker 6', '3327', '2016-09-01', 'email6@company23.com', '71217');
INSERT INTO `samples_company__worker` VALUES ('3328', '23', 'Worker 7', '3328', '2016-09-01', 'email7@company23.com', '71218');
INSERT INTO `samples_company__worker` VALUES ('3329', '23', 'Worker 8', '3329', '2016-09-01', 'email8@company23.com', '71219');
INSERT INTO `samples_company__worker` VALUES ('3330', '23', 'Worker 9', '3330', '2016-09-01', 'email9@company23.com', '71220');
INSERT INTO `samples_company__worker` VALUES ('3331', '23', 'Worker 10', '3331', '2016-09-01', 'email10@company23.com', '71221');
INSERT INTO `samples_company__worker` VALUES ('3332', '24', 'Worker 1', '3332', '2016-09-01', 'email1@company24.com', '71222');
INSERT INTO `samples_company__worker` VALUES ('3333', '24', 'Worker 2', '3333', '2016-09-01', 'email2@company24.com', '71223');
INSERT INTO `samples_company__worker` VALUES ('3334', '24', 'Worker 3', '3334', '2016-09-01', 'email3@company24.com', '71224');
INSERT INTO `samples_company__worker` VALUES ('3335', '24', 'Worker 4', '3335', '2016-09-01', 'email4@company24.com', '71225');
INSERT INTO `samples_company__worker` VALUES ('3336', '24', 'Worker 5', '3336', '2016-09-01', 'email5@company24.com', '71226');
INSERT INTO `samples_company__worker` VALUES ('3337', '24', 'Worker 6', '3337', '2016-09-01', 'email6@company24.com', '71227');
INSERT INTO `samples_company__worker` VALUES ('3338', '24', 'Worker 7', '3338', '2016-09-01', 'email7@company24.com', '71228');
INSERT INTO `samples_company__worker` VALUES ('3339', '24', 'Worker 8', '3339', '2016-09-01', 'email8@company24.com', '71229');
INSERT INTO `samples_company__worker` VALUES ('3340', '24', 'Worker 9', '3340', '2016-09-01', 'email9@company24.com', '71230');
INSERT INTO `samples_company__worker` VALUES ('3341', '24', 'Worker 10', '3341', '2016-09-01', 'email10@company24.com', '71231');
INSERT INTO `samples_company__worker` VALUES ('3342', '25', 'Worker 1', '3342', '2016-09-01', 'email1@company25.com', '71232');
INSERT INTO `samples_company__worker` VALUES ('3343', '25', 'Worker 2', '3343', '2016-09-01', 'email2@company25.com', '71233');
INSERT INTO `samples_company__worker` VALUES ('3344', '25', 'Worker 3', '3344', '2016-09-01', 'email3@company25.com', '71234');
INSERT INTO `samples_company__worker` VALUES ('3345', '25', 'Worker 4', '3345', '2016-09-01', 'email4@company25.com', '71235');
INSERT INTO `samples_company__worker` VALUES ('3346', '25', 'Worker 5', '3346', '2016-09-01', 'email5@company25.com', '71236');
INSERT INTO `samples_company__worker` VALUES ('3347', '25', 'Worker 6', '3347', '2016-09-01', 'email6@company25.com', '71237');
INSERT INTO `samples_company__worker` VALUES ('3348', '25', 'Worker 7', '3348', '2016-09-01', 'email7@company25.com', '71238');
INSERT INTO `samples_company__worker` VALUES ('3349', '25', 'Worker 8', '3349', '2016-09-01', 'email8@company25.com', '71239');
INSERT INTO `samples_company__worker` VALUES ('3350', '25', 'Worker 9', '3350', '2016-09-01', 'email9@company25.com', '71240');
INSERT INTO `samples_company__worker` VALUES ('3351', '25', 'Worker 10', '3351', '2016-09-01', 'email10@company25.com', '71241');
INSERT INTO `samples_company__worker` VALUES ('3352', '26', 'Worker 1', '3352', '2016-09-01', 'email1@company26.com', '71242');
INSERT INTO `samples_company__worker` VALUES ('3353', '26', 'Worker 2', '3353', '2016-09-01', 'email2@company26.com', '71243');
INSERT INTO `samples_company__worker` VALUES ('3354', '26', 'Worker 3', '3354', '2016-09-01', 'email3@company26.com', '71244');
INSERT INTO `samples_company__worker` VALUES ('3355', '26', 'Worker 4', '3355', '2016-09-01', 'email4@company26.com', '71245');
INSERT INTO `samples_company__worker` VALUES ('3356', '26', 'Worker 5', '3356', '2016-09-01', 'email5@company26.com', '71246');
INSERT INTO `samples_company__worker` VALUES ('3357', '26', 'Worker 6', '3357', '2016-09-01', 'email6@company26.com', '71247');
INSERT INTO `samples_company__worker` VALUES ('3358', '26', 'Worker 7', '3358', '2016-09-01', 'email7@company26.com', '71248');
INSERT INTO `samples_company__worker` VALUES ('3359', '26', 'Worker 8', '3359', '2016-09-01', 'email8@company26.com', '71249');
INSERT INTO `samples_company__worker` VALUES ('3360', '26', 'Worker 9', '3360', '2016-09-01', 'email9@company26.com', '71250');
INSERT INTO `samples_company__worker` VALUES ('3361', '26', 'Worker 10', '3361', '2016-09-01', 'email10@company26.com', '71251');
INSERT INTO `samples_company__worker` VALUES ('3372', '28', 'Worker 1', '3372', '2016-09-01', 'email1@company28.com', '71262');
INSERT INTO `samples_company__worker` VALUES ('3373', '28', 'Worker 2', '3373', '2016-09-01', 'email2@company28.com', '71263');
INSERT INTO `samples_company__worker` VALUES ('3374', '28', 'Worker 3', '3374', '2016-09-01', 'email3@company28.com', '71264');
INSERT INTO `samples_company__worker` VALUES ('3375', '28', 'Worker 4', '3375', '2016-09-01', 'email4@company28.com', '71265');
INSERT INTO `samples_company__worker` VALUES ('3376', '28', 'Worker 5', '3376', '2016-09-01', 'email5@company28.com', '71266');
INSERT INTO `samples_company__worker` VALUES ('3377', '28', 'Worker 6', '3377', '2016-09-01', 'email6@company28.com', '71267');
INSERT INTO `samples_company__worker` VALUES ('3378', '28', 'Worker 7', '3378', '2016-09-01', 'email7@company28.com', '71268');
INSERT INTO `samples_company__worker` VALUES ('3379', '28', 'Worker 8', '3379', '2016-09-01', 'email8@company28.com', '71269');
INSERT INTO `samples_company__worker` VALUES ('3380', '28', 'Worker 9', '3380', '2016-09-01', 'email9@company28.com', '71270');
INSERT INTO `samples_company__worker` VALUES ('3381', '28', 'Worker 10', '3381', '2016-09-01', 'email10@company28.com', '71271');
INSERT INTO `samples_company__worker` VALUES ('3382', '29', 'Worker 1', '3382', '2016-09-01', 'email1@company29.com', '71272');
INSERT INTO `samples_company__worker` VALUES ('3383', '29', 'Worker 2', '3383', '2016-09-01', 'email2@company29.com', '71273');
INSERT INTO `samples_company__worker` VALUES ('3384', '29', 'Worker 3', '3384', '2016-09-01', 'email3@company29.com', '71274');
INSERT INTO `samples_company__worker` VALUES ('3385', '29', 'Worker 4', '3385', '2016-09-01', 'email4@company29.com', '71275');
INSERT INTO `samples_company__worker` VALUES ('3386', '29', 'Worker 5', '3386', '2016-09-01', 'email5@company29.com', '71276');
INSERT INTO `samples_company__worker` VALUES ('3387', '29', 'Worker 6', '3387', '2016-09-01', 'email6@company29.com', '71277');
INSERT INTO `samples_company__worker` VALUES ('3388', '29', 'Worker 7', '3388', '2016-09-01', 'email7@company29.com', '71278');
INSERT INTO `samples_company__worker` VALUES ('3389', '29', 'Worker 8', '3389', '2016-09-01', 'email8@company29.com', '71279');
INSERT INTO `samples_company__worker` VALUES ('3390', '29', 'Worker 9', '3390', '2016-09-01', 'email9@company29.com', '71280');
INSERT INTO `samples_company__worker` VALUES ('3391', '29', 'Worker 10', '3391', '2016-09-01', 'email10@company29.com', '71281');
INSERT INTO `samples_company__worker` VALUES ('3392', '30', 'Worker 1', '3392', '2016-09-01', 'email1@company30.com', '71282');
INSERT INTO `samples_company__worker` VALUES ('3393', '30', 'Worker 2', '3393', '2016-09-01', 'email2@company30.com', '71283');
INSERT INTO `samples_company__worker` VALUES ('3394', '30', 'Worker 3', '3394', '2016-09-01', 'email3@company30.com', '71284');
INSERT INTO `samples_company__worker` VALUES ('3395', '30', 'Worker 4', '3395', '2016-09-01', 'email4@company30.com', '71285');
INSERT INTO `samples_company__worker` VALUES ('3396', '30', 'Worker 5', '3396', '2016-09-01', 'email5@company30.com', '71286');
INSERT INTO `samples_company__worker` VALUES ('3397', '30', 'Worker 6', '3397', '2016-09-01', 'email6@company30.com', '71287');
INSERT INTO `samples_company__worker` VALUES ('3398', '30', 'Worker 7', '3398', '2016-09-01', 'email7@company30.com', '71288');
INSERT INTO `samples_company__worker` VALUES ('3399', '30', 'Worker 8', '3399', '2016-09-01', 'email8@company30.com', '71289');
INSERT INTO `samples_company__worker` VALUES ('3400', '30', 'Worker 9', '3400', '2016-09-01', 'email9@company30.com', '71290');
INSERT INTO `samples_company__worker` VALUES ('3401', '30', 'Worker 10', '3401', '2016-09-01', 'email10@company30.com', '71291');
INSERT INTO `samples_company__worker` VALUES ('3402', '31', 'Worker 1', '3402', '2016-09-01', 'email1@company31.com', '71292');
INSERT INTO `samples_company__worker` VALUES ('3403', '31', 'Worker 2', '3403', '2016-09-01', 'email2@company31.com', '71293');
INSERT INTO `samples_company__worker` VALUES ('3404', '31', 'Worker 3', '3404', '2016-09-01', 'email3@company31.com', '71294');
INSERT INTO `samples_company__worker` VALUES ('3405', '31', 'Worker 4', '3405', '2016-09-01', 'email4@company31.com', '71295');
INSERT INTO `samples_company__worker` VALUES ('3406', '31', 'Worker 5', '3406', '2016-09-01', 'email5@company31.com', '71296');
INSERT INTO `samples_company__worker` VALUES ('3407', '31', 'Worker 6', '3407', '2016-09-01', 'email6@company31.com', '71297');
INSERT INTO `samples_company__worker` VALUES ('3408', '31', 'Worker 7', '3408', '2016-09-01', 'email7@company31.com', '71298');
INSERT INTO `samples_company__worker` VALUES ('3409', '31', 'Worker 8', '3409', '2016-09-01', 'email8@company31.com', '71299');
INSERT INTO `samples_company__worker` VALUES ('3410', '31', 'Worker 9', '3410', '2016-09-01', 'email9@company31.com', '71300');
INSERT INTO `samples_company__worker` VALUES ('3411', '31', 'Worker 10', '3411', '2016-09-01', 'email10@company31.com', '71301');
INSERT INTO `samples_company__worker` VALUES ('3412', '32', 'Worker 1', '3412', '2016-09-01', 'email1@company32.com', '71302');
INSERT INTO `samples_company__worker` VALUES ('3413', '32', 'Worker 2', '3413', '2016-09-01', 'email2@company32.com', '71303');
INSERT INTO `samples_company__worker` VALUES ('3414', '32', 'Worker 3', '3414', '2016-09-01', 'email3@company32.com', '71304');
INSERT INTO `samples_company__worker` VALUES ('3415', '32', 'Worker 4', '3415', '2016-09-01', 'email4@company32.com', '71305');
INSERT INTO `samples_company__worker` VALUES ('3416', '32', 'Worker 5', '3416', '2016-09-01', 'email5@company32.com', '71306');
INSERT INTO `samples_company__worker` VALUES ('3417', '32', 'Worker 6', '3417', '2016-09-01', 'email6@company32.com', '71307');
INSERT INTO `samples_company__worker` VALUES ('3418', '32', 'Worker 7', '3418', '2016-09-01', 'email7@company32.com', '71308');
INSERT INTO `samples_company__worker` VALUES ('3419', '32', 'Worker 8', '3419', '2016-09-01', 'email8@company32.com', '71309');
INSERT INTO `samples_company__worker` VALUES ('3420', '32', 'Worker 9', '3420', '2016-09-01', 'email9@company32.com', '71310');
INSERT INTO `samples_company__worker` VALUES ('3421', '32', 'Worker 10', '3421', '2016-09-01', 'email10@company32.com', '71311');
INSERT INTO `samples_company__worker` VALUES ('3422', '33', 'Worker 1', '3422', '2016-09-01', 'email1@company33.com', '71312');
INSERT INTO `samples_company__worker` VALUES ('3423', '33', 'Worker 2', '3423', '2016-09-01', 'email2@company33.com', '71313');
INSERT INTO `samples_company__worker` VALUES ('3424', '33', 'Worker 3', '3424', '2016-09-01', 'email3@company33.com', '71314');
INSERT INTO `samples_company__worker` VALUES ('3425', '33', 'Worker 4', '3425', '2016-09-01', 'email4@company33.com', '71315');
INSERT INTO `samples_company__worker` VALUES ('3426', '33', 'Worker 5', '3426', '2016-09-01', 'email5@company33.com', '71316');
INSERT INTO `samples_company__worker` VALUES ('3427', '33', 'Worker 6', '3427', '2016-09-01', 'email6@company33.com', '71317');
INSERT INTO `samples_company__worker` VALUES ('3428', '33', 'Worker 7', '3428', '2016-09-01', 'email7@company33.com', '71318');
INSERT INTO `samples_company__worker` VALUES ('3429', '33', 'Worker 8', '3429', '2016-09-01', 'email8@company33.com', '71319');
INSERT INTO `samples_company__worker` VALUES ('3430', '33', 'Worker 9', '3430', '2016-09-01', 'email9@company33.com', '71320');
INSERT INTO `samples_company__worker` VALUES ('3431', '33', 'Worker 10', '3431', '2016-09-01', 'email10@company33.com', '71321');
INSERT INTO `samples_company__worker` VALUES ('3432', '34', 'Worker 1', '3432', '2016-09-01', 'email1@company34.com', '71322');
INSERT INTO `samples_company__worker` VALUES ('3433', '34', 'Worker 2', '3433', '2016-09-01', 'email2@company34.com', '71323');
INSERT INTO `samples_company__worker` VALUES ('3434', '34', 'Worker 3', '3434', '2016-09-01', 'email3@company34.com', '71324');
INSERT INTO `samples_company__worker` VALUES ('3435', '34', 'Worker 4', '3435', '2016-09-01', 'email4@company34.com', '71325');
INSERT INTO `samples_company__worker` VALUES ('3436', '34', 'Worker 5', '3436', '2016-09-01', 'email5@company34.com', '71326');
INSERT INTO `samples_company__worker` VALUES ('3437', '34', 'Worker 6', '3437', '2016-09-01', 'email6@company34.com', '71327');
INSERT INTO `samples_company__worker` VALUES ('3438', '34', 'Worker 7', '3438', '2016-09-01', 'email7@company34.com', '71328');
INSERT INTO `samples_company__worker` VALUES ('3439', '34', 'Worker 8', '3439', '2016-09-01', 'email8@company34.com', '71329');
INSERT INTO `samples_company__worker` VALUES ('3440', '34', 'Worker 9', '3440', '2016-09-01', 'email9@company34.com', '71330');
INSERT INTO `samples_company__worker` VALUES ('3441', '34', 'Worker 10', '3441', '2016-09-01', 'email10@company34.com', '71331');
INSERT INTO `samples_company__worker` VALUES ('3442', '35', 'Worker 1', '3442', '2016-09-01', 'email1@company35.com', '71332');
INSERT INTO `samples_company__worker` VALUES ('3443', '35', 'Worker 2', '3443', '2016-09-01', 'email2@company35.com', '71333');
INSERT INTO `samples_company__worker` VALUES ('3444', '35', 'Worker 3', '3444', '2016-09-01', 'email3@company35.com', '71334');
INSERT INTO `samples_company__worker` VALUES ('3445', '35', 'Worker 4', '3445', '2016-09-01', 'email4@company35.com', '71335');
INSERT INTO `samples_company__worker` VALUES ('3446', '35', 'Worker 5', '3446', '2016-09-01', 'email5@company35.com', '71336');
INSERT INTO `samples_company__worker` VALUES ('3447', '35', 'Worker 6', '3447', '2016-09-01', 'email6@company35.com', '71337');
INSERT INTO `samples_company__worker` VALUES ('3448', '35', 'Worker 7', '3448', '2016-09-01', 'email7@company35.com', '71338');
INSERT INTO `samples_company__worker` VALUES ('3449', '35', 'Worker 8', '3449', '2016-09-01', 'email8@company35.com', '71339');
INSERT INTO `samples_company__worker` VALUES ('3450', '35', 'Worker 9', '3450', '2016-09-01', 'email9@company35.com', '71340');
INSERT INTO `samples_company__worker` VALUES ('3451', '35', 'Worker 10', '3451', '2016-09-01', 'email10@company35.com', '71341');
INSERT INTO `samples_company__worker` VALUES ('3452', '36', 'Worker 1', '3452', '2016-09-01', 'email1@company36.com', '71342');
INSERT INTO `samples_company__worker` VALUES ('3453', '36', 'Worker 2', '3453', '2016-09-01', 'email2@company36.com', '71343');
INSERT INTO `samples_company__worker` VALUES ('3454', '36', 'Worker 3', '3454', '2016-09-01', 'email3@company36.com', '71344');
INSERT INTO `samples_company__worker` VALUES ('3455', '36', 'Worker 4', '3455', '2016-09-01', 'email4@company36.com', '71345');
INSERT INTO `samples_company__worker` VALUES ('3456', '36', 'Worker 5', '3456', '2016-09-01', 'email5@company36.com', '71346');
INSERT INTO `samples_company__worker` VALUES ('3457', '36', 'Worker 6', '3457', '2016-09-01', 'email6@company36.com', '71347');
INSERT INTO `samples_company__worker` VALUES ('3458', '36', 'Worker 7', '3458', '2016-09-01', 'email7@company36.com', '71348');
INSERT INTO `samples_company__worker` VALUES ('3459', '36', 'Worker 8', '3459', '2016-09-01', 'email8@company36.com', '71349');
INSERT INTO `samples_company__worker` VALUES ('3460', '36', 'Worker 9', '3460', '2016-09-01', 'email9@company36.com', '71350');
INSERT INTO `samples_company__worker` VALUES ('3461', '36', 'Worker 10', '3461', '2016-09-01', 'email10@company36.com', '71351');
INSERT INTO `samples_company__worker` VALUES ('3462', '37', 'Worker 1', '3462', '2016-09-01', 'email1@company37.com', '71352');
INSERT INTO `samples_company__worker` VALUES ('3463', '37', 'Worker 2', '3463', '2016-09-01', 'email2@company37.com', '71353');
INSERT INTO `samples_company__worker` VALUES ('3464', '37', 'Worker 3', '3464', '2016-09-01', 'email3@company37.com', '71354');
INSERT INTO `samples_company__worker` VALUES ('3465', '37', 'Worker 4', '3465', '2016-09-01', 'email4@company37.com', '71355');
INSERT INTO `samples_company__worker` VALUES ('3466', '37', 'Worker 5', '3466', '2016-09-01', 'email5@company37.com', '71356');
INSERT INTO `samples_company__worker` VALUES ('3467', '37', 'Worker 6', '3467', '2016-09-01', 'email6@company37.com', '71357');
INSERT INTO `samples_company__worker` VALUES ('3468', '37', 'Worker 7', '3468', '2016-09-01', 'email7@company37.com', '71358');
INSERT INTO `samples_company__worker` VALUES ('3469', '37', 'Worker 8', '3469', '2016-09-01', 'email8@company37.com', '71359');
INSERT INTO `samples_company__worker` VALUES ('3470', '37', 'Worker 9', '3470', '2016-09-01', 'email9@company37.com', '71360');
INSERT INTO `samples_company__worker` VALUES ('3471', '37', 'Worker 10', '3471', '2016-09-01', 'email10@company37.com', '71361');
INSERT INTO `samples_company__worker` VALUES ('3472', '38', 'Worker 1', '3472', '2016-09-01', 'email1@company38.com', '71362');
INSERT INTO `samples_company__worker` VALUES ('3473', '38', 'Worker 2', '3473', '2016-09-01', 'email2@company38.com', '71363');
INSERT INTO `samples_company__worker` VALUES ('3474', '38', 'Worker 3', '3474', '2016-09-01', 'email3@company38.com', '71364');
INSERT INTO `samples_company__worker` VALUES ('3475', '38', 'Worker 4', '3475', '2016-09-01', 'email4@company38.com', '71365');
INSERT INTO `samples_company__worker` VALUES ('3476', '38', 'Worker 5', '3476', '2016-09-01', 'email5@company38.com', '71366');
INSERT INTO `samples_company__worker` VALUES ('3477', '38', 'Worker 6', '3477', '2016-09-01', 'email6@company38.com', '71367');
INSERT INTO `samples_company__worker` VALUES ('3478', '38', 'Worker 7', '3478', '2016-09-01', 'email7@company38.com', '71368');
INSERT INTO `samples_company__worker` VALUES ('3479', '38', 'Worker 8', '3479', '2016-09-01', 'email8@company38.com', '71369');
INSERT INTO `samples_company__worker` VALUES ('3480', '38', 'Worker 9', '3480', '2016-09-01', 'email9@company38.com', '71370');
INSERT INTO `samples_company__worker` VALUES ('3481', '38', 'Worker 10', '3481', '2016-09-01', 'email10@company38.com', '71371');
INSERT INTO `samples_company__worker` VALUES ('3482', '39', 'Worker 1', '3482', '2016-09-01', 'email1@company39.com', '71372');
INSERT INTO `samples_company__worker` VALUES ('3483', '39', 'Worker 2', '3483', '2016-09-01', 'email2@company39.com', '71373');
INSERT INTO `samples_company__worker` VALUES ('3484', '39', 'Worker 3', '3484', '2016-09-01', 'email3@company39.com', '71374');
INSERT INTO `samples_company__worker` VALUES ('3485', '39', 'Worker 4', '3485', '2016-09-01', 'email4@company39.com', '71375');
INSERT INTO `samples_company__worker` VALUES ('3486', '39', 'Worker 5', '3486', '2016-09-01', 'email5@company39.com', '71376');
INSERT INTO `samples_company__worker` VALUES ('3487', '39', 'Worker 6', '3487', '2016-09-01', 'email6@company39.com', '71377');
INSERT INTO `samples_company__worker` VALUES ('3488', '39', 'Worker 7', '3488', '2016-09-01', 'email7@company39.com', '71378');
INSERT INTO `samples_company__worker` VALUES ('3489', '39', 'Worker 8', '3489', '2016-09-01', 'email8@company39.com', '71379');
INSERT INTO `samples_company__worker` VALUES ('3490', '39', 'Worker 9', '3490', '2016-09-01', 'email9@company39.com', '71380');
INSERT INTO `samples_company__worker` VALUES ('3491', '39', 'Worker 10', '3491', '2016-09-01', 'email10@company39.com', '71381');
INSERT INTO `samples_company__worker` VALUES ('3492', '40', 'Worker 1', '3492', '2016-09-01', 'email1@company40.com', '71382');
INSERT INTO `samples_company__worker` VALUES ('3493', '40', 'Worker 2', '3493', '2016-09-01', 'email2@company40.com', '71383');
INSERT INTO `samples_company__worker` VALUES ('3494', '40', 'Worker 3', '3494', '2016-09-01', 'email3@company40.com', '71384');
INSERT INTO `samples_company__worker` VALUES ('3495', '40', 'Worker 4', '3495', '2016-09-01', 'email4@company40.com', '71385');
INSERT INTO `samples_company__worker` VALUES ('3496', '40', 'Worker 5', '3496', '2016-09-01', 'email5@company40.com', '71386');
INSERT INTO `samples_company__worker` VALUES ('3497', '40', 'Worker 6', '3497', '2016-09-01', 'email6@company40.com', '71387');
INSERT INTO `samples_company__worker` VALUES ('3498', '40', 'Worker 7', '3498', '2016-09-01', 'email7@company40.com', '71388');
INSERT INTO `samples_company__worker` VALUES ('3499', '40', 'Worker 8', '3499', '2016-09-01', 'email8@company40.com', '71389');
INSERT INTO `samples_company__worker` VALUES ('3500', '40', 'Worker 9', '3500', '2016-09-01', 'email9@company40.com', '71390');
INSERT INTO `samples_company__worker` VALUES ('3501', '40', 'Worker 10', '3501', '2016-09-01', 'email10@company40.com', '71391');
INSERT INTO `samples_company__worker` VALUES ('3502', '41', 'Worker 1', '3502', '2016-09-01', 'email1@company41.com', '71392');
INSERT INTO `samples_company__worker` VALUES ('3503', '41', 'Worker 2', '3503', '2016-09-01', 'email2@company41.com', '71393');
INSERT INTO `samples_company__worker` VALUES ('3504', '41', 'Worker 3', '3504', '2016-09-01', 'email3@company41.com', '71394');
INSERT INTO `samples_company__worker` VALUES ('3505', '41', 'Worker 4', '3505', '2016-09-01', 'email4@company41.com', '71395');
INSERT INTO `samples_company__worker` VALUES ('3506', '41', 'Worker 5', '3506', '2016-09-01', 'email5@company41.com', '71396');
INSERT INTO `samples_company__worker` VALUES ('3507', '41', 'Worker 6', '3507', '2016-09-01', 'email6@company41.com', '71397');
INSERT INTO `samples_company__worker` VALUES ('3508', '41', 'Worker 7', '3508', '2016-09-01', 'email7@company41.com', '71398');
INSERT INTO `samples_company__worker` VALUES ('3509', '41', 'Worker 8', '3509', '2016-09-01', 'email8@company41.com', '71399');
INSERT INTO `samples_company__worker` VALUES ('3510', '41', 'Worker 9', '3510', '2016-09-01', 'email9@company41.com', '71400');
INSERT INTO `samples_company__worker` VALUES ('3511', '41', 'Worker 10', '3511', '2016-09-01', 'email10@company41.com', '71401');
INSERT INTO `samples_company__worker` VALUES ('3512', '42', 'Worker 1', '3512', '2016-09-01', 'email1@company42.com', '71402');
INSERT INTO `samples_company__worker` VALUES ('3513', '42', 'Worker 2', '3513', '2016-09-01', 'email2@company42.com', '71403');
INSERT INTO `samples_company__worker` VALUES ('3514', '42', 'Worker 3', '3514', '2016-09-01', 'email3@company42.com', '71404');
INSERT INTO `samples_company__worker` VALUES ('3515', '42', 'Worker 4', '3515', '2016-09-01', 'email4@company42.com', '71405');
INSERT INTO `samples_company__worker` VALUES ('3516', '42', 'Worker 5', '3516', '2016-09-01', 'email5@company42.com', '71406');
INSERT INTO `samples_company__worker` VALUES ('3517', '42', 'Worker 6', '3517', '2016-09-01', 'email6@company42.com', '71407');
INSERT INTO `samples_company__worker` VALUES ('3518', '42', 'Worker 7', '3518', '2016-09-01', 'email7@company42.com', '71408');
INSERT INTO `samples_company__worker` VALUES ('3519', '42', 'Worker 8', '3519', '2016-09-01', 'email8@company42.com', '71409');
INSERT INTO `samples_company__worker` VALUES ('3520', '42', 'Worker 9', '3520', '2016-09-01', 'email9@company42.com', '71410');
INSERT INTO `samples_company__worker` VALUES ('3521', '42', 'Worker 10', '3521', '2016-09-01', 'email10@company42.com', '71411');
INSERT INTO `samples_company__worker` VALUES ('3522', '43', 'Worker 1', '3522', '2016-09-01', 'email1@company43.com', '71412');
INSERT INTO `samples_company__worker` VALUES ('3523', '43', 'Worker 2', '3523', '2016-09-01', 'email2@company43.com', '71413');
INSERT INTO `samples_company__worker` VALUES ('3524', '43', 'Worker 3', '3524', '2016-09-01', 'email3@company43.com', '71414');
INSERT INTO `samples_company__worker` VALUES ('3525', '43', 'Worker 4', '3525', '2016-09-01', 'email4@company43.com', '71415');
INSERT INTO `samples_company__worker` VALUES ('3526', '43', 'Worker 5', '3526', '2016-09-01', 'email5@company43.com', '71416');
INSERT INTO `samples_company__worker` VALUES ('3527', '43', 'Worker 6', '3527', '2016-09-01', 'email6@company43.com', '71417');
INSERT INTO `samples_company__worker` VALUES ('3528', '43', 'Worker 7', '3528', '2016-09-01', 'email7@company43.com', '71418');
INSERT INTO `samples_company__worker` VALUES ('3529', '43', 'Worker 8', '3529', '2016-09-01', 'email8@company43.com', '71419');
INSERT INTO `samples_company__worker` VALUES ('3530', '43', 'Worker 9', '3530', '2016-09-01', 'email9@company43.com', '71420');
INSERT INTO `samples_company__worker` VALUES ('3531', '43', 'Worker 10', '3531', '2016-09-01', 'email10@company43.com', '71421');
INSERT INTO `samples_company__worker` VALUES ('3532', '44', 'Worker 1', '3532', '2016-09-01', 'email1@company44.com', '71422');
INSERT INTO `samples_company__worker` VALUES ('3533', '44', 'Worker 2', '3533', '2016-09-01', 'email2@company44.com', '71423');
INSERT INTO `samples_company__worker` VALUES ('3534', '44', 'Worker 3', '3534', '2016-09-01', 'email3@company44.com', '71424');
INSERT INTO `samples_company__worker` VALUES ('3535', '44', 'Worker 4', '3535', '2016-09-01', 'email4@company44.com', '71425');
INSERT INTO `samples_company__worker` VALUES ('3536', '44', 'Worker 5', '3536', '2016-09-01', 'email5@company44.com', '71426');
INSERT INTO `samples_company__worker` VALUES ('3537', '44', 'Worker 6', '3537', '2016-09-01', 'email6@company44.com', '71427');
INSERT INTO `samples_company__worker` VALUES ('3538', '44', 'Worker 7', '3538', '2016-09-01', 'email7@company44.com', '71428');
INSERT INTO `samples_company__worker` VALUES ('3539', '44', 'Worker 8', '3539', '2016-09-01', 'email8@company44.com', '71429');
INSERT INTO `samples_company__worker` VALUES ('3540', '44', 'Worker 9', '3540', '2016-09-01', 'email9@company44.com', '71430');
INSERT INTO `samples_company__worker` VALUES ('3541', '44', 'Worker 10', '3541', '2016-09-01', 'email10@company44.com', '71431');
INSERT INTO `samples_company__worker` VALUES ('3542', '45', 'Worker 1', '3542', '2016-09-01', 'email1@company45.com', '71432');
INSERT INTO `samples_company__worker` VALUES ('3543', '45', 'Worker 2', '3543', '2016-09-01', 'email2@company45.com', '71433');
INSERT INTO `samples_company__worker` VALUES ('3544', '45', 'Worker 3', '3544', '2016-09-01', 'email3@company45.com', '71434');
INSERT INTO `samples_company__worker` VALUES ('3545', '45', 'Worker 4', '3545', '2016-09-01', 'email4@company45.com', '71435');
INSERT INTO `samples_company__worker` VALUES ('3546', '45', 'Worker 5', '3546', '2016-09-01', 'email5@company45.com', '71436');
INSERT INTO `samples_company__worker` VALUES ('3547', '45', 'Worker 6', '3547', '2016-09-01', 'email6@company45.com', '71437');
INSERT INTO `samples_company__worker` VALUES ('3548', '45', 'Worker 7', '3548', '2016-09-01', 'email7@company45.com', '71438');
INSERT INTO `samples_company__worker` VALUES ('3549', '45', 'Worker 8', '3549', '2016-09-01', 'email8@company45.com', '71439');
INSERT INTO `samples_company__worker` VALUES ('3550', '45', 'Worker 9', '3550', '2016-09-01', 'email9@company45.com', '71440');
INSERT INTO `samples_company__worker` VALUES ('3551', '45', 'Worker 10', '3551', '2016-09-01', 'email10@company45.com', '71441');
INSERT INTO `samples_company__worker` VALUES ('3552', '46', 'Worker 1', '3552', '2016-09-01', 'email1@company46.com', '71442');
INSERT INTO `samples_company__worker` VALUES ('3553', '46', 'Worker 2', '3553', '2016-09-01', 'email2@company46.com', '71443');
INSERT INTO `samples_company__worker` VALUES ('3554', '46', 'Worker 3', '3554', '2016-09-01', 'email3@company46.com', '71444');
INSERT INTO `samples_company__worker` VALUES ('3555', '46', 'Worker 4', '3555', '2016-09-01', 'email4@company46.com', '71445');
INSERT INTO `samples_company__worker` VALUES ('3556', '46', 'Worker 5', '3556', '2016-09-01', 'email5@company46.com', '71446');
INSERT INTO `samples_company__worker` VALUES ('3557', '46', 'Worker 6', '3557', '2016-09-01', 'email6@company46.com', '71447');
INSERT INTO `samples_company__worker` VALUES ('3558', '46', 'Worker 7', '3558', '2016-09-01', 'email7@company46.com', '71448');
INSERT INTO `samples_company__worker` VALUES ('3559', '46', 'Worker 8', '3559', '2016-09-01', 'email8@company46.com', '71449');
INSERT INTO `samples_company__worker` VALUES ('3560', '46', 'Worker 9', '3560', '2016-09-01', 'email9@company46.com', '71450');
INSERT INTO `samples_company__worker` VALUES ('3561', '46', 'Worker 10', '3561', '2016-09-01', 'email10@company46.com', '71451');
INSERT INTO `samples_company__worker` VALUES ('3562', '47', 'Worker 1', '3562', '2016-09-01', 'email1@company47.com', '71452');
INSERT INTO `samples_company__worker` VALUES ('3563', '47', 'Worker 2', '3563', '2016-09-01', 'email2@company47.com', '71453');
INSERT INTO `samples_company__worker` VALUES ('3564', '47', 'Worker 3', '3564', '2016-09-01', 'email3@company47.com', '71454');
INSERT INTO `samples_company__worker` VALUES ('3565', '47', 'Worker 4', '3565', '2016-09-01', 'email4@company47.com', '71455');
INSERT INTO `samples_company__worker` VALUES ('3566', '47', 'Worker 5', '3566', '2016-09-01', 'email5@company47.com', '71456');
INSERT INTO `samples_company__worker` VALUES ('3567', '47', 'Worker 6', '3567', '2016-09-01', 'email6@company47.com', '71457');
INSERT INTO `samples_company__worker` VALUES ('3568', '47', 'Worker 7', '3568', '2016-09-01', 'email7@company47.com', '71458');
INSERT INTO `samples_company__worker` VALUES ('3569', '47', 'Worker 8', '3569', '2016-09-01', 'email8@company47.com', '71459');
INSERT INTO `samples_company__worker` VALUES ('3570', '47', 'Worker 9', '3570', '2016-09-01', 'email9@company47.com', '71460');
INSERT INTO `samples_company__worker` VALUES ('3571', '47', 'Worker 10', '3571', '2016-09-01', 'email10@company47.com', '71461');
INSERT INTO `samples_company__worker` VALUES ('3572', '48', 'Worker 1', '3572', '2016-09-01', 'email1@company48.com', '71462');
INSERT INTO `samples_company__worker` VALUES ('3573', '48', 'Worker 2', '3573', '2016-09-01', 'email2@company48.com', '71463');
INSERT INTO `samples_company__worker` VALUES ('3574', '48', 'Worker 3', '3574', '2016-09-01', 'email3@company48.com', '71464');
INSERT INTO `samples_company__worker` VALUES ('3575', '48', 'Worker 4', '3575', '2016-09-01', 'email4@company48.com', '71465');
INSERT INTO `samples_company__worker` VALUES ('3576', '48', 'Worker 5', '3576', '2016-09-01', 'email5@company48.com', '71466');
INSERT INTO `samples_company__worker` VALUES ('3577', '48', 'Worker 6', '3577', '2016-09-01', 'email6@company48.com', '71467');
INSERT INTO `samples_company__worker` VALUES ('3578', '48', 'Worker 7', '3578', '2016-09-01', 'email7@company48.com', '71468');
INSERT INTO `samples_company__worker` VALUES ('3579', '48', 'Worker 8', '3579', '2016-09-01', 'email8@company48.com', '71469');
INSERT INTO `samples_company__worker` VALUES ('3580', '48', 'Worker 9', '3580', '2016-09-01', 'email9@company48.com', '71470');
INSERT INTO `samples_company__worker` VALUES ('3581', '48', 'Worker 10', '3581', '2016-09-01', 'email10@company48.com', '71471');
INSERT INTO `samples_company__worker` VALUES ('3582', '49', 'Worker 1', '3582', '2016-09-01', 'email1@company49.com', '71472');
INSERT INTO `samples_company__worker` VALUES ('3583', '49', 'Worker 2', '3583', '2016-09-01', 'email2@company49.com', '71473');
INSERT INTO `samples_company__worker` VALUES ('3584', '49', 'Worker 3', '3584', '2016-09-01', 'email3@company49.com', '71474');
INSERT INTO `samples_company__worker` VALUES ('3585', '49', 'Worker 4', '3585', '2016-09-01', 'email4@company49.com', '71475');
INSERT INTO `samples_company__worker` VALUES ('3586', '49', 'Worker 5', '3586', '2016-09-01', 'email5@company49.com', '71476');
INSERT INTO `samples_company__worker` VALUES ('3587', '49', 'Worker 6', '3587', '2016-09-01', 'email6@company49.com', '71477');
INSERT INTO `samples_company__worker` VALUES ('3588', '49', 'Worker 7', '3588', '2016-09-01', 'email7@company49.com', '71478');
INSERT INTO `samples_company__worker` VALUES ('3589', '49', 'Worker 8', '3589', '2016-09-01', 'email8@company49.com', '71479');
INSERT INTO `samples_company__worker` VALUES ('3590', '49', 'Worker 9', '3590', '2016-09-01', 'email9@company49.com', '71480');
INSERT INTO `samples_company__worker` VALUES ('3591', '49', 'Worker 10', '3591', '2016-09-01', 'email10@company49.com', '71481');
INSERT INTO `samples_company__worker` VALUES ('3592', '50', 'Worker 1', '3592', '2016-09-01', 'email1@company50.com', '71482');
INSERT INTO `samples_company__worker` VALUES ('3593', '50', 'Worker 2', '3593', '2016-09-01', 'email2@company50.com', '71483');
INSERT INTO `samples_company__worker` VALUES ('3594', '50', 'Worker 3', '3594', '2016-09-01', 'email3@company50.com', '71484');
INSERT INTO `samples_company__worker` VALUES ('3595', '50', 'Worker 4', '3595', '2016-09-01', 'email4@company50.com', '71485');
INSERT INTO `samples_company__worker` VALUES ('3596', '50', 'Worker 5', '3596', '2016-09-01', 'email5@company50.com', '71486');
INSERT INTO `samples_company__worker` VALUES ('3597', '50', 'Worker 6', '3597', '2016-09-01', 'email6@company50.com', '71487');
INSERT INTO `samples_company__worker` VALUES ('3598', '50', 'Worker 7', '3598', '2016-09-01', 'email7@company50.com', '71488');
INSERT INTO `samples_company__worker` VALUES ('3599', '50', 'Worker 8', '3599', '2016-09-01', 'email8@company50.com', '71489');
INSERT INTO `samples_company__worker` VALUES ('3600', '50', 'Worker 9', '3600', '2016-09-01', 'email9@company50.com', '71490');
INSERT INTO `samples_company__worker` VALUES ('3601', '50', 'Worker 10', '3601', '2016-09-01', 'email10@company50.com', '71491');
INSERT INTO `samples_company__worker` VALUES ('3602', '51', 'Worker 1', '3602', '2016-09-01', 'email1@company51.com', '71492');
INSERT INTO `samples_company__worker` VALUES ('3603', '51', 'Worker 2', '3603', '2016-09-01', 'email2@company51.com', '71493');
INSERT INTO `samples_company__worker` VALUES ('3604', '51', 'Worker 3', '3604', '2016-09-01', 'email3@company51.com', '71494');
INSERT INTO `samples_company__worker` VALUES ('3605', '51', 'Worker 4', '3605', '2016-09-01', 'email4@company51.com', '71495');
INSERT INTO `samples_company__worker` VALUES ('3606', '51', 'Worker 5', '3606', '2016-09-01', 'email5@company51.com', '71496');
INSERT INTO `samples_company__worker` VALUES ('3607', '51', 'Worker 6', '3607', '2016-09-01', 'email6@company51.com', '71497');
INSERT INTO `samples_company__worker` VALUES ('3608', '51', 'Worker 7', '3608', '2016-09-01', 'email7@company51.com', '71498');
INSERT INTO `samples_company__worker` VALUES ('3609', '51', 'Worker 8', '3609', '2016-09-01', 'email8@company51.com', '71499');
INSERT INTO `samples_company__worker` VALUES ('3610', '51', 'Worker 9', '3610', '2016-09-01', 'email9@company51.com', '71500');
INSERT INTO `samples_company__worker` VALUES ('3611', '51', 'Worker 10', '3611', '2016-09-01', 'email10@company51.com', '71501');
INSERT INTO `samples_company__worker` VALUES ('3612', '52', 'Worker 1', '3612', '2016-09-01', 'email1@company52.com', '71502');
INSERT INTO `samples_company__worker` VALUES ('3613', '52', 'Worker 2', '3613', '2016-09-01', 'email2@company52.com', '71503');
INSERT INTO `samples_company__worker` VALUES ('3614', '52', 'Worker 3', '3614', '2016-09-01', 'email3@company52.com', '71504');
INSERT INTO `samples_company__worker` VALUES ('3615', '52', 'Worker 4', '3615', '2016-09-01', 'email4@company52.com', '71505');
INSERT INTO `samples_company__worker` VALUES ('3616', '52', 'Worker 5', '3616', '2016-09-01', 'email5@company52.com', '71506');
INSERT INTO `samples_company__worker` VALUES ('3617', '52', 'Worker 6', '3617', '2016-09-01', 'email6@company52.com', '71507');
INSERT INTO `samples_company__worker` VALUES ('3618', '52', 'Worker 7', '3618', '2016-09-01', 'email7@company52.com', '71508');
INSERT INTO `samples_company__worker` VALUES ('3619', '52', 'Worker 8', '3619', '2016-09-01', 'email8@company52.com', '71509');
INSERT INTO `samples_company__worker` VALUES ('3620', '52', 'Worker 9', '3620', '2016-09-01', 'email9@company52.com', '71510');
INSERT INTO `samples_company__worker` VALUES ('3621', '52', 'Worker 10', '3621', '2016-09-01', 'email10@company52.com', '71511');
INSERT INTO `samples_company__worker` VALUES ('3622', '53', 'Worker 1', '3622', '2016-09-01', 'email1@company53.com', '71512');
INSERT INTO `samples_company__worker` VALUES ('3623', '53', 'Worker 2', '3623', '2016-09-01', 'email2@company53.com', '71513');
INSERT INTO `samples_company__worker` VALUES ('3624', '53', 'Worker 3', '3624', '2016-09-01', 'email3@company53.com', '71514');
INSERT INTO `samples_company__worker` VALUES ('3625', '53', 'Worker 4', '3625', '2016-09-01', 'email4@company53.com', '71515');
INSERT INTO `samples_company__worker` VALUES ('3626', '53', 'Worker 5', '3626', '2016-09-01', 'email5@company53.com', '71516');
INSERT INTO `samples_company__worker` VALUES ('3627', '53', 'Worker 6', '3627', '2016-09-01', 'email6@company53.com', '71517');
INSERT INTO `samples_company__worker` VALUES ('3628', '53', 'Worker 7', '3628', '2016-09-01', 'email7@company53.com', '71518');
INSERT INTO `samples_company__worker` VALUES ('3629', '53', 'Worker 8', '3629', '2016-09-01', 'email8@company53.com', '71519');
INSERT INTO `samples_company__worker` VALUES ('3630', '53', 'Worker 9', '3630', '2016-09-01', 'email9@company53.com', '71520');
INSERT INTO `samples_company__worker` VALUES ('3631', '53', 'Worker 10', '3631', '2016-09-01', 'email10@company53.com', '71521');
INSERT INTO `samples_company__worker` VALUES ('3632', '54', 'Worker 1', '3632', '2016-09-01', 'email1@company54.com', '71522');
INSERT INTO `samples_company__worker` VALUES ('3633', '54', 'Worker 2', '3633', '2016-09-01', 'email2@company54.com', '71523');
INSERT INTO `samples_company__worker` VALUES ('3634', '54', 'Worker 3', '3634', '2016-09-01', 'email3@company54.com', '71524');
INSERT INTO `samples_company__worker` VALUES ('3635', '54', 'Worker 4', '3635', '2016-09-01', 'email4@company54.com', '71525');
INSERT INTO `samples_company__worker` VALUES ('3636', '54', 'Worker 5', '3636', '2016-09-01', 'email5@company54.com', '71526');
INSERT INTO `samples_company__worker` VALUES ('3637', '54', 'Worker 6', '3637', '2016-09-01', 'email6@company54.com', '71527');
INSERT INTO `samples_company__worker` VALUES ('3638', '54', 'Worker 7', '3638', '2016-09-01', 'email7@company54.com', '71528');
INSERT INTO `samples_company__worker` VALUES ('3639', '54', 'Worker 8', '3639', '2016-09-01', 'email8@company54.com', '71529');
INSERT INTO `samples_company__worker` VALUES ('3640', '54', 'Worker 9', '3640', '2016-09-01', 'email9@company54.com', '71530');
INSERT INTO `samples_company__worker` VALUES ('3641', '54', 'Worker 10', '3641', '2016-09-01', 'email10@company54.com', '71531');
INSERT INTO `samples_company__worker` VALUES ('3642', '55', 'Worker 1', '3642', '2016-09-01', 'email1@company55.com', '71532');
INSERT INTO `samples_company__worker` VALUES ('3643', '55', 'Worker 2', '3643', '2016-09-01', 'email2@company55.com', '71533');
INSERT INTO `samples_company__worker` VALUES ('3644', '55', 'Worker 3', '3644', '2016-09-01', 'email3@company55.com', '71534');
INSERT INTO `samples_company__worker` VALUES ('3645', '55', 'Worker 4', '3645', '2016-09-01', 'email4@company55.com', '71535');
INSERT INTO `samples_company__worker` VALUES ('3646', '55', 'Worker 5', '3646', '2016-09-01', 'email5@company55.com', '71536');
INSERT INTO `samples_company__worker` VALUES ('3647', '55', 'Worker 6', '3647', '2016-09-01', 'email6@company55.com', '71537');
INSERT INTO `samples_company__worker` VALUES ('3648', '55', 'Worker 7', '3648', '2016-09-01', 'email7@company55.com', '71538');
INSERT INTO `samples_company__worker` VALUES ('3649', '55', 'Worker 8', '3649', '2016-09-01', 'email8@company55.com', '71539');
INSERT INTO `samples_company__worker` VALUES ('3650', '55', 'Worker 9', '3650', '2016-09-01', 'email9@company55.com', '71540');
INSERT INTO `samples_company__worker` VALUES ('3651', '55', 'Worker 10', '3651', '2016-09-01', 'email10@company55.com', '71541');
INSERT INTO `samples_company__worker` VALUES ('3652', '56', 'Worker 1', '3652', '2016-09-01', 'email1@company56.com', '71542');
INSERT INTO `samples_company__worker` VALUES ('3653', '56', 'Worker 2', '3653', '2016-09-01', 'email2@company56.com', '71543');
INSERT INTO `samples_company__worker` VALUES ('3654', '56', 'Worker 3', '3654', '2016-09-01', 'email3@company56.com', '71544');
INSERT INTO `samples_company__worker` VALUES ('3655', '56', 'Worker 4', '3655', '2016-09-01', 'email4@company56.com', '71545');
INSERT INTO `samples_company__worker` VALUES ('3656', '56', 'Worker 5', '3656', '2016-09-01', 'email5@company56.com', '71546');
INSERT INTO `samples_company__worker` VALUES ('3657', '56', 'Worker 6', '3657', '2016-09-01', 'email6@company56.com', '71547');
INSERT INTO `samples_company__worker` VALUES ('3658', '56', 'Worker 7', '3658', '2016-09-01', 'email7@company56.com', '71548');
INSERT INTO `samples_company__worker` VALUES ('3659', '56', 'Worker 8', '3659', '2016-09-01', 'email8@company56.com', '71549');
INSERT INTO `samples_company__worker` VALUES ('3660', '56', 'Worker 9', '3660', '2016-09-01', 'email9@company56.com', '71550');
INSERT INTO `samples_company__worker` VALUES ('3661', '56', 'Worker 10', '3661', '2016-09-01', 'email10@company56.com', '71551');
INSERT INTO `samples_company__worker` VALUES ('3662', '57', 'Worker 1', '3662', '2016-09-01', 'email1@company57.com', '71552');
INSERT INTO `samples_company__worker` VALUES ('3663', '57', 'Worker 2', '3663', '2016-09-01', 'email2@company57.com', '71553');
INSERT INTO `samples_company__worker` VALUES ('3664', '57', 'Worker 3', '3664', '2016-09-01', 'email3@company57.com', '71554');
INSERT INTO `samples_company__worker` VALUES ('3665', '57', 'Worker 4', '3665', '2016-09-01', 'email4@company57.com', '71555');
INSERT INTO `samples_company__worker` VALUES ('3666', '57', 'Worker 5', '3666', '2016-09-01', 'email5@company57.com', '71556');
INSERT INTO `samples_company__worker` VALUES ('3667', '57', 'Worker 6', '3667', '2016-09-01', 'email6@company57.com', '71557');
INSERT INTO `samples_company__worker` VALUES ('3668', '57', 'Worker 7', '3668', '2016-09-01', 'email7@company57.com', '71558');
INSERT INTO `samples_company__worker` VALUES ('3669', '57', 'Worker 8', '3669', '2016-09-01', 'email8@company57.com', '71559');
INSERT INTO `samples_company__worker` VALUES ('3670', '57', 'Worker 9', '3670', '2016-09-01', 'email9@company57.com', '71560');
INSERT INTO `samples_company__worker` VALUES ('3671', '57', 'Worker 10', '3671', '2016-09-01', 'email10@company57.com', '71561');
INSERT INTO `samples_company__worker` VALUES ('3672', '58', 'Worker 1', '3672', '2016-09-01', 'email1@company58.com', '71562');
INSERT INTO `samples_company__worker` VALUES ('3673', '58', 'Worker 2', '3673', '2016-09-01', 'email2@company58.com', '71563');
INSERT INTO `samples_company__worker` VALUES ('3674', '58', 'Worker 3', '3674', '2016-09-01', 'email3@company58.com', '71564');
INSERT INTO `samples_company__worker` VALUES ('3675', '58', 'Worker 4', '3675', '2016-09-01', 'email4@company58.com', '71565');
INSERT INTO `samples_company__worker` VALUES ('3676', '58', 'Worker 5', '3676', '2016-09-01', 'email5@company58.com', '71566');
INSERT INTO `samples_company__worker` VALUES ('3677', '58', 'Worker 6', '3677', '2016-09-01', 'email6@company58.com', '71567');
INSERT INTO `samples_company__worker` VALUES ('3678', '58', 'Worker 7', '3678', '2016-09-01', 'email7@company58.com', '71568');
INSERT INTO `samples_company__worker` VALUES ('3679', '58', 'Worker 8', '3679', '2016-09-01', 'email8@company58.com', '71569');
INSERT INTO `samples_company__worker` VALUES ('3680', '58', 'Worker 9', '3680', '2016-09-01', 'email9@company58.com', '71570');
INSERT INTO `samples_company__worker` VALUES ('3681', '58', 'Worker 10', '3681', '2016-09-01', 'email10@company58.com', '71571');
INSERT INTO `samples_company__worker` VALUES ('3682', '59', 'Worker 1', '3682', '2016-09-01', 'email1@company59.com', '71572');
INSERT INTO `samples_company__worker` VALUES ('3683', '59', 'Worker 2', '3683', '2016-09-01', 'email2@company59.com', '71573');
INSERT INTO `samples_company__worker` VALUES ('3684', '59', 'Worker 3', '3684', '2016-09-01', 'email3@company59.com', '71574');
INSERT INTO `samples_company__worker` VALUES ('3685', '59', 'Worker 4', '3685', '2016-09-01', 'email4@company59.com', '71575');
INSERT INTO `samples_company__worker` VALUES ('3686', '59', 'Worker 5', '3686', '2016-09-01', 'email5@company59.com', '71576');
INSERT INTO `samples_company__worker` VALUES ('3687', '59', 'Worker 6', '3687', '2016-09-01', 'email6@company59.com', '71577');
INSERT INTO `samples_company__worker` VALUES ('3688', '59', 'Worker 7', '3688', '2016-09-01', 'email7@company59.com', '71578');
INSERT INTO `samples_company__worker` VALUES ('3689', '59', 'Worker 8', '3689', '2016-09-01', 'email8@company59.com', '71579');
INSERT INTO `samples_company__worker` VALUES ('3690', '59', 'Worker 9', '3690', '2016-09-01', 'email9@company59.com', '71580');
INSERT INTO `samples_company__worker` VALUES ('3691', '59', 'Worker 10', '3691', '2016-09-01', 'email10@company59.com', '71581');
INSERT INTO `samples_company__worker` VALUES ('3692', '60', 'Worker 1', '3692', '2016-09-01', 'email1@company60.com', '71582');
INSERT INTO `samples_company__worker` VALUES ('3693', '60', 'Worker 2', '3693', '2016-09-01', 'email2@company60.com', '71583');
INSERT INTO `samples_company__worker` VALUES ('3694', '60', 'Worker 3', '3694', '2016-09-01', 'email3@company60.com', '71584');
INSERT INTO `samples_company__worker` VALUES ('3695', '60', 'Worker 4', '3695', '2016-09-01', 'email4@company60.com', '71585');
INSERT INTO `samples_company__worker` VALUES ('3696', '60', 'Worker 5', '3696', '2016-09-01', 'email5@company60.com', '71586');
INSERT INTO `samples_company__worker` VALUES ('3697', '60', 'Worker 6', '3697', '2016-09-01', 'email6@company60.com', '71587');
INSERT INTO `samples_company__worker` VALUES ('3698', '60', 'Worker 7', '3698', '2016-09-01', 'email7@company60.com', '71588');
INSERT INTO `samples_company__worker` VALUES ('3699', '60', 'Worker 8', '3699', '2016-09-01', 'email8@company60.com', '71589');
INSERT INTO `samples_company__worker` VALUES ('3700', '60', 'Worker 9', '3700', '2016-09-01', 'email9@company60.com', '71590');
INSERT INTO `samples_company__worker` VALUES ('3701', '60', 'Worker 10', '3701', '2016-09-01', 'email10@company60.com', '71591');
INSERT INTO `samples_company__worker` VALUES ('3702', '61', 'Worker 1', '3702', '2016-09-01', 'email1@company61.com', '71592');
INSERT INTO `samples_company__worker` VALUES ('3703', '61', 'Worker 2', '3703', '2016-09-01', 'email2@company61.com', '71593');
INSERT INTO `samples_company__worker` VALUES ('3704', '61', 'Worker 3', '3704', '2016-09-01', 'email3@company61.com', '71594');
INSERT INTO `samples_company__worker` VALUES ('3705', '61', 'Worker 4', '3705', '2016-09-01', 'email4@company61.com', '71595');
INSERT INTO `samples_company__worker` VALUES ('3706', '61', 'Worker 5', '3706', '2016-09-01', 'email5@company61.com', '71596');
INSERT INTO `samples_company__worker` VALUES ('3707', '61', 'Worker 6', '3707', '2016-09-01', 'email6@company61.com', '71597');
INSERT INTO `samples_company__worker` VALUES ('3708', '61', 'Worker 7', '3708', '2016-09-01', 'email7@company61.com', '71598');
INSERT INTO `samples_company__worker` VALUES ('3709', '61', 'Worker 8', '3709', '2016-09-01', 'email8@company61.com', '71599');
INSERT INTO `samples_company__worker` VALUES ('3710', '61', 'Worker 9', '3710', '2016-09-01', 'email9@company61.com', '71600');
INSERT INTO `samples_company__worker` VALUES ('3711', '61', 'Worker 10', '3711', '2016-09-01', 'email10@company61.com', '71601');
INSERT INTO `samples_company__worker` VALUES ('3712', '62', 'Worker 1', '3712', '2016-09-01', 'email1@company62.com', '71602');
INSERT INTO `samples_company__worker` VALUES ('3713', '62', 'Worker 2', '3713', '2016-09-01', 'email2@company62.com', '71603');
INSERT INTO `samples_company__worker` VALUES ('3714', '62', 'Worker 3', '3714', '2016-09-01', 'email3@company62.com', '71604');
INSERT INTO `samples_company__worker` VALUES ('3715', '62', 'Worker 4', '3715', '2016-09-01', 'email4@company62.com', '71605');
INSERT INTO `samples_company__worker` VALUES ('3716', '62', 'Worker 5', '3716', '2016-09-01', 'email5@company62.com', '71606');
INSERT INTO `samples_company__worker` VALUES ('3717', '62', 'Worker 6', '3717', '2016-09-01', 'email6@company62.com', '71607');
INSERT INTO `samples_company__worker` VALUES ('3718', '62', 'Worker 7', '3718', '2016-09-01', 'email7@company62.com', '71608');
INSERT INTO `samples_company__worker` VALUES ('3719', '62', 'Worker 8', '3719', '2016-09-01', 'email8@company62.com', '71609');
INSERT INTO `samples_company__worker` VALUES ('3720', '62', 'Worker 9', '3720', '2016-09-01', 'email9@company62.com', '71610');
INSERT INTO `samples_company__worker` VALUES ('3721', '62', 'Worker 10', '3721', '2016-09-01', 'email10@company62.com', '71611');
INSERT INTO `samples_company__worker` VALUES ('3722', '63', 'Worker 1', '3722', '2016-09-01', 'email1@company63.com', '71612');
INSERT INTO `samples_company__worker` VALUES ('3723', '63', 'Worker 2', '3723', '2016-09-01', 'email2@company63.com', '71613');
INSERT INTO `samples_company__worker` VALUES ('3724', '63', 'Worker 3', '3724', '2016-09-01', 'email3@company63.com', '71614');
INSERT INTO `samples_company__worker` VALUES ('3725', '63', 'Worker 4', '3725', '2016-09-01', 'email4@company63.com', '71615');
INSERT INTO `samples_company__worker` VALUES ('3726', '63', 'Worker 5', '3726', '2016-09-01', 'email5@company63.com', '71616');
INSERT INTO `samples_company__worker` VALUES ('3727', '63', 'Worker 6', '3727', '2016-09-01', 'email6@company63.com', '71617');
INSERT INTO `samples_company__worker` VALUES ('3728', '63', 'Worker 7', '3728', '2016-09-01', 'email7@company63.com', '71618');
INSERT INTO `samples_company__worker` VALUES ('3729', '63', 'Worker 8', '3729', '2016-09-01', 'email8@company63.com', '71619');
INSERT INTO `samples_company__worker` VALUES ('3730', '63', 'Worker 9', '3730', '2016-09-01', 'email9@company63.com', '71620');
INSERT INTO `samples_company__worker` VALUES ('3731', '63', 'Worker 10', '3731', '2016-09-01', 'email10@company63.com', '71621');
INSERT INTO `samples_company__worker` VALUES ('3732', '64', 'Worker 1', '3732', '2016-09-01', 'email1@company64.com', '71622');
INSERT INTO `samples_company__worker` VALUES ('3733', '64', 'Worker 2', '3733', '2016-09-01', 'email2@company64.com', '71623');
INSERT INTO `samples_company__worker` VALUES ('3734', '64', 'Worker 3', '3734', '2016-09-01', 'email3@company64.com', '71624');
INSERT INTO `samples_company__worker` VALUES ('3735', '64', 'Worker 4', '3735', '2016-09-01', 'email4@company64.com', '71625');
INSERT INTO `samples_company__worker` VALUES ('3736', '64', 'Worker 5', '3736', '2016-09-01', 'email5@company64.com', '71626');
INSERT INTO `samples_company__worker` VALUES ('3737', '64', 'Worker 6', '3737', '2016-09-01', 'email6@company64.com', '71627');
INSERT INTO `samples_company__worker` VALUES ('3738', '64', 'Worker 7', '3738', '2016-09-01', 'email7@company64.com', '71628');
INSERT INTO `samples_company__worker` VALUES ('3739', '64', 'Worker 8', '3739', '2016-09-01', 'email8@company64.com', '71629');
INSERT INTO `samples_company__worker` VALUES ('3740', '64', 'Worker 9', '3740', '2016-09-01', 'email9@company64.com', '71630');
INSERT INTO `samples_company__worker` VALUES ('3741', '64', 'Worker 10', '3741', '2016-09-01', 'email10@company64.com', '71631');
INSERT INTO `samples_company__worker` VALUES ('3742', '65', 'Worker 1', '3742', '2016-09-01', 'email1@company65.com', '71632');
INSERT INTO `samples_company__worker` VALUES ('3743', '65', 'Worker 2', '3743', '2016-09-01', 'email2@company65.com', '71633');
INSERT INTO `samples_company__worker` VALUES ('3744', '65', 'Worker 3', '3744', '2016-09-01', 'email3@company65.com', '71634');
INSERT INTO `samples_company__worker` VALUES ('3745', '65', 'Worker 4', '3745', '2016-09-01', 'email4@company65.com', '71635');
INSERT INTO `samples_company__worker` VALUES ('3746', '65', 'Worker 5', '3746', '2016-09-01', 'email5@company65.com', '71636');
INSERT INTO `samples_company__worker` VALUES ('3747', '65', 'Worker 6', '3747', '2016-09-01', 'email6@company65.com', '71637');
INSERT INTO `samples_company__worker` VALUES ('3748', '65', 'Worker 7', '3748', '2016-09-01', 'email7@company65.com', '71638');
INSERT INTO `samples_company__worker` VALUES ('3749', '65', 'Worker 8', '3749', '2016-09-01', 'email8@company65.com', '71639');
INSERT INTO `samples_company__worker` VALUES ('3750', '65', 'Worker 9', '3750', '2016-09-01', 'email9@company65.com', '71640');
INSERT INTO `samples_company__worker` VALUES ('3751', '65', 'Worker 10', '3751', '2016-09-01', 'email10@company65.com', '71641');
INSERT INTO `samples_company__worker` VALUES ('3752', '66', 'Worker 1', '3752', '2016-09-01', 'email1@company66.com', '71642');
INSERT INTO `samples_company__worker` VALUES ('3753', '66', 'Worker 2', '3753', '2016-09-01', 'email2@company66.com', '71643');
INSERT INTO `samples_company__worker` VALUES ('3754', '66', 'Worker 3', '3754', '2016-09-01', 'email3@company66.com', '71644');
INSERT INTO `samples_company__worker` VALUES ('3755', '66', 'Worker 4', '3755', '2016-09-01', 'email4@company66.com', '71645');
INSERT INTO `samples_company__worker` VALUES ('3756', '66', 'Worker 5', '3756', '2016-09-01', 'email5@company66.com', '71646');
INSERT INTO `samples_company__worker` VALUES ('3757', '66', 'Worker 6', '3757', '2016-09-01', 'email6@company66.com', '71647');
INSERT INTO `samples_company__worker` VALUES ('3758', '66', 'Worker 7', '3758', '2016-09-01', 'email7@company66.com', '71648');
INSERT INTO `samples_company__worker` VALUES ('3759', '66', 'Worker 8', '3759', '2016-09-01', 'email8@company66.com', '71649');
INSERT INTO `samples_company__worker` VALUES ('3760', '66', 'Worker 9', '3760', '2016-09-01', 'email9@company66.com', '71650');
INSERT INTO `samples_company__worker` VALUES ('3761', '66', 'Worker 10', '3761', '2016-09-01', 'email10@company66.com', '71651');
INSERT INTO `samples_company__worker` VALUES ('3762', '67', 'Worker 1', '3762', '2016-09-01', 'email1@company67.com', '71652');
INSERT INTO `samples_company__worker` VALUES ('3763', '67', 'Worker 2', '3763', '2016-09-01', 'email2@company67.com', '71653');
INSERT INTO `samples_company__worker` VALUES ('3764', '67', 'Worker 3', '3764', '2016-09-01', 'email3@company67.com', '71654');
INSERT INTO `samples_company__worker` VALUES ('3765', '67', 'Worker 4', '3765', '2016-09-01', 'email4@company67.com', '71655');
INSERT INTO `samples_company__worker` VALUES ('3766', '67', 'Worker 5', '3766', '2016-09-01', 'email5@company67.com', '71656');
INSERT INTO `samples_company__worker` VALUES ('3767', '67', 'Worker 6', '3767', '2016-09-01', 'email6@company67.com', '71657');
INSERT INTO `samples_company__worker` VALUES ('3768', '67', 'Worker 7', '3768', '2016-09-01', 'email7@company67.com', '71658');
INSERT INTO `samples_company__worker` VALUES ('3769', '67', 'Worker 8', '3769', '2016-09-01', 'email8@company67.com', '71659');
INSERT INTO `samples_company__worker` VALUES ('3770', '67', 'Worker 9', '3770', '2016-09-01', 'email9@company67.com', '71660');
INSERT INTO `samples_company__worker` VALUES ('3771', '67', 'Worker 10', '3771', '2016-09-01', 'email10@company67.com', '71661');
INSERT INTO `samples_company__worker` VALUES ('3772', '68', 'Worker 1', '3772', '2016-09-01', 'email1@company68.com', '71662');
INSERT INTO `samples_company__worker` VALUES ('3773', '68', 'Worker 2', '3773', '2016-09-01', 'email2@company68.com', '71663');
INSERT INTO `samples_company__worker` VALUES ('3774', '68', 'Worker 3', '3774', '2016-09-01', 'email3@company68.com', '71664');
INSERT INTO `samples_company__worker` VALUES ('3775', '68', 'Worker 4', '3775', '2016-09-01', 'email4@company68.com', '71665');
INSERT INTO `samples_company__worker` VALUES ('3776', '68', 'Worker 5', '3776', '2016-09-01', 'email5@company68.com', '71666');
INSERT INTO `samples_company__worker` VALUES ('3777', '68', 'Worker 6', '3777', '2016-09-01', 'email6@company68.com', '71667');
INSERT INTO `samples_company__worker` VALUES ('3778', '68', 'Worker 7', '3778', '2016-09-01', 'email7@company68.com', '71668');
INSERT INTO `samples_company__worker` VALUES ('3779', '68', 'Worker 8', '3779', '2016-09-01', 'email8@company68.com', '71669');
INSERT INTO `samples_company__worker` VALUES ('3780', '68', 'Worker 9', '3780', '2016-09-01', 'email9@company68.com', '71670');
INSERT INTO `samples_company__worker` VALUES ('3781', '68', 'Worker 10', '3781', '2016-09-01', 'email10@company68.com', '71671');
INSERT INTO `samples_company__worker` VALUES ('3782', '69', 'Worker 1', '3782', '2016-09-01', 'email1@company69.com', '71672');
INSERT INTO `samples_company__worker` VALUES ('3783', '69', 'Worker 2', '3783', '2016-09-01', 'email2@company69.com', '71673');
INSERT INTO `samples_company__worker` VALUES ('3784', '69', 'Worker 3', '3784', '2016-09-01', 'email3@company69.com', '71674');
INSERT INTO `samples_company__worker` VALUES ('3785', '69', 'Worker 4', '3785', '2016-09-01', 'email4@company69.com', '71675');
INSERT INTO `samples_company__worker` VALUES ('3786', '69', 'Worker 5', '3786', '2016-09-01', 'email5@company69.com', '71676');
INSERT INTO `samples_company__worker` VALUES ('3787', '69', 'Worker 6', '3787', '2016-09-01', 'email6@company69.com', '71677');
INSERT INTO `samples_company__worker` VALUES ('3788', '69', 'Worker 7', '3788', '2016-09-01', 'email7@company69.com', '71678');
INSERT INTO `samples_company__worker` VALUES ('3789', '69', 'Worker 8', '3789', '2016-09-01', 'email8@company69.com', '71679');
INSERT INTO `samples_company__worker` VALUES ('3790', '69', 'Worker 9', '3790', '2016-09-01', 'email9@company69.com', '71680');
INSERT INTO `samples_company__worker` VALUES ('3791', '69', 'Worker 10', '3791', '2016-09-01', 'email10@company69.com', '71681');
INSERT INTO `samples_company__worker` VALUES ('3792', '70', 'Worker 1', '3792', '2016-09-01', 'email1@company70.com', '71682');
INSERT INTO `samples_company__worker` VALUES ('3793', '70', 'Worker 2', '3793', '2016-09-01', 'email2@company70.com', '71683');
INSERT INTO `samples_company__worker` VALUES ('3794', '70', 'Worker 3', '3794', '2016-09-01', 'email3@company70.com', '71684');
INSERT INTO `samples_company__worker` VALUES ('3795', '70', 'Worker 4', '3795', '2016-09-01', 'email4@company70.com', '71685');
INSERT INTO `samples_company__worker` VALUES ('3796', '70', 'Worker 5', '3796', '2016-09-01', 'email5@company70.com', '71686');
INSERT INTO `samples_company__worker` VALUES ('3797', '70', 'Worker 6', '3797', '2016-09-01', 'email6@company70.com', '71687');
INSERT INTO `samples_company__worker` VALUES ('3798', '70', 'Worker 7', '3798', '2016-09-01', 'email7@company70.com', '71688');
INSERT INTO `samples_company__worker` VALUES ('3799', '70', 'Worker 8', '3799', '2016-09-01', 'email8@company70.com', '71689');
INSERT INTO `samples_company__worker` VALUES ('3800', '70', 'Worker 9', '3800', '2016-09-01', 'email9@company70.com', '71690');
INSERT INTO `samples_company__worker` VALUES ('3801', '70', 'Worker 10', '3801', '2016-09-01', 'email10@company70.com', '71691');
INSERT INTO `samples_company__worker` VALUES ('3802', '71', 'Worker 1', '3802', '2016-09-01', 'email1@company71.com', '71692');
INSERT INTO `samples_company__worker` VALUES ('3803', '71', 'Worker 2', '3803', '2016-09-01', 'email2@company71.com', '71693');
INSERT INTO `samples_company__worker` VALUES ('3804', '71', 'Worker 3', '3804', '2016-09-01', 'email3@company71.com', '71694');
INSERT INTO `samples_company__worker` VALUES ('3805', '71', 'Worker 4', '3805', '2016-09-01', 'email4@company71.com', '71695');
INSERT INTO `samples_company__worker` VALUES ('3806', '71', 'Worker 5', '3806', '2016-09-01', 'email5@company71.com', '71696');
INSERT INTO `samples_company__worker` VALUES ('3807', '71', 'Worker 6', '3807', '2016-09-01', 'email6@company71.com', '71697');
INSERT INTO `samples_company__worker` VALUES ('3808', '71', 'Worker 7', '3808', '2016-09-01', 'email7@company71.com', '71698');
INSERT INTO `samples_company__worker` VALUES ('3809', '71', 'Worker 8', '3809', '2016-09-01', 'email8@company71.com', '71699');
INSERT INTO `samples_company__worker` VALUES ('3810', '71', 'Worker 9', '3810', '2016-09-01', 'email9@company71.com', '71700');
INSERT INTO `samples_company__worker` VALUES ('3811', '71', 'Worker 10', '3811', '2016-09-01', 'email10@company71.com', '71701');
INSERT INTO `samples_company__worker` VALUES ('3812', '72', 'Worker 1', '3812', '2016-09-01', 'email1@company72.com', '71702');
INSERT INTO `samples_company__worker` VALUES ('3813', '72', 'Worker 2', '3813', '2016-09-01', 'email2@company72.com', '71703');
INSERT INTO `samples_company__worker` VALUES ('3814', '72', 'Worker 3', '3814', '2016-09-01', 'email3@company72.com', '71704');
INSERT INTO `samples_company__worker` VALUES ('3815', '72', 'Worker 4', '3815', '2016-09-01', 'email4@company72.com', '71705');
INSERT INTO `samples_company__worker` VALUES ('3816', '72', 'Worker 5', '3816', '2016-09-01', 'email5@company72.com', '71706');
INSERT INTO `samples_company__worker` VALUES ('3817', '72', 'Worker 6', '3817', '2016-09-01', 'email6@company72.com', '71707');
INSERT INTO `samples_company__worker` VALUES ('3818', '72', 'Worker 7', '3818', '2016-09-01', 'email7@company72.com', '71708');
INSERT INTO `samples_company__worker` VALUES ('3819', '72', 'Worker 8', '3819', '2016-09-01', 'email8@company72.com', '71709');
INSERT INTO `samples_company__worker` VALUES ('3820', '72', 'Worker 9', '3820', '2016-09-01', 'email9@company72.com', '71710');
INSERT INTO `samples_company__worker` VALUES ('3821', '72', 'Worker 10', '3821', '2016-09-01', 'email10@company72.com', '71711');
INSERT INTO `samples_company__worker` VALUES ('3822', '73', 'Worker 1', '3822', '2016-09-01', 'email1@company73.com', '71712');
INSERT INTO `samples_company__worker` VALUES ('3823', '73', 'Worker 2', '3823', '2016-09-01', 'email2@company73.com', '71713');
INSERT INTO `samples_company__worker` VALUES ('3824', '73', 'Worker 3', '3824', '2016-09-01', 'email3@company73.com', '71714');
INSERT INTO `samples_company__worker` VALUES ('3825', '73', 'Worker 4', '3825', '2016-09-01', 'email4@company73.com', '71715');
INSERT INTO `samples_company__worker` VALUES ('3826', '73', 'Worker 5', '3826', '2016-09-01', 'email5@company73.com', '71716');
INSERT INTO `samples_company__worker` VALUES ('3827', '73', 'Worker 6', '3827', '2016-09-01', 'email6@company73.com', '71717');
INSERT INTO `samples_company__worker` VALUES ('3828', '73', 'Worker 7', '3828', '2016-09-01', 'email7@company73.com', '71718');
INSERT INTO `samples_company__worker` VALUES ('3829', '73', 'Worker 8', '3829', '2016-09-01', 'email8@company73.com', '71719');
INSERT INTO `samples_company__worker` VALUES ('3830', '73', 'Worker 9', '3830', '2016-09-01', 'email9@company73.com', '71720');
INSERT INTO `samples_company__worker` VALUES ('3831', '73', 'Worker 10', '3831', '2016-09-01', 'email10@company73.com', '71721');
INSERT INTO `samples_company__worker` VALUES ('3832', '74', 'Worker 1', '3832', '2016-09-01', 'email1@company74.com', '71722');
INSERT INTO `samples_company__worker` VALUES ('3833', '74', 'Worker 2', '3833', '2016-09-01', 'email2@company74.com', '71723');
INSERT INTO `samples_company__worker` VALUES ('3834', '74', 'Worker 3', '3834', '2016-09-01', 'email3@company74.com', '71724');
INSERT INTO `samples_company__worker` VALUES ('3835', '74', 'Worker 4', '3835', '2016-09-01', 'email4@company74.com', '71725');
INSERT INTO `samples_company__worker` VALUES ('3836', '74', 'Worker 5', '3836', '2016-09-01', 'email5@company74.com', '71726');
INSERT INTO `samples_company__worker` VALUES ('3837', '74', 'Worker 6', '3837', '2016-09-01', 'email6@company74.com', '71727');
INSERT INTO `samples_company__worker` VALUES ('3838', '74', 'Worker 7', '3838', '2016-09-01', 'email7@company74.com', '71728');
INSERT INTO `samples_company__worker` VALUES ('3839', '74', 'Worker 8', '3839', '2016-09-01', 'email8@company74.com', '71729');
INSERT INTO `samples_company__worker` VALUES ('3840', '74', 'Worker 9', '3840', '2016-09-01', 'email9@company74.com', '71730');
INSERT INTO `samples_company__worker` VALUES ('3841', '74', 'Worker 10', '3841', '2016-09-01', 'email10@company74.com', '71731');
INSERT INTO `samples_company__worker` VALUES ('3842', '75', 'Worker 1', '3842', '2016-09-01', 'email1@company75.com', '71732');
INSERT INTO `samples_company__worker` VALUES ('3843', '75', 'Worker 2', '3843', '2016-09-01', 'email2@company75.com', '71733');
INSERT INTO `samples_company__worker` VALUES ('3844', '75', 'Worker 3', '3844', '2016-09-01', 'email3@company75.com', '71734');
INSERT INTO `samples_company__worker` VALUES ('3845', '75', 'Worker 4', '3845', '2016-09-01', 'email4@company75.com', '71735');
INSERT INTO `samples_company__worker` VALUES ('3846', '75', 'Worker 5', '3846', '2016-09-01', 'email5@company75.com', '71736');
INSERT INTO `samples_company__worker` VALUES ('3847', '75', 'Worker 6', '3847', '2016-09-01', 'email6@company75.com', '71737');
INSERT INTO `samples_company__worker` VALUES ('3848', '75', 'Worker 7', '3848', '2016-09-01', 'email7@company75.com', '71738');
INSERT INTO `samples_company__worker` VALUES ('3849', '75', 'Worker 8', '3849', '2016-09-01', 'email8@company75.com', '71739');
INSERT INTO `samples_company__worker` VALUES ('3850', '75', 'Worker 9', '3850', '2016-09-01', 'email9@company75.com', '71740');
INSERT INTO `samples_company__worker` VALUES ('3851', '75', 'Worker 10', '3851', '2016-09-01', 'email10@company75.com', '71741');
INSERT INTO `samples_company__worker` VALUES ('3852', '76', 'Worker 1', '3852', '2016-09-01', 'email1@company76.com', '71742');
INSERT INTO `samples_company__worker` VALUES ('3853', '76', 'Worker 2', '3853', '2016-09-01', 'email2@company76.com', '71743');
INSERT INTO `samples_company__worker` VALUES ('3854', '76', 'Worker 3', '3854', '2016-09-01', 'email3@company76.com', '71744');
INSERT INTO `samples_company__worker` VALUES ('3855', '76', 'Worker 4', '3855', '2016-09-01', 'email4@company76.com', '71745');
INSERT INTO `samples_company__worker` VALUES ('3856', '76', 'Worker 5', '3856', '2016-09-01', 'email5@company76.com', '71746');
INSERT INTO `samples_company__worker` VALUES ('3857', '76', 'Worker 6', '3857', '2016-09-01', 'email6@company76.com', '71747');
INSERT INTO `samples_company__worker` VALUES ('3858', '76', 'Worker 7', '3858', '2016-09-01', 'email7@company76.com', '71748');
INSERT INTO `samples_company__worker` VALUES ('3859', '76', 'Worker 8', '3859', '2016-09-01', 'email8@company76.com', '71749');
INSERT INTO `samples_company__worker` VALUES ('3860', '76', 'Worker 9', '3860', '2016-09-01', 'email9@company76.com', '71750');
INSERT INTO `samples_company__worker` VALUES ('3861', '76', 'Worker 10', '3861', '2016-09-01', 'email10@company76.com', '71751');
INSERT INTO `samples_company__worker` VALUES ('3862', '77', 'Worker 1', '3862', '2016-09-01', 'email1@company77.com', '71752');
INSERT INTO `samples_company__worker` VALUES ('3863', '77', 'Worker 2', '3863', '2016-09-01', 'email2@company77.com', '71753');
INSERT INTO `samples_company__worker` VALUES ('3864', '77', 'Worker 3', '3864', '2016-09-01', 'email3@company77.com', '71754');
INSERT INTO `samples_company__worker` VALUES ('3865', '77', 'Worker 4', '3865', '2016-09-01', 'email4@company77.com', '71755');
INSERT INTO `samples_company__worker` VALUES ('3866', '77', 'Worker 5', '3866', '2016-09-01', 'email5@company77.com', '71756');
INSERT INTO `samples_company__worker` VALUES ('3867', '77', 'Worker 6', '3867', '2016-09-01', 'email6@company77.com', '71757');
INSERT INTO `samples_company__worker` VALUES ('3868', '77', 'Worker 7', '3868', '2016-09-01', 'email7@company77.com', '71758');
INSERT INTO `samples_company__worker` VALUES ('3869', '77', 'Worker 8', '3869', '2016-09-01', 'email8@company77.com', '71759');
INSERT INTO `samples_company__worker` VALUES ('3870', '77', 'Worker 9', '3870', '2016-09-01', 'email9@company77.com', '71760');
INSERT INTO `samples_company__worker` VALUES ('3871', '77', 'Worker 10', '3871', '2016-09-01', 'email10@company77.com', '71761');
INSERT INTO `samples_company__worker` VALUES ('3872', '78', 'Worker 1', '3872', '2016-09-01', 'email1@company78.com', '71762');
INSERT INTO `samples_company__worker` VALUES ('3873', '78', 'Worker 2', '3873', '2016-09-01', 'email2@company78.com', '71763');
INSERT INTO `samples_company__worker` VALUES ('3874', '78', 'Worker 3', '3874', '2016-09-01', 'email3@company78.com', '71764');
INSERT INTO `samples_company__worker` VALUES ('3875', '78', 'Worker 4', '3875', '2016-09-01', 'email4@company78.com', '71765');
INSERT INTO `samples_company__worker` VALUES ('3876', '78', 'Worker 5', '3876', '2016-09-01', 'email5@company78.com', '71766');
INSERT INTO `samples_company__worker` VALUES ('3877', '78', 'Worker 6', '3877', '2016-09-01', 'email6@company78.com', '71767');
INSERT INTO `samples_company__worker` VALUES ('3878', '78', 'Worker 7', '3878', '2016-09-01', 'email7@company78.com', '71768');
INSERT INTO `samples_company__worker` VALUES ('3879', '78', 'Worker 8', '3879', '2016-09-01', 'email8@company78.com', '71769');
INSERT INTO `samples_company__worker` VALUES ('3880', '78', 'Worker 9', '3880', '2016-09-01', 'email9@company78.com', '71770');
INSERT INTO `samples_company__worker` VALUES ('3881', '78', 'Worker 10', '3881', '2016-09-01', 'email10@company78.com', '71771');
INSERT INTO `samples_company__worker` VALUES ('3882', '79', 'Worker 1', '3882', '2016-09-01', 'email1@company79.com', '71772');
INSERT INTO `samples_company__worker` VALUES ('3883', '79', 'Worker 2', '3883', '2016-09-01', 'email2@company79.com', '71773');
INSERT INTO `samples_company__worker` VALUES ('3884', '79', 'Worker 3', '3884', '2016-09-01', 'email3@company79.com', '71774');
INSERT INTO `samples_company__worker` VALUES ('3885', '79', 'Worker 4', '3885', '2016-09-01', 'email4@company79.com', '71775');
INSERT INTO `samples_company__worker` VALUES ('3886', '79', 'Worker 5', '3886', '2016-09-01', 'email5@company79.com', '71776');
INSERT INTO `samples_company__worker` VALUES ('3887', '79', 'Worker 6', '3887', '2016-09-01', 'email6@company79.com', '71777');
INSERT INTO `samples_company__worker` VALUES ('3888', '79', 'Worker 7', '3888', '2016-09-01', 'email7@company79.com', '71778');
INSERT INTO `samples_company__worker` VALUES ('3889', '79', 'Worker 8', '3889', '2016-09-01', 'email8@company79.com', '71779');
INSERT INTO `samples_company__worker` VALUES ('3890', '79', 'Worker 9', '3890', '2016-09-01', 'email9@company79.com', '71780');
INSERT INTO `samples_company__worker` VALUES ('3891', '79', 'Worker 10', '3891', '2016-09-01', 'email10@company79.com', '71781');
INSERT INTO `samples_company__worker` VALUES ('3892', '80', 'Worker 1', '3892', '2016-09-01', 'email1@company80.com', '71782');
INSERT INTO `samples_company__worker` VALUES ('3893', '80', 'Worker 2', '3893', '2016-09-01', 'email2@company80.com', '71783');
INSERT INTO `samples_company__worker` VALUES ('3894', '80', 'Worker 3', '3894', '2016-09-01', 'email3@company80.com', '71784');
INSERT INTO `samples_company__worker` VALUES ('3895', '80', 'Worker 4', '3895', '2016-09-01', 'email4@company80.com', '71785');
INSERT INTO `samples_company__worker` VALUES ('3896', '80', 'Worker 5', '3896', '2016-09-01', 'email5@company80.com', '71786');
INSERT INTO `samples_company__worker` VALUES ('3897', '80', 'Worker 6', '3897', '2016-09-01', 'email6@company80.com', '71787');
INSERT INTO `samples_company__worker` VALUES ('3898', '80', 'Worker 7', '3898', '2016-09-01', 'email7@company80.com', '71788');
INSERT INTO `samples_company__worker` VALUES ('3899', '80', 'Worker 8', '3899', '2016-09-01', 'email8@company80.com', '71789');
INSERT INTO `samples_company__worker` VALUES ('3900', '80', 'Worker 9', '3900', '2016-09-01', 'email9@company80.com', '71790');
INSERT INTO `samples_company__worker` VALUES ('3901', '80', 'Worker 10', '3901', '2016-09-01', 'email10@company80.com', '71791');
INSERT INTO `samples_company__worker` VALUES ('3902', '81', 'Worker 1', '3902', '2016-09-01', 'email1@company81.com', '71792');
INSERT INTO `samples_company__worker` VALUES ('3903', '81', 'Worker 2', '3903', '2016-09-01', 'email2@company81.com', '71793');
INSERT INTO `samples_company__worker` VALUES ('3904', '81', 'Worker 3', '3904', '2016-09-01', 'email3@company81.com', '71794');
INSERT INTO `samples_company__worker` VALUES ('3905', '81', 'Worker 4', '3905', '2016-09-01', 'email4@company81.com', '71795');
INSERT INTO `samples_company__worker` VALUES ('3906', '81', 'Worker 5', '3906', '2016-09-01', 'email5@company81.com', '71796');
INSERT INTO `samples_company__worker` VALUES ('3907', '81', 'Worker 6', '3907', '2016-09-01', 'email6@company81.com', '71797');
INSERT INTO `samples_company__worker` VALUES ('3908', '81', 'Worker 7', '3908', '2016-09-01', 'email7@company81.com', '71798');
INSERT INTO `samples_company__worker` VALUES ('3909', '81', 'Worker 8', '3909', '2016-09-01', 'email8@company81.com', '71799');
INSERT INTO `samples_company__worker` VALUES ('3910', '81', 'Worker 9', '3910', '2016-09-01', 'email9@company81.com', '71800');
INSERT INTO `samples_company__worker` VALUES ('3911', '81', 'Worker 10', '3911', '2016-09-01', 'email10@company81.com', '71801');
INSERT INTO `samples_company__worker` VALUES ('3912', '82', 'Worker 1', '3912', '2016-09-01', 'email1@company82.com', '71802');
INSERT INTO `samples_company__worker` VALUES ('3913', '82', 'Worker 2', '3913', '2016-09-01', 'email2@company82.com', '71803');
INSERT INTO `samples_company__worker` VALUES ('3914', '82', 'Worker 3', '3914', '2016-09-01', 'email3@company82.com', '71804');
INSERT INTO `samples_company__worker` VALUES ('3915', '82', 'Worker 4', '3915', '2016-09-01', 'email4@company82.com', '71805');
INSERT INTO `samples_company__worker` VALUES ('3916', '82', 'Worker 5', '3916', '2016-09-01', 'email5@company82.com', '71806');
INSERT INTO `samples_company__worker` VALUES ('3917', '82', 'Worker 6', '3917', '2016-09-01', 'email6@company82.com', '71807');
INSERT INTO `samples_company__worker` VALUES ('3918', '82', 'Worker 7', '3918', '2016-09-01', 'email7@company82.com', '71808');
INSERT INTO `samples_company__worker` VALUES ('3919', '82', 'Worker 8', '3919', '2016-09-01', 'email8@company82.com', '71809');
INSERT INTO `samples_company__worker` VALUES ('3920', '82', 'Worker 9', '3920', '2016-09-01', 'email9@company82.com', '71810');
INSERT INTO `samples_company__worker` VALUES ('3921', '82', 'Worker 10', '3921', '2016-09-01', 'email10@company82.com', '71811');
INSERT INTO `samples_company__worker` VALUES ('3922', '83', 'Worker 1', '3922', '2016-09-01', 'email1@company83.com', '71812');
INSERT INTO `samples_company__worker` VALUES ('3923', '83', 'Worker 2', '3923', '2016-09-01', 'email2@company83.com', '71813');
INSERT INTO `samples_company__worker` VALUES ('3924', '83', 'Worker 3', '3924', '2016-09-01', 'email3@company83.com', '71814');
INSERT INTO `samples_company__worker` VALUES ('3925', '83', 'Worker 4', '3925', '2016-09-01', 'email4@company83.com', '71815');
INSERT INTO `samples_company__worker` VALUES ('3926', '83', 'Worker 5', '3926', '2016-09-01', 'email5@company83.com', '71816');
INSERT INTO `samples_company__worker` VALUES ('3927', '83', 'Worker 6', '3927', '2016-09-01', 'email6@company83.com', '71817');
INSERT INTO `samples_company__worker` VALUES ('3928', '83', 'Worker 7', '3928', '2016-09-01', 'email7@company83.com', '71818');
INSERT INTO `samples_company__worker` VALUES ('3929', '83', 'Worker 8', '3929', '2016-09-01', 'email8@company83.com', '71819');
INSERT INTO `samples_company__worker` VALUES ('3930', '83', 'Worker 9', '3930', '2016-09-01', 'email9@company83.com', '71820');
INSERT INTO `samples_company__worker` VALUES ('3931', '83', 'Worker 10', '3931', '2016-09-01', 'email10@company83.com', '71821');
INSERT INTO `samples_company__worker` VALUES ('3932', '84', 'Worker 1', '3932', '2016-09-01', 'email1@company84.com', '71822');
INSERT INTO `samples_company__worker` VALUES ('3933', '84', 'Worker 2', '3933', '2016-09-01', 'email2@company84.com', '71823');
INSERT INTO `samples_company__worker` VALUES ('3934', '84', 'Worker 3', '3934', '2016-09-01', 'email3@company84.com', '71824');
INSERT INTO `samples_company__worker` VALUES ('3935', '84', 'Worker 4', '3935', '2016-09-01', 'email4@company84.com', '71825');
INSERT INTO `samples_company__worker` VALUES ('3936', '84', 'Worker 5', '3936', '2016-09-01', 'email5@company84.com', '71826');
INSERT INTO `samples_company__worker` VALUES ('3937', '84', 'Worker 6', '3937', '2016-09-01', 'email6@company84.com', '71827');
INSERT INTO `samples_company__worker` VALUES ('3938', '84', 'Worker 7', '3938', '2016-09-01', 'email7@company84.com', '71828');
INSERT INTO `samples_company__worker` VALUES ('3939', '84', 'Worker 8', '3939', '2016-09-01', 'email8@company84.com', '71829');
INSERT INTO `samples_company__worker` VALUES ('3940', '84', 'Worker 9', '3940', '2016-09-01', 'email9@company84.com', '71830');
INSERT INTO `samples_company__worker` VALUES ('3941', '84', 'Worker 10', '3941', '2016-09-01', 'email10@company84.com', '71831');
INSERT INTO `samples_company__worker` VALUES ('3942', '85', 'Worker 1', '3942', '2016-09-01', 'email1@company85.com', '71832');
INSERT INTO `samples_company__worker` VALUES ('3943', '85', 'Worker 2', '3943', '2016-09-01', 'email2@company85.com', '71833');
INSERT INTO `samples_company__worker` VALUES ('3944', '85', 'Worker 3', '3944', '2016-09-01', 'email3@company85.com', '71834');
INSERT INTO `samples_company__worker` VALUES ('3945', '85', 'Worker 4', '3945', '2016-09-01', 'email4@company85.com', '71835');
INSERT INTO `samples_company__worker` VALUES ('3946', '85', 'Worker 5', '3946', '2016-09-01', 'email5@company85.com', '71836');
INSERT INTO `samples_company__worker` VALUES ('3947', '85', 'Worker 6', '3947', '2016-09-01', 'email6@company85.com', '71837');
INSERT INTO `samples_company__worker` VALUES ('3948', '85', 'Worker 7', '3948', '2016-09-01', 'email7@company85.com', '71838');
INSERT INTO `samples_company__worker` VALUES ('3949', '85', 'Worker 8', '3949', '2016-09-01', 'email8@company85.com', '71839');
INSERT INTO `samples_company__worker` VALUES ('3950', '85', 'Worker 9', '3950', '2016-09-01', 'email9@company85.com', '71840');
INSERT INTO `samples_company__worker` VALUES ('3951', '85', 'Worker 10', '3951', '2016-09-01', 'email10@company85.com', '71841');
INSERT INTO `samples_company__worker` VALUES ('3952', '86', 'Worker 1', '3952', '2016-09-01', 'email1@company86.com', '71842');
INSERT INTO `samples_company__worker` VALUES ('3953', '86', 'Worker 2', '3953', '2016-09-01', 'email2@company86.com', '71843');
INSERT INTO `samples_company__worker` VALUES ('3954', '86', 'Worker 3', '3954', '2016-09-01', 'email3@company86.com', '71844');
INSERT INTO `samples_company__worker` VALUES ('3955', '86', 'Worker 4', '3955', '2016-09-01', 'email4@company86.com', '71845');
INSERT INTO `samples_company__worker` VALUES ('3956', '86', 'Worker 5', '3956', '2016-09-01', 'email5@company86.com', '71846');
INSERT INTO `samples_company__worker` VALUES ('3957', '86', 'Worker 6', '3957', '2016-09-01', 'email6@company86.com', '71847');
INSERT INTO `samples_company__worker` VALUES ('3958', '86', 'Worker 7', '3958', '2016-09-01', 'email7@company86.com', '71848');
INSERT INTO `samples_company__worker` VALUES ('3959', '86', 'Worker 8', '3959', '2016-09-01', 'email8@company86.com', '71849');
INSERT INTO `samples_company__worker` VALUES ('3960', '86', 'Worker 9', '3960', '2016-09-01', 'email9@company86.com', '71850');
INSERT INTO `samples_company__worker` VALUES ('3961', '86', 'Worker 10', '3961', '2016-09-01', 'email10@company86.com', '71851');
INSERT INTO `samples_company__worker` VALUES ('3962', '87', 'Worker 1', '3962', '2016-09-01', 'email1@company87.com', '71852');
INSERT INTO `samples_company__worker` VALUES ('3963', '87', 'Worker 2', '3963', '2016-09-01', 'email2@company87.com', '71853');
INSERT INTO `samples_company__worker` VALUES ('3964', '87', 'Worker 3', '3964', '2016-09-01', 'email3@company87.com', '71854');
INSERT INTO `samples_company__worker` VALUES ('3965', '87', 'Worker 4', '3965', '2016-09-01', 'email4@company87.com', '71855');
INSERT INTO `samples_company__worker` VALUES ('3966', '87', 'Worker 5', '3966', '2016-09-01', 'email5@company87.com', '71856');
INSERT INTO `samples_company__worker` VALUES ('3967', '87', 'Worker 6', '3967', '2016-09-01', 'email6@company87.com', '71857');
INSERT INTO `samples_company__worker` VALUES ('3968', '87', 'Worker 7', '3968', '2016-09-01', 'email7@company87.com', '71858');
INSERT INTO `samples_company__worker` VALUES ('3969', '87', 'Worker 8', '3969', '2016-09-01', 'email8@company87.com', '71859');
INSERT INTO `samples_company__worker` VALUES ('3970', '87', 'Worker 9', '3970', '2016-09-01', 'email9@company87.com', '71860');
INSERT INTO `samples_company__worker` VALUES ('3971', '87', 'Worker 10', '3971', '2016-09-01', 'email10@company87.com', '71861');
INSERT INTO `samples_company__worker` VALUES ('3972', '88', 'Worker 1', '3972', '2016-09-01', 'email1@company88.com', '71862');
INSERT INTO `samples_company__worker` VALUES ('3973', '88', 'Worker 2', '3973', '2016-09-01', 'email2@company88.com', '71863');
INSERT INTO `samples_company__worker` VALUES ('3974', '88', 'Worker 3', '3974', '2016-09-01', 'email3@company88.com', '71864');
INSERT INTO `samples_company__worker` VALUES ('3975', '88', 'Worker 4', '3975', '2016-09-01', 'email4@company88.com', '71865');
INSERT INTO `samples_company__worker` VALUES ('3976', '88', 'Worker 5', '3976', '2016-09-01', 'email5@company88.com', '71866');
INSERT INTO `samples_company__worker` VALUES ('3977', '88', 'Worker 6', '3977', '2016-09-01', 'email6@company88.com', '71867');
INSERT INTO `samples_company__worker` VALUES ('3978', '88', 'Worker 7', '3978', '2016-09-01', 'email7@company88.com', '71868');
INSERT INTO `samples_company__worker` VALUES ('3979', '88', 'Worker 8', '3979', '2016-09-01', 'email8@company88.com', '71869');
INSERT INTO `samples_company__worker` VALUES ('3980', '88', 'Worker 9', '3980', '2016-09-01', 'email9@company88.com', '71870');
INSERT INTO `samples_company__worker` VALUES ('3981', '88', 'Worker 10', '3981', '2016-09-01', 'email10@company88.com', '71871');
INSERT INTO `samples_company__worker` VALUES ('3982', '89', 'Worker 1', '3982', '2016-09-01', 'email1@company89.com', '71872');
INSERT INTO `samples_company__worker` VALUES ('3983', '89', 'Worker 2', '3983', '2016-09-01', 'email2@company89.com', '71873');
INSERT INTO `samples_company__worker` VALUES ('3984', '89', 'Worker 3', '3984', '2016-09-01', 'email3@company89.com', '71874');
INSERT INTO `samples_company__worker` VALUES ('3985', '89', 'Worker 4', '3985', '2016-09-01', 'email4@company89.com', '71875');
INSERT INTO `samples_company__worker` VALUES ('3986', '89', 'Worker 5', '3986', '2016-09-01', 'email5@company89.com', '71876');
INSERT INTO `samples_company__worker` VALUES ('3987', '89', 'Worker 6', '3987', '2016-09-01', 'email6@company89.com', '71877');
INSERT INTO `samples_company__worker` VALUES ('3988', '89', 'Worker 7', '3988', '2016-09-01', 'email7@company89.com', '71878');
INSERT INTO `samples_company__worker` VALUES ('3989', '89', 'Worker 8', '3989', '2016-09-01', 'email8@company89.com', '71879');
INSERT INTO `samples_company__worker` VALUES ('3990', '89', 'Worker 9', '3990', '2016-09-01', 'email9@company89.com', '71880');
INSERT INTO `samples_company__worker` VALUES ('3991', '89', 'Worker 10', '3991', '2016-09-01', 'email10@company89.com', '71881');
INSERT INTO `samples_company__worker` VALUES ('3992', '90', 'Worker 1', '3992', '2016-09-01', 'email1@company90.com', '71882');
INSERT INTO `samples_company__worker` VALUES ('3993', '90', 'Worker 2', '3993', '2016-09-01', 'email2@company90.com', '71883');
INSERT INTO `samples_company__worker` VALUES ('3994', '90', 'Worker 3', '3994', '2016-09-01', 'email3@company90.com', '71884');
INSERT INTO `samples_company__worker` VALUES ('3995', '90', 'Worker 4', '3995', '2016-09-01', 'email4@company90.com', '71885');
INSERT INTO `samples_company__worker` VALUES ('3996', '90', 'Worker 5', '3996', '2016-09-01', 'email5@company90.com', '71886');
INSERT INTO `samples_company__worker` VALUES ('3997', '90', 'Worker 6', '3997', '2016-09-01', 'email6@company90.com', '71887');
INSERT INTO `samples_company__worker` VALUES ('3998', '90', 'Worker 7', '3998', '2016-09-01', 'email7@company90.com', '71888');
INSERT INTO `samples_company__worker` VALUES ('3999', '90', 'Worker 8', '3999', '2016-09-01', 'email8@company90.com', '71889');
INSERT INTO `samples_company__worker` VALUES ('4000', '90', 'Worker 9', '4000', '2016-09-01', 'email9@company90.com', '71890');
INSERT INTO `samples_company__worker` VALUES ('4001', '90', 'Worker 10', '4001', '2016-09-01', 'email10@company90.com', '71891');
INSERT INTO `samples_company__worker` VALUES ('4002', '91', 'Worker 1', '4002', '2016-09-01', 'email1@company91.com', '71892');
INSERT INTO `samples_company__worker` VALUES ('4003', '91', 'Worker 2', '4003', '2016-09-01', 'email2@company91.com', '71893');
INSERT INTO `samples_company__worker` VALUES ('4004', '91', 'Worker 3', '4004', '2016-09-01', 'email3@company91.com', '71894');
INSERT INTO `samples_company__worker` VALUES ('4005', '91', 'Worker 4', '4005', '2016-09-01', 'email4@company91.com', '71895');
INSERT INTO `samples_company__worker` VALUES ('4006', '91', 'Worker 5', '4006', '2016-09-01', 'email5@company91.com', '71896');
INSERT INTO `samples_company__worker` VALUES ('4007', '91', 'Worker 6', '4007', '2016-09-01', 'email6@company91.com', '71897');
INSERT INTO `samples_company__worker` VALUES ('4008', '91', 'Worker 7', '4008', '2016-09-01', 'email7@company91.com', '71898');
INSERT INTO `samples_company__worker` VALUES ('4009', '91', 'Worker 8', '4009', '2016-09-01', 'email8@company91.com', '71899');
INSERT INTO `samples_company__worker` VALUES ('4010', '91', 'Worker 9', '4010', '2016-09-01', 'email9@company91.com', '71900');
INSERT INTO `samples_company__worker` VALUES ('4011', '91', 'Worker 10', '4011', '2016-09-01', 'email10@company91.com', '71901');
INSERT INTO `samples_company__worker` VALUES ('4012', '92', 'Worker 1', '4012', '2016-09-01', 'email1@company92.com', '71902');
INSERT INTO `samples_company__worker` VALUES ('4013', '92', 'Worker 2', '4013', '2016-09-01', 'email2@company92.com', '71903');
INSERT INTO `samples_company__worker` VALUES ('4014', '92', 'Worker 3', '4014', '2016-09-01', 'email3@company92.com', '71904');
INSERT INTO `samples_company__worker` VALUES ('4015', '92', 'Worker 4', '4015', '2016-09-01', 'email4@company92.com', '71905');
INSERT INTO `samples_company__worker` VALUES ('4016', '92', 'Worker 5', '4016', '2016-09-01', 'email5@company92.com', '71906');
INSERT INTO `samples_company__worker` VALUES ('4017', '92', 'Worker 6', '4017', '2016-09-01', 'email6@company92.com', '71907');
INSERT INTO `samples_company__worker` VALUES ('4018', '92', 'Worker 7', '4018', '2016-09-01', 'email7@company92.com', '71908');
INSERT INTO `samples_company__worker` VALUES ('4019', '92', 'Worker 8', '4019', '2016-09-01', 'email8@company92.com', '71909');
INSERT INTO `samples_company__worker` VALUES ('4020', '92', 'Worker 9', '4020', '2016-09-01', 'email9@company92.com', '71910');
INSERT INTO `samples_company__worker` VALUES ('4021', '92', 'Worker 10', '4021', '2016-09-01', 'email10@company92.com', '71911');
INSERT INTO `samples_company__worker` VALUES ('4022', '93', 'Worker 1', '4022', '2016-09-01', 'email1@company93.com', '71912');
INSERT INTO `samples_company__worker` VALUES ('4023', '93', 'Worker 2', '4023', '2016-09-01', 'email2@company93.com', '71913');
INSERT INTO `samples_company__worker` VALUES ('4024', '93', 'Worker 3', '4024', '2016-09-01', 'email3@company93.com', '71914');
INSERT INTO `samples_company__worker` VALUES ('4025', '93', 'Worker 4', '4025', '2016-09-01', 'email4@company93.com', '71915');
INSERT INTO `samples_company__worker` VALUES ('4026', '93', 'Worker 5', '4026', '2016-09-01', 'email5@company93.com', '71916');
INSERT INTO `samples_company__worker` VALUES ('4027', '93', 'Worker 6', '4027', '2016-09-01', 'email6@company93.com', '71917');
INSERT INTO `samples_company__worker` VALUES ('4028', '93', 'Worker 7', '4028', '2016-09-01', 'email7@company93.com', '71918');
INSERT INTO `samples_company__worker` VALUES ('4029', '93', 'Worker 8', '4029', '2016-09-01', 'email8@company93.com', '71919');
INSERT INTO `samples_company__worker` VALUES ('4030', '93', 'Worker 9', '4030', '2016-09-01', 'email9@company93.com', '71920');
INSERT INTO `samples_company__worker` VALUES ('4031', '93', 'Worker 10', '4031', '2016-09-01', 'email10@company93.com', '71921');
INSERT INTO `samples_company__worker` VALUES ('4032', '94', 'Worker 1', '4032', '2016-09-01', 'email1@company94.com', '71922');
INSERT INTO `samples_company__worker` VALUES ('4033', '94', 'Worker 2', '4033', '2016-09-01', 'email2@company94.com', '71923');
INSERT INTO `samples_company__worker` VALUES ('4034', '94', 'Worker 3', '4034', '2016-09-01', 'email3@company94.com', '71924');
INSERT INTO `samples_company__worker` VALUES ('4035', '94', 'Worker 4', '4035', '2016-09-01', 'email4@company94.com', '71925');
INSERT INTO `samples_company__worker` VALUES ('4036', '94', 'Worker 5', '4036', '2016-09-01', 'email5@company94.com', '71926');
INSERT INTO `samples_company__worker` VALUES ('4037', '94', 'Worker 6', '4037', '2016-09-01', 'email6@company94.com', '71927');
INSERT INTO `samples_company__worker` VALUES ('4038', '94', 'Worker 7', '4038', '2016-09-01', 'email7@company94.com', '71928');
INSERT INTO `samples_company__worker` VALUES ('4039', '94', 'Worker 8', '4039', '2016-09-01', 'email8@company94.com', '71929');
INSERT INTO `samples_company__worker` VALUES ('4040', '94', 'Worker 9', '4040', '2016-09-01', 'email9@company94.com', '71930');
INSERT INTO `samples_company__worker` VALUES ('4041', '94', 'Worker 10', '4041', '2016-09-01', 'email10@company94.com', '71931');
INSERT INTO `samples_company__worker` VALUES ('4042', '95', 'Worker 1', '4042', '2016-09-01', 'email1@company95.com', '71932');
INSERT INTO `samples_company__worker` VALUES ('4043', '95', 'Worker 2', '4043', '2016-09-01', 'email2@company95.com', '71933');
INSERT INTO `samples_company__worker` VALUES ('4044', '95', 'Worker 3', '4044', '2016-09-01', 'email3@company95.com', '71934');
INSERT INTO `samples_company__worker` VALUES ('4045', '95', 'Worker 4', '4045', '2016-09-01', 'email4@company95.com', '71935');
INSERT INTO `samples_company__worker` VALUES ('4046', '95', 'Worker 5', '4046', '2016-09-01', 'email5@company95.com', '71936');
INSERT INTO `samples_company__worker` VALUES ('4047', '95', 'Worker 6', '4047', '2016-09-01', 'email6@company95.com', '71937');
INSERT INTO `samples_company__worker` VALUES ('4048', '95', 'Worker 7', '4048', '2016-09-01', 'email7@company95.com', '71938');
INSERT INTO `samples_company__worker` VALUES ('4049', '95', 'Worker 8', '4049', '2016-09-01', 'email8@company95.com', '71939');
INSERT INTO `samples_company__worker` VALUES ('4050', '95', 'Worker 9', '4050', '2016-09-01', 'email9@company95.com', '71940');
INSERT INTO `samples_company__worker` VALUES ('4051', '95', 'Worker 10', '4051', '2016-09-01', 'email10@company95.com', '71941');
INSERT INTO `samples_company__worker` VALUES ('4052', '96', 'Worker 1', '4052', '2016-09-01', 'email1@company96.com', '71942');
INSERT INTO `samples_company__worker` VALUES ('4053', '96', 'Worker 2', '4053', '2016-09-01', 'email2@company96.com', '71943');
INSERT INTO `samples_company__worker` VALUES ('4054', '96', 'Worker 3', '4054', '2016-09-01', 'email3@company96.com', '71944');
INSERT INTO `samples_company__worker` VALUES ('4055', '96', 'Worker 4', '4055', '2016-09-01', 'email4@company96.com', '71945');
INSERT INTO `samples_company__worker` VALUES ('4056', '96', 'Worker 5', '4056', '2016-09-01', 'email5@company96.com', '71946');
INSERT INTO `samples_company__worker` VALUES ('4057', '96', 'Worker 6', '4057', '2016-09-01', 'email6@company96.com', '71947');
INSERT INTO `samples_company__worker` VALUES ('4058', '96', 'Worker 7', '4058', '2016-09-01', 'email7@company96.com', '71948');
INSERT INTO `samples_company__worker` VALUES ('4059', '96', 'Worker 8', '4059', '2016-09-01', 'email8@company96.com', '71949');
INSERT INTO `samples_company__worker` VALUES ('4060', '96', 'Worker 9', '4060', '2016-09-01', 'email9@company96.com', '71950');
INSERT INTO `samples_company__worker` VALUES ('4061', '96', 'Worker 10', '4061', '2016-09-01', 'email10@company96.com', '71951');
INSERT INTO `samples_company__worker` VALUES ('4062', '97', 'Worker 1', '4062', '2016-09-01', 'email1@company97.com', '71952');
INSERT INTO `samples_company__worker` VALUES ('4063', '97', 'Worker 2', '4063', '2016-09-01', 'email2@company97.com', '71953');
INSERT INTO `samples_company__worker` VALUES ('4064', '97', 'Worker 3', '4064', '2016-09-01', 'email3@company97.com', '71954');
INSERT INTO `samples_company__worker` VALUES ('4065', '97', 'Worker 4', '4065', '2016-09-01', 'email4@company97.com', '71955');
INSERT INTO `samples_company__worker` VALUES ('4066', '97', 'Worker 5', '4066', '2016-09-01', 'email5@company97.com', '71956');
INSERT INTO `samples_company__worker` VALUES ('4067', '97', 'Worker 6', '4067', '2016-09-01', 'email6@company97.com', '71957');
INSERT INTO `samples_company__worker` VALUES ('4068', '97', 'Worker 7', '4068', '2016-09-01', 'email7@company97.com', '71958');
INSERT INTO `samples_company__worker` VALUES ('4069', '97', 'Worker 8', '4069', '2016-09-01', 'email8@company97.com', '71959');
INSERT INTO `samples_company__worker` VALUES ('4070', '97', 'Worker 9', '4070', '2016-09-01', 'email9@company97.com', '71960');
INSERT INTO `samples_company__worker` VALUES ('4071', '97', 'Worker 10', '4071', '2016-09-01', 'email10@company97.com', '71961');
INSERT INTO `samples_company__worker` VALUES ('4072', '98', 'Worker 1', '4072', '2016-09-01', 'email1@company98.com', '71962');
INSERT INTO `samples_company__worker` VALUES ('4073', '98', 'Worker 2', '4073', '2016-09-01', 'email2@company98.com', '71963');
INSERT INTO `samples_company__worker` VALUES ('4074', '98', 'Worker 3', '4074', '2016-09-01', 'email3@company98.com', '71964');
INSERT INTO `samples_company__worker` VALUES ('4075', '98', 'Worker 4', '4075', '2016-09-01', 'email4@company98.com', '71965');
INSERT INTO `samples_company__worker` VALUES ('4076', '98', 'Worker 5', '4076', '2016-09-01', 'email5@company98.com', '71966');
INSERT INTO `samples_company__worker` VALUES ('4077', '98', 'Worker 6', '4077', '2016-09-01', 'email6@company98.com', '71967');
INSERT INTO `samples_company__worker` VALUES ('4078', '98', 'Worker 7', '4078', '2016-09-01', 'email7@company98.com', '71968');
INSERT INTO `samples_company__worker` VALUES ('4079', '98', 'Worker 8', '4079', '2016-09-01', 'email8@company98.com', '71969');
INSERT INTO `samples_company__worker` VALUES ('4080', '98', 'Worker 9', '4080', '2016-09-01', 'email9@company98.com', '71970');
INSERT INTO `samples_company__worker` VALUES ('4081', '98', 'Worker 10', '4081', '2016-09-01', 'email10@company98.com', '71971');
INSERT INTO `samples_company__worker` VALUES ('4082', '99', 'Worker 1', '4082', '2016-09-01', 'email1@company99.com', '71972');
INSERT INTO `samples_company__worker` VALUES ('4083', '99', 'Worker 2', '4083', '2016-09-01', 'email2@company99.com', '71973');
INSERT INTO `samples_company__worker` VALUES ('4084', '99', 'Worker 3', '4084', '2016-09-01', 'email3@company99.com', '71974');
INSERT INTO `samples_company__worker` VALUES ('4085', '99', 'Worker 4', '4085', '2016-09-01', 'email4@company99.com', '71975');
INSERT INTO `samples_company__worker` VALUES ('4086', '99', 'Worker 5', '4086', '2016-09-01', 'email5@company99.com', '71976');
INSERT INTO `samples_company__worker` VALUES ('4087', '99', 'Worker 6', '4087', '2016-09-01', 'email6@company99.com', '71977');
INSERT INTO `samples_company__worker` VALUES ('4088', '99', 'Worker 7', '4088', '2016-09-01', 'email7@company99.com', '71978');
INSERT INTO `samples_company__worker` VALUES ('4089', '99', 'Worker 8', '4089', '2016-09-01', 'email8@company99.com', '71979');
INSERT INTO `samples_company__worker` VALUES ('4090', '99', 'Worker 9', '4090', '2016-09-01', 'email9@company99.com', '71980');
INSERT INTO `samples_company__worker` VALUES ('4091', '99', 'Worker 10', '4091', '2016-09-01', 'email10@company99.com', '71981');
INSERT INTO `samples_company__worker` VALUES ('4092', '100', 'Worker 1', '4092', '2016-09-01', 'email1@company100.com', '71982');
INSERT INTO `samples_company__worker` VALUES ('4093', '100', 'Worker 2', '4093', '2016-09-01', 'email2@company100.com', '71983');
INSERT INTO `samples_company__worker` VALUES ('4094', '100', 'Worker 3', '4094', '2016-09-01', 'email3@company100.com', '71984');
INSERT INTO `samples_company__worker` VALUES ('4095', '100', 'Worker 4', '4095', '2016-09-01', 'email4@company100.com', '71985');
INSERT INTO `samples_company__worker` VALUES ('4096', '100', 'Worker 5', '4096', '2016-09-01', 'email5@company100.com', '71986');
INSERT INTO `samples_company__worker` VALUES ('4097', '100', 'Worker 6', '4097', '2016-09-01', 'email6@company100.com', '71987');
INSERT INTO `samples_company__worker` VALUES ('4098', '100', 'Worker 7', '4098', '2016-09-01', 'email7@company100.com', '71988');
INSERT INTO `samples_company__worker` VALUES ('4099', '100', 'Worker 8', '4099', '2016-09-01', 'email8@company100.com', '71989');
INSERT INTO `samples_company__worker` VALUES ('4100', '100', 'Worker 9', '4100', '2016-09-01', 'email9@company100.com', '71990');
INSERT INTO `samples_company__worker` VALUES ('4101', '100', 'Worker 10', '4101', '2016-09-01', 'email10@company100.com', '71991');
INSERT INTO `samples_company__worker` VALUES ('4102', '101', 'Worker 1', '4102', '2016-09-01', 'email1@company101.com', '71992');
INSERT INTO `samples_company__worker` VALUES ('4103', '101', 'Worker 2', '4103', '2016-09-01', 'email2@company101.com', '71993');
INSERT INTO `samples_company__worker` VALUES ('4104', '101', 'Worker 3', '4104', '2016-09-01', 'email3@company101.com', '71994');
INSERT INTO `samples_company__worker` VALUES ('4105', '101', 'Worker 4', '4105', '2016-09-01', 'email4@company101.com', '71995');
INSERT INTO `samples_company__worker` VALUES ('4106', '101', 'Worker 5', '4106', '2016-09-01', 'email5@company101.com', '71996');
INSERT INTO `samples_company__worker` VALUES ('4107', '101', 'Worker 6', '4107', '2016-09-01', 'email6@company101.com', '71997');
INSERT INTO `samples_company__worker` VALUES ('4108', '101', 'Worker 7', '4108', '2016-09-01', 'email7@company101.com', '71998');
INSERT INTO `samples_company__worker` VALUES ('4109', '101', 'Worker 8', '4109', '2016-09-01', 'email8@company101.com', '71999');
INSERT INTO `samples_company__worker` VALUES ('4110', '101', 'Worker 9', '4110', '2016-09-01', 'email9@company101.com', '72000');
INSERT INTO `samples_company__worker` VALUES ('4111', '101', 'Worker 10', '4111', '2016-09-01', 'email10@company101.com', '72001');
INSERT INTO `samples_company__worker` VALUES ('4112', '102', 'Worker 1', '4112', '2016-09-01', 'email1@company102.com', '72002');
INSERT INTO `samples_company__worker` VALUES ('4113', '102', 'Worker 2', '4113', '2016-09-01', 'email2@company102.com', '72003');
INSERT INTO `samples_company__worker` VALUES ('4114', '102', 'Worker 3', '4114', '2016-09-01', 'email3@company102.com', '72004');
INSERT INTO `samples_company__worker` VALUES ('4115', '102', 'Worker 4', '4115', '2016-09-01', 'email4@company102.com', '72005');
INSERT INTO `samples_company__worker` VALUES ('4116', '102', 'Worker 5', '4116', '2016-09-01', 'email5@company102.com', '72006');
INSERT INTO `samples_company__worker` VALUES ('4117', '102', 'Worker 6', '4117', '2016-09-01', 'email6@company102.com', '72007');
INSERT INTO `samples_company__worker` VALUES ('4118', '102', 'Worker 7', '4118', '2016-09-01', 'email7@company102.com', '72008');
INSERT INTO `samples_company__worker` VALUES ('4119', '102', 'Worker 8', '4119', '2016-09-01', 'email8@company102.com', '72009');
INSERT INTO `samples_company__worker` VALUES ('4120', '102', 'Worker 9', '4120', '2016-09-01', 'email9@company102.com', '72010');
INSERT INTO `samples_company__worker` VALUES ('4121', '102', 'Worker 10', '4121', '2016-09-01', 'email10@company102.com', '72011');
INSERT INTO `samples_company__worker` VALUES ('4122', '103', 'Worker 1', '4122', '2016-09-01', 'email1@company103.com', '72012');
INSERT INTO `samples_company__worker` VALUES ('4123', '103', 'Worker 2', '4123', '2016-09-01', 'email2@company103.com', '72013');
INSERT INTO `samples_company__worker` VALUES ('4124', '103', 'Worker 3', '4124', '2016-09-01', 'email3@company103.com', '72014');
INSERT INTO `samples_company__worker` VALUES ('4125', '103', 'Worker 4', '4125', '2016-09-01', 'email4@company103.com', '72015');
INSERT INTO `samples_company__worker` VALUES ('4126', '103', 'Worker 5', '4126', '2016-09-01', 'email5@company103.com', '72016');
INSERT INTO `samples_company__worker` VALUES ('4127', '103', 'Worker 6', '4127', '2016-09-01', 'email6@company103.com', '72017');
INSERT INTO `samples_company__worker` VALUES ('4128', '103', 'Worker 7', '4128', '2016-09-01', 'email7@company103.com', '72018');
INSERT INTO `samples_company__worker` VALUES ('4129', '103', 'Worker 8', '4129', '2016-09-01', 'email8@company103.com', '72019');
INSERT INTO `samples_company__worker` VALUES ('4130', '103', 'Worker 9', '4130', '2016-09-01', 'email9@company103.com', '72020');
INSERT INTO `samples_company__worker` VALUES ('4131', '103', 'Worker 10', '4131', '2016-09-01', 'email10@company103.com', '72021');
INSERT INTO `samples_company__worker` VALUES ('4132', '104', 'Worker 1', '4132', '2016-09-01', 'email1@company104.com', '72022');
INSERT INTO `samples_company__worker` VALUES ('4133', '104', 'Worker 2', '4133', '2016-09-01', 'email2@company104.com', '72023');
INSERT INTO `samples_company__worker` VALUES ('4134', '104', 'Worker 3', '4134', '2016-09-01', 'email3@company104.com', '72024');
INSERT INTO `samples_company__worker` VALUES ('4135', '104', 'Worker 4', '4135', '2016-09-01', 'email4@company104.com', '72025');
INSERT INTO `samples_company__worker` VALUES ('4136', '104', 'Worker 5', '4136', '2016-09-01', 'email5@company104.com', '72026');
INSERT INTO `samples_company__worker` VALUES ('4137', '104', 'Worker 6', '4137', '2016-09-01', 'email6@company104.com', '72027');
INSERT INTO `samples_company__worker` VALUES ('4138', '104', 'Worker 7', '4138', '2016-09-01', 'email7@company104.com', '72028');
INSERT INTO `samples_company__worker` VALUES ('4139', '104', 'Worker 8', '4139', '2016-09-01', 'email8@company104.com', '72029');
INSERT INTO `samples_company__worker` VALUES ('4140', '104', 'Worker 9', '4140', '2016-09-01', 'email9@company104.com', '72030');
INSERT INTO `samples_company__worker` VALUES ('4141', '104', 'Worker 10', '4141', '2016-09-01', 'email10@company104.com', '72031');
INSERT INTO `samples_company__worker` VALUES ('4142', '105', 'Worker 1', '4142', '2016-09-01', 'email1@company105.com', '72032');
INSERT INTO `samples_company__worker` VALUES ('4143', '105', 'Worker 2', '4143', '2016-09-01', 'email2@company105.com', '72033');
INSERT INTO `samples_company__worker` VALUES ('4144', '105', 'Worker 3', '4144', '2016-09-01', 'email3@company105.com', '72034');
INSERT INTO `samples_company__worker` VALUES ('4145', '105', 'Worker 4', '4145', '2016-09-01', 'email4@company105.com', '72035');
INSERT INTO `samples_company__worker` VALUES ('4146', '105', 'Worker 5', '4146', '2016-09-01', 'email5@company105.com', '72036');
INSERT INTO `samples_company__worker` VALUES ('4147', '105', 'Worker 6', '4147', '2016-09-01', 'email6@company105.com', '72037');
INSERT INTO `samples_company__worker` VALUES ('4148', '105', 'Worker 7', '4148', '2016-09-01', 'email7@company105.com', '72038');
INSERT INTO `samples_company__worker` VALUES ('4149', '105', 'Worker 8', '4149', '2016-09-01', 'email8@company105.com', '72039');
INSERT INTO `samples_company__worker` VALUES ('4150', '105', 'Worker 9', '4150', '2016-09-01', 'email9@company105.com', '72040');
INSERT INTO `samples_company__worker` VALUES ('4151', '105', 'Worker 10', '4151', '2016-09-01', 'email10@company105.com', '72041');
INSERT INTO `samples_company__worker` VALUES ('4152', '106', 'Worker 1', '4152', '2016-09-01', 'email1@company106.com', '72042');
INSERT INTO `samples_company__worker` VALUES ('4153', '106', 'Worker 2', '4153', '2016-09-01', 'email2@company106.com', '72043');
INSERT INTO `samples_company__worker` VALUES ('4154', '106', 'Worker 3', '4154', '2016-09-01', 'email3@company106.com', '72044');
INSERT INTO `samples_company__worker` VALUES ('4155', '106', 'Worker 4', '4155', '2016-09-01', 'email4@company106.com', '72045');
INSERT INTO `samples_company__worker` VALUES ('4156', '106', 'Worker 5', '4156', '2016-09-01', 'email5@company106.com', '72046');
INSERT INTO `samples_company__worker` VALUES ('4157', '106', 'Worker 6', '4157', '2016-09-01', 'email6@company106.com', '72047');
INSERT INTO `samples_company__worker` VALUES ('4158', '106', 'Worker 7', '4158', '2016-09-01', 'email7@company106.com', '72048');
INSERT INTO `samples_company__worker` VALUES ('4159', '106', 'Worker 8', '4159', '2016-09-01', 'email8@company106.com', '72049');
INSERT INTO `samples_company__worker` VALUES ('4160', '106', 'Worker 9', '4160', '2016-09-01', 'email9@company106.com', '72050');
INSERT INTO `samples_company__worker` VALUES ('4161', '106', 'Worker 10', '4161', '2016-09-01', 'email10@company106.com', '72051');
INSERT INTO `samples_company__worker` VALUES ('4182', '109', 'Worker 1', '4182', '2016-09-01', 'email1@company109.com', '72072');
INSERT INTO `samples_company__worker` VALUES ('4183', '109', 'Worker 2', '4183', '2016-09-01', 'email2@company109.com', '72073');
INSERT INTO `samples_company__worker` VALUES ('4184', '109', 'Worker 3', '4184', '2016-09-01', 'email3@company109.com', '72074');
INSERT INTO `samples_company__worker` VALUES ('4185', '109', 'Worker 4', '4185', '2016-09-01', 'email4@company109.com', '72075');
INSERT INTO `samples_company__worker` VALUES ('4186', '109', 'Worker 5', '4186', '2016-09-01', 'email5@company109.com', '72076');
INSERT INTO `samples_company__worker` VALUES ('4187', '109', 'Worker 6', '4187', '2016-09-01', 'email6@company109.com', '72077');
INSERT INTO `samples_company__worker` VALUES ('4188', '109', 'Worker 7', '4188', '2016-09-01', 'email7@company109.com', '72078');
INSERT INTO `samples_company__worker` VALUES ('4189', '109', 'Worker 8', '4189', '2016-09-01', 'email8@company109.com', '72079');
INSERT INTO `samples_company__worker` VALUES ('4190', '109', 'Worker 9', '4190', '2016-09-01', 'email9@company109.com', '72080');
INSERT INTO `samples_company__worker` VALUES ('4191', '109', 'Worker 10', '4191', '2016-09-01', 'email10@company109.com', '72081');
INSERT INTO `samples_company__worker` VALUES ('4202', '111', 'Worker 1', '4202', '2016-09-01', 'email1@company111.com', '72092');
INSERT INTO `samples_company__worker` VALUES ('4203', '111', 'Worker 2', '4203', '2016-09-01', 'email2@company111.com', '72093');
INSERT INTO `samples_company__worker` VALUES ('4204', '111', 'Worker 3', '4204', '2016-09-01', 'email3@company111.com', '72094');
INSERT INTO `samples_company__worker` VALUES ('4205', '111', 'Worker 4', '4205', '2016-09-01', 'email4@company111.com', '72095');
INSERT INTO `samples_company__worker` VALUES ('4206', '111', 'Worker 5', '4206', '2016-09-01', 'email5@company111.com', '72096');
INSERT INTO `samples_company__worker` VALUES ('4207', '111', 'Worker 6', '4207', '2016-09-01', 'email6@company111.com', '72097');
INSERT INTO `samples_company__worker` VALUES ('4208', '111', 'Worker 7', '4208', '2016-09-01', 'email7@company111.com', '72098');
INSERT INTO `samples_company__worker` VALUES ('4209', '111', 'Worker 8', '4209', '2016-09-01', 'email8@company111.com', '72099');
INSERT INTO `samples_company__worker` VALUES ('4210', '111', 'Worker 9', '4210', '2016-09-01', 'email9@company111.com', '72100');
INSERT INTO `samples_company__worker` VALUES ('4211', '111', 'Worker 10', '4211', '2016-09-01', 'email10@company111.com', '72101');
INSERT INTO `samples_company__worker` VALUES ('4312', '122', 'Worker 1', '4312', '2016-09-01', 'email1@company122.com', '72202');
INSERT INTO `samples_company__worker` VALUES ('4313', '122', 'Worker 2', '4313', '2016-09-01', 'email2@company122.com', '72203');
INSERT INTO `samples_company__worker` VALUES ('4314', '122', 'Worker 3', '4314', '2016-09-01', 'email3@company122.com', '72204');
INSERT INTO `samples_company__worker` VALUES ('4315', '122', 'Worker 4', '4315', '2016-09-01', 'email4@company122.com', '72205');
INSERT INTO `samples_company__worker` VALUES ('4316', '122', 'Worker 5', '4316', '2016-09-01', 'email5@company122.com', '72206');
INSERT INTO `samples_company__worker` VALUES ('4317', '122', 'Worker 6', '4317', '2016-09-01', 'email6@company122.com', '72207');
INSERT INTO `samples_company__worker` VALUES ('4318', '122', 'Worker 7', '4318', '2016-09-01', 'email7@company122.com', '72208');
INSERT INTO `samples_company__worker` VALUES ('4319', '122', 'Worker 8', '4319', '2016-09-01', 'email8@company122.com', '72209');
INSERT INTO `samples_company__worker` VALUES ('4320', '122', 'Worker 9', '4320', '2016-09-01', 'email9@company122.com', '72210');
INSERT INTO `samples_company__worker` VALUES ('4321', '122', 'Worker 10', '4321', '2016-09-01', 'email10@company122.com', '72211');
INSERT INTO `samples_company__worker` VALUES ('4352', '126', 'Worker 1', '4352', '2016-09-01', 'email1@company126.com', '72242');
INSERT INTO `samples_company__worker` VALUES ('4353', '126', 'Worker 2', '4353', '2016-09-01', 'email2@company126.com', '72243');
INSERT INTO `samples_company__worker` VALUES ('4354', '126', 'Worker 3', '4354', '2016-09-01', 'email3@company126.com', '72244');
INSERT INTO `samples_company__worker` VALUES ('4355', '126', 'Worker 4', '4355', '2016-09-01', 'email4@company126.com', '72245');
INSERT INTO `samples_company__worker` VALUES ('4356', '126', 'Worker 5', '4356', '2016-09-01', 'email5@company126.com', '72246');
INSERT INTO `samples_company__worker` VALUES ('4357', '126', 'Worker 6', '4357', '2016-09-01', 'email6@company126.com', '72247');
INSERT INTO `samples_company__worker` VALUES ('4358', '126', 'Worker 7', '4358', '2016-09-01', 'email7@company126.com', '72248');
INSERT INTO `samples_company__worker` VALUES ('4359', '126', 'Worker 8', '4359', '2016-09-01', 'email8@company126.com', '72249');
INSERT INTO `samples_company__worker` VALUES ('4360', '126', 'Worker 9', '4360', '2016-09-01', 'email9@company126.com', '72250');
INSERT INTO `samples_company__worker` VALUES ('4361', '126', 'Worker 10', '4361', '2016-09-01', 'email10@company126.com', '72251');
INSERT INTO `samples_company__worker` VALUES ('4372', '128', 'Worker 1', '4372', '2016-09-01', 'email1@company128.com', '72262');
INSERT INTO `samples_company__worker` VALUES ('4373', '128', 'Worker 2', '4373', '2016-09-01', 'email2@company128.com', '72263');
INSERT INTO `samples_company__worker` VALUES ('4374', '128', 'Worker 3', '4374', '2016-09-01', 'email3@company128.com', '72264');
INSERT INTO `samples_company__worker` VALUES ('4375', '128', 'Worker 4', '4375', '2016-09-01', 'email4@company128.com', '72265');
INSERT INTO `samples_company__worker` VALUES ('4376', '128', 'Worker 5', '4376', '2016-09-01', 'email5@company128.com', '72266');
INSERT INTO `samples_company__worker` VALUES ('4377', '128', 'Worker 6', '4377', '2016-09-01', 'email6@company128.com', '72267');
INSERT INTO `samples_company__worker` VALUES ('4378', '128', 'Worker 7', '4378', '2016-09-01', 'email7@company128.com', '72268');
INSERT INTO `samples_company__worker` VALUES ('4379', '128', 'Worker 8', '4379', '2016-09-01', 'email8@company128.com', '72269');
INSERT INTO `samples_company__worker` VALUES ('4380', '128', 'Worker 9', '4380', '2016-09-01', 'email9@company128.com', '72270');
INSERT INTO `samples_company__worker` VALUES ('4381', '128', 'Worker 10', '4381', '2016-09-01', 'email10@company128.com', '72271');
INSERT INTO `samples_company__worker` VALUES ('4382', '129', 'Worker 1', '4382', '2016-09-01', 'email1@company129.com', '72272');
INSERT INTO `samples_company__worker` VALUES ('4383', '129', 'Worker 2', '4383', '2016-09-01', 'email2@company129.com', '72273');
INSERT INTO `samples_company__worker` VALUES ('4384', '129', 'Worker 3', '4384', '2016-09-01', 'email3@company129.com', '72274');
INSERT INTO `samples_company__worker` VALUES ('4385', '129', 'Worker 4', '4385', '2016-09-01', 'email4@company129.com', '72275');
INSERT INTO `samples_company__worker` VALUES ('4386', '129', 'Worker 5', '4386', '2016-09-01', 'email5@company129.com', '72276');
INSERT INTO `samples_company__worker` VALUES ('4387', '129', 'Worker 6', '4387', '2016-09-01', 'email6@company129.com', '72277');
INSERT INTO `samples_company__worker` VALUES ('4388', '129', 'Worker 7', '4388', '2016-09-01', 'email7@company129.com', '72278');
INSERT INTO `samples_company__worker` VALUES ('4389', '129', 'Worker 8', '4389', '2016-09-01', 'email8@company129.com', '72279');
INSERT INTO `samples_company__worker` VALUES ('4390', '129', 'Worker 9', '4390', '2016-09-01', 'email9@company129.com', '72280');
INSERT INTO `samples_company__worker` VALUES ('4391', '129', 'Worker 10', '4391', '2016-09-01', 'email10@company129.com', '72281');
INSERT INTO `samples_company__worker` VALUES ('4392', '130', 'Worker 1', '4392', '2016-09-01', 'email1@company130.com', '72282');
INSERT INTO `samples_company__worker` VALUES ('4393', '130', 'Worker 2', '4393', '2016-09-01', 'email2@company130.com', '72283');
INSERT INTO `samples_company__worker` VALUES ('4394', '130', 'Worker 3', '4394', '2016-09-01', 'email3@company130.com', '72284');
INSERT INTO `samples_company__worker` VALUES ('4395', '130', 'Worker 4', '4395', '2016-09-01', 'email4@company130.com', '72285');
INSERT INTO `samples_company__worker` VALUES ('4396', '130', 'Worker 5', '4396', '2016-09-01', 'email5@company130.com', '72286');
INSERT INTO `samples_company__worker` VALUES ('4397', '130', 'Worker 6', '4397', '2016-09-01', 'email6@company130.com', '72287');
INSERT INTO `samples_company__worker` VALUES ('4398', '130', 'Worker 7', '4398', '2016-09-01', 'email7@company130.com', '72288');
INSERT INTO `samples_company__worker` VALUES ('4399', '130', 'Worker 8', '4399', '2016-09-01', 'email8@company130.com', '72289');
INSERT INTO `samples_company__worker` VALUES ('4400', '130', 'Worker 9', '4400', '2016-09-01', 'email9@company130.com', '72290');
INSERT INTO `samples_company__worker` VALUES ('4401', '130', 'Worker 10', '4401', '2016-09-01', 'email10@company130.com', '72291');
INSERT INTO `samples_company__worker` VALUES ('4402', '131', 'Worker 1', '4402', '2016-09-01', 'email1@company131.com', '72292');
INSERT INTO `samples_company__worker` VALUES ('4403', '131', 'Worker 2', '4403', '2016-09-01', 'email2@company131.com', '72293');
INSERT INTO `samples_company__worker` VALUES ('4404', '131', 'Worker 3', '4404', '2016-09-01', 'email3@company131.com', '72294');
INSERT INTO `samples_company__worker` VALUES ('4405', '131', 'Worker 4', '4405', '2016-09-01', 'email4@company131.com', '72295');
INSERT INTO `samples_company__worker` VALUES ('4406', '131', 'Worker 5', '4406', '2016-09-01', 'email5@company131.com', '72296');
INSERT INTO `samples_company__worker` VALUES ('4407', '131', 'Worker 6', '4407', '2016-09-01', 'email6@company131.com', '72297');
INSERT INTO `samples_company__worker` VALUES ('4408', '131', 'Worker 7', '4408', '2016-09-01', 'email7@company131.com', '72298');
INSERT INTO `samples_company__worker` VALUES ('4409', '131', 'Worker 8', '4409', '2016-09-01', 'email8@company131.com', '72299');
INSERT INTO `samples_company__worker` VALUES ('4410', '131', 'Worker 9', '4410', '2016-09-01', 'email9@company131.com', '72300');
INSERT INTO `samples_company__worker` VALUES ('4411', '131', 'Worker 10', '4411', '2016-09-01', 'email10@company131.com', '72301');
INSERT INTO `samples_company__worker` VALUES ('4412', '132', 'Worker 1', '4412', '2016-09-01', 'email1@company132.com', '72302');
INSERT INTO `samples_company__worker` VALUES ('4413', '132', 'Worker 2', '4413', '2016-09-01', 'email2@company132.com', '72303');
INSERT INTO `samples_company__worker` VALUES ('4414', '132', 'Worker 3', '4414', '2016-09-01', 'email3@company132.com', '72304');
INSERT INTO `samples_company__worker` VALUES ('4415', '132', 'Worker 4', '4415', '2016-09-01', 'email4@company132.com', '72305');
INSERT INTO `samples_company__worker` VALUES ('4416', '132', 'Worker 5', '4416', '2016-09-01', 'email5@company132.com', '72306');
INSERT INTO `samples_company__worker` VALUES ('4417', '132', 'Worker 6', '4417', '2016-09-01', 'email6@company132.com', '72307');
INSERT INTO `samples_company__worker` VALUES ('4418', '132', 'Worker 7', '4418', '2016-09-01', 'email7@company132.com', '72308');
INSERT INTO `samples_company__worker` VALUES ('4419', '132', 'Worker 8', '4419', '2016-09-01', 'email8@company132.com', '72309');
INSERT INTO `samples_company__worker` VALUES ('4420', '132', 'Worker 9', '4420', '2016-09-01', 'email9@company132.com', '72310');
INSERT INTO `samples_company__worker` VALUES ('4421', '132', 'Worker 10', '4421', '2016-09-01', 'email10@company132.com', '72311');
INSERT INTO `samples_company__worker` VALUES ('4422', '133', 'Worker 1', '4422', '2016-09-01', 'email1@company133.com', '72312');
INSERT INTO `samples_company__worker` VALUES ('4423', '133', 'Worker 2', '4423', '2016-09-01', 'email2@company133.com', '72313');
INSERT INTO `samples_company__worker` VALUES ('4424', '133', 'Worker 3', '4424', '2016-09-01', 'email3@company133.com', '72314');
INSERT INTO `samples_company__worker` VALUES ('4425', '133', 'Worker 4', '4425', '2016-09-01', 'email4@company133.com', '72315');
INSERT INTO `samples_company__worker` VALUES ('4426', '133', 'Worker 5', '4426', '2016-09-01', 'email5@company133.com', '72316');
INSERT INTO `samples_company__worker` VALUES ('4427', '133', 'Worker 6', '4427', '2016-09-01', 'email6@company133.com', '72317');
INSERT INTO `samples_company__worker` VALUES ('4428', '133', 'Worker 7', '4428', '2016-09-01', 'email7@company133.com', '72318');
INSERT INTO `samples_company__worker` VALUES ('4429', '133', 'Worker 8', '4429', '2016-09-01', 'email8@company133.com', '72319');
INSERT INTO `samples_company__worker` VALUES ('4430', '133', 'Worker 9', '4430', '2016-09-01', 'email9@company133.com', '72320');
INSERT INTO `samples_company__worker` VALUES ('4431', '133', 'Worker 10', '4431', '2016-09-01', 'email10@company133.com', '72321');
INSERT INTO `samples_company__worker` VALUES ('4432', '134', 'Worker 1', '4432', '2016-09-01', 'email1@company134.com', '72322');
INSERT INTO `samples_company__worker` VALUES ('4433', '134', 'Worker 2', '4433', '2016-09-01', 'email2@company134.com', '72323');
INSERT INTO `samples_company__worker` VALUES ('4434', '134', 'Worker 3', '4434', '2016-09-01', 'email3@company134.com', '72324');
INSERT INTO `samples_company__worker` VALUES ('4435', '134', 'Worker 4', '4435', '2016-09-01', 'email4@company134.com', '72325');
INSERT INTO `samples_company__worker` VALUES ('4436', '134', 'Worker 5', '4436', '2016-09-01', 'email5@company134.com', '72326');
INSERT INTO `samples_company__worker` VALUES ('4437', '134', 'Worker 6', '4437', '2016-09-01', 'email6@company134.com', '72327');
INSERT INTO `samples_company__worker` VALUES ('4438', '134', 'Worker 7', '4438', '2016-09-01', 'email7@company134.com', '72328');
INSERT INTO `samples_company__worker` VALUES ('4439', '134', 'Worker 8', '4439', '2016-09-01', 'email8@company134.com', '72329');
INSERT INTO `samples_company__worker` VALUES ('4440', '134', 'Worker 9', '4440', '2016-09-01', 'email9@company134.com', '72330');
INSERT INTO `samples_company__worker` VALUES ('4441', '134', 'Worker 10', '4441', '2016-09-01', 'email10@company134.com', '72331');
INSERT INTO `samples_company__worker` VALUES ('4442', '135', 'Worker 1', '4442', '2016-09-01', 'email1@company135.com', '72332');
INSERT INTO `samples_company__worker` VALUES ('4443', '135', 'Worker 2', '4443', '2016-09-01', 'email2@company135.com', '72333');
INSERT INTO `samples_company__worker` VALUES ('4444', '135', 'Worker 3', '4444', '2016-09-01', 'email3@company135.com', '72334');
INSERT INTO `samples_company__worker` VALUES ('4445', '135', 'Worker 4', '4445', '2016-09-01', 'email4@company135.com', '72335');
INSERT INTO `samples_company__worker` VALUES ('4446', '135', 'Worker 5', '4446', '2016-09-01', 'email5@company135.com', '72336');
INSERT INTO `samples_company__worker` VALUES ('4447', '135', 'Worker 6', '4447', '2016-09-01', 'email6@company135.com', '72337');
INSERT INTO `samples_company__worker` VALUES ('4448', '135', 'Worker 7', '4448', '2016-09-01', 'email7@company135.com', '72338');
INSERT INTO `samples_company__worker` VALUES ('4449', '135', 'Worker 8', '4449', '2016-09-01', 'email8@company135.com', '72339');
INSERT INTO `samples_company__worker` VALUES ('4450', '135', 'Worker 9', '4450', '2016-09-01', 'email9@company135.com', '72340');
INSERT INTO `samples_company__worker` VALUES ('4451', '135', 'Worker 10', '4451', '2016-09-01', 'email10@company135.com', '72341');
INSERT INTO `samples_company__worker` VALUES ('4452', '136', 'Worker 1', '4452', '2016-09-01', 'email1@company136.com', '72342');
INSERT INTO `samples_company__worker` VALUES ('4453', '136', 'Worker 2', '4453', '2016-09-01', 'email2@company136.com', '72343');
INSERT INTO `samples_company__worker` VALUES ('4454', '136', 'Worker 3', '4454', '2016-09-01', 'email3@company136.com', '72344');
INSERT INTO `samples_company__worker` VALUES ('4455', '136', 'Worker 4', '4455', '2016-09-01', 'email4@company136.com', '72345');
INSERT INTO `samples_company__worker` VALUES ('4456', '136', 'Worker 5', '4456', '2016-09-01', 'email5@company136.com', '72346');
INSERT INTO `samples_company__worker` VALUES ('4457', '136', 'Worker 6', '4457', '2016-09-01', 'email6@company136.com', '72347');
INSERT INTO `samples_company__worker` VALUES ('4458', '136', 'Worker 7', '4458', '2016-09-01', 'email7@company136.com', '72348');
INSERT INTO `samples_company__worker` VALUES ('4459', '136', 'Worker 8', '4459', '2016-09-01', 'email8@company136.com', '72349');
INSERT INTO `samples_company__worker` VALUES ('4460', '136', 'Worker 9', '4460', '2016-09-01', 'email9@company136.com', '72350');
INSERT INTO `samples_company__worker` VALUES ('4461', '136', 'Worker 10', '4461', '2016-09-01', 'email10@company136.com', '72351');
INSERT INTO `samples_company__worker` VALUES ('4462', '137', 'Worker 1', '4462', '2016-09-01', 'email1@company137.com', '72352');
INSERT INTO `samples_company__worker` VALUES ('4463', '137', 'Worker 2', '4463', '2016-09-01', 'email2@company137.com', '72353');
INSERT INTO `samples_company__worker` VALUES ('4464', '137', 'Worker 3', '4464', '2016-09-01', 'email3@company137.com', '72354');
INSERT INTO `samples_company__worker` VALUES ('4465', '137', 'Worker 4', '4465', '2016-09-01', 'email4@company137.com', '72355');
INSERT INTO `samples_company__worker` VALUES ('4466', '137', 'Worker 5', '4466', '2016-09-01', 'email5@company137.com', '72356');
INSERT INTO `samples_company__worker` VALUES ('4467', '137', 'Worker 6', '4467', '2016-09-01', 'email6@company137.com', '72357');
INSERT INTO `samples_company__worker` VALUES ('4468', '137', 'Worker 7', '4468', '2016-09-01', 'email7@company137.com', '72358');
INSERT INTO `samples_company__worker` VALUES ('4469', '137', 'Worker 8', '4469', '2016-09-01', 'email8@company137.com', '72359');
INSERT INTO `samples_company__worker` VALUES ('4470', '137', 'Worker 9', '4470', '2016-09-01', 'email9@company137.com', '72360');
INSERT INTO `samples_company__worker` VALUES ('4471', '137', 'Worker 10', '4471', '2016-09-01', 'email10@company137.com', '72361');
INSERT INTO `samples_company__worker` VALUES ('4472', '138', 'Worker 1', '4472', '2016-09-01', 'email1@company138.com', '72362');
INSERT INTO `samples_company__worker` VALUES ('4473', '138', 'Worker 2', '4473', '2016-09-01', 'email2@company138.com', '72363');
INSERT INTO `samples_company__worker` VALUES ('4474', '138', 'Worker 3', '4474', '2016-09-01', 'email3@company138.com', '72364');
INSERT INTO `samples_company__worker` VALUES ('4475', '138', 'Worker 4', '4475', '2016-09-01', 'email4@company138.com', '72365');
INSERT INTO `samples_company__worker` VALUES ('4476', '138', 'Worker 5', '4476', '2016-09-01', 'email5@company138.com', '72366');
INSERT INTO `samples_company__worker` VALUES ('4477', '138', 'Worker 6', '4477', '2016-09-01', 'email6@company138.com', '72367');
INSERT INTO `samples_company__worker` VALUES ('4478', '138', 'Worker 7', '4478', '2016-09-01', 'email7@company138.com', '72368');
INSERT INTO `samples_company__worker` VALUES ('4479', '138', 'Worker 8', '4479', '2016-09-01', 'email8@company138.com', '72369');
INSERT INTO `samples_company__worker` VALUES ('4480', '138', 'Worker 9', '4480', '2016-09-01', 'email9@company138.com', '72370');
INSERT INTO `samples_company__worker` VALUES ('4481', '138', 'Worker 10', '4481', '2016-09-01', 'email10@company138.com', '72371');
INSERT INTO `samples_company__worker` VALUES ('4482', '139', 'Worker 1', '4482', '2016-09-01', 'email1@company139.com', '72372');
INSERT INTO `samples_company__worker` VALUES ('4483', '139', 'Worker 2', '4483', '2016-09-01', 'email2@company139.com', '72373');
INSERT INTO `samples_company__worker` VALUES ('4484', '139', 'Worker 3', '4484', '2016-09-01', 'email3@company139.com', '72374');
INSERT INTO `samples_company__worker` VALUES ('4485', '139', 'Worker 4', '4485', '2016-09-01', 'email4@company139.com', '72375');
INSERT INTO `samples_company__worker` VALUES ('4486', '139', 'Worker 5', '4486', '2016-09-01', 'email5@company139.com', '72376');
INSERT INTO `samples_company__worker` VALUES ('4487', '139', 'Worker 6', '4487', '2016-09-01', 'email6@company139.com', '72377');
INSERT INTO `samples_company__worker` VALUES ('4488', '139', 'Worker 7', '4488', '2016-09-01', 'email7@company139.com', '72378');
INSERT INTO `samples_company__worker` VALUES ('4489', '139', 'Worker 8', '4489', '2016-09-01', 'email8@company139.com', '72379');
INSERT INTO `samples_company__worker` VALUES ('4490', '139', 'Worker 9', '4490', '2016-09-01', 'email9@company139.com', '72380');
INSERT INTO `samples_company__worker` VALUES ('4491', '139', 'Worker 10', '4491', '2016-09-01', 'email10@company139.com', '72381');
INSERT INTO `samples_company__worker` VALUES ('4492', '140', 'Worker 1', '4492', '2016-09-01', 'email1@company140.com', '72382');
INSERT INTO `samples_company__worker` VALUES ('4493', '140', 'Worker 2', '4493', '2016-09-01', 'email2@company140.com', '72383');
INSERT INTO `samples_company__worker` VALUES ('4494', '140', 'Worker 3', '4494', '2016-09-01', 'email3@company140.com', '72384');
INSERT INTO `samples_company__worker` VALUES ('4495', '140', 'Worker 4', '4495', '2016-09-01', 'email4@company140.com', '72385');
INSERT INTO `samples_company__worker` VALUES ('4496', '140', 'Worker 5', '4496', '2016-09-01', 'email5@company140.com', '72386');
INSERT INTO `samples_company__worker` VALUES ('4497', '140', 'Worker 6', '4497', '2016-09-01', 'email6@company140.com', '72387');
INSERT INTO `samples_company__worker` VALUES ('4498', '140', 'Worker 7', '4498', '2016-09-01', 'email7@company140.com', '72388');
INSERT INTO `samples_company__worker` VALUES ('4499', '140', 'Worker 8', '4499', '2016-09-01', 'email8@company140.com', '72389');
INSERT INTO `samples_company__worker` VALUES ('4500', '140', 'Worker 9', '4500', '2016-09-01', 'email9@company140.com', '72390');
INSERT INTO `samples_company__worker` VALUES ('4501', '140', 'Worker 10', '4501', '2016-09-01', 'email10@company140.com', '72391');
INSERT INTO `samples_company__worker` VALUES ('4502', '141', 'Worker 1', '4502', '2016-09-01', 'email1@company141.com', '72392');
INSERT INTO `samples_company__worker` VALUES ('4503', '141', 'Worker 2', '4503', '2016-09-01', 'email2@company141.com', '72393');
INSERT INTO `samples_company__worker` VALUES ('4504', '141', 'Worker 3', '4504', '2016-09-01', 'email3@company141.com', '72394');
INSERT INTO `samples_company__worker` VALUES ('4505', '141', 'Worker 4', '4505', '2016-09-01', 'email4@company141.com', '72395');
INSERT INTO `samples_company__worker` VALUES ('4506', '141', 'Worker 5', '4506', '2016-09-01', 'email5@company141.com', '72396');
INSERT INTO `samples_company__worker` VALUES ('4507', '141', 'Worker 6', '4507', '2016-09-01', 'email6@company141.com', '72397');
INSERT INTO `samples_company__worker` VALUES ('4508', '141', 'Worker 7', '4508', '2016-09-01', 'email7@company141.com', '72398');
INSERT INTO `samples_company__worker` VALUES ('4509', '141', 'Worker 8', '4509', '2016-09-01', 'email8@company141.com', '72399');
INSERT INTO `samples_company__worker` VALUES ('4510', '141', 'Worker 9', '4510', '2016-09-01', 'email9@company141.com', '72400');
INSERT INTO `samples_company__worker` VALUES ('4511', '141', 'Worker 10', '4511', '2016-09-01', 'email10@company141.com', '72401');
INSERT INTO `samples_company__worker` VALUES ('4512', '142', 'Worker 1', '4512', '2016-09-01', 'email1@company142.com', '72402');
INSERT INTO `samples_company__worker` VALUES ('4513', '142', 'Worker 2', '4513', '2016-09-01', 'email2@company142.com', '72403');
INSERT INTO `samples_company__worker` VALUES ('4514', '142', 'Worker 3', '4514', '2016-09-01', 'email3@company142.com', '72404');
INSERT INTO `samples_company__worker` VALUES ('4515', '142', 'Worker 4', '4515', '2016-09-01', 'email4@company142.com', '72405');
INSERT INTO `samples_company__worker` VALUES ('4516', '142', 'Worker 5', '4516', '2016-09-01', 'email5@company142.com', '72406');
INSERT INTO `samples_company__worker` VALUES ('4517', '142', 'Worker 6', '4517', '2016-09-01', 'email6@company142.com', '72407');
INSERT INTO `samples_company__worker` VALUES ('4518', '142', 'Worker 7', '4518', '2016-09-01', 'email7@company142.com', '72408');
INSERT INTO `samples_company__worker` VALUES ('4519', '142', 'Worker 8', '4519', '2016-09-01', 'email8@company142.com', '72409');
INSERT INTO `samples_company__worker` VALUES ('4520', '142', 'Worker 9', '4520', '2016-09-01', 'email9@company142.com', '72410');
INSERT INTO `samples_company__worker` VALUES ('4521', '142', 'Worker 10', '4521', '2016-09-01', 'email10@company142.com', '72411');
INSERT INTO `samples_company__worker` VALUES ('4522', '143', 'Worker 1', '4522', '2016-09-01', 'email1@company143.com', '72412');
INSERT INTO `samples_company__worker` VALUES ('4523', '143', 'Worker 2', '4523', '2016-09-01', 'email2@company143.com', '72413');
INSERT INTO `samples_company__worker` VALUES ('4524', '143', 'Worker 3', '4524', '2016-09-01', 'email3@company143.com', '72414');
INSERT INTO `samples_company__worker` VALUES ('4525', '143', 'Worker 4', '4525', '2016-09-01', 'email4@company143.com', '72415');
INSERT INTO `samples_company__worker` VALUES ('4526', '143', 'Worker 5', '4526', '2016-09-01', 'email5@company143.com', '72416');
INSERT INTO `samples_company__worker` VALUES ('4527', '143', 'Worker 6', '4527', '2016-09-01', 'email6@company143.com', '72417');
INSERT INTO `samples_company__worker` VALUES ('4528', '143', 'Worker 7', '4528', '2016-09-01', 'email7@company143.com', '72418');
INSERT INTO `samples_company__worker` VALUES ('4529', '143', 'Worker 8', '4529', '2016-09-01', 'email8@company143.com', '72419');
INSERT INTO `samples_company__worker` VALUES ('4530', '143', 'Worker 9', '4530', '2016-09-01', 'email9@company143.com', '72420');
INSERT INTO `samples_company__worker` VALUES ('4531', '143', 'Worker 10', '4531', '2016-09-01', 'email10@company143.com', '72421');
INSERT INTO `samples_company__worker` VALUES ('4532', '144', 'Worker 1', '4532', '2016-09-01', 'email1@company144.com', '72422');
INSERT INTO `samples_company__worker` VALUES ('4533', '144', 'Worker 2', '4533', '2016-09-01', 'email2@company144.com', '72423');
INSERT INTO `samples_company__worker` VALUES ('4534', '144', 'Worker 3', '4534', '2016-09-01', 'email3@company144.com', '72424');
INSERT INTO `samples_company__worker` VALUES ('4535', '144', 'Worker 4', '4535', '2016-09-01', 'email4@company144.com', '72425');
INSERT INTO `samples_company__worker` VALUES ('4536', '144', 'Worker 5', '4536', '2016-09-01', 'email5@company144.com', '72426');
INSERT INTO `samples_company__worker` VALUES ('4537', '144', 'Worker 6', '4537', '2016-09-01', 'email6@company144.com', '72427');
INSERT INTO `samples_company__worker` VALUES ('4538', '144', 'Worker 7', '4538', '2016-09-01', 'email7@company144.com', '72428');
INSERT INTO `samples_company__worker` VALUES ('4539', '144', 'Worker 8', '4539', '2016-09-01', 'email8@company144.com', '72429');
INSERT INTO `samples_company__worker` VALUES ('4540', '144', 'Worker 9', '4540', '2016-09-01', 'email9@company144.com', '72430');
INSERT INTO `samples_company__worker` VALUES ('4541', '144', 'Worker 10', '4541', '2016-09-01', 'email10@company144.com', '72431');
INSERT INTO `samples_company__worker` VALUES ('4542', '145', 'Worker 1', '4542', '2016-09-01', 'email1@company145.com', '72432');
INSERT INTO `samples_company__worker` VALUES ('4543', '145', 'Worker 2', '4543', '2016-09-01', 'email2@company145.com', '72433');
INSERT INTO `samples_company__worker` VALUES ('4544', '145', 'Worker 3', '4544', '2016-09-01', 'email3@company145.com', '72434');
INSERT INTO `samples_company__worker` VALUES ('4545', '145', 'Worker 4', '4545', '2016-09-01', 'email4@company145.com', '72435');
INSERT INTO `samples_company__worker` VALUES ('4546', '145', 'Worker 5', '4546', '2016-09-01', 'email5@company145.com', '72436');
INSERT INTO `samples_company__worker` VALUES ('4547', '145', 'Worker 6', '4547', '2016-09-01', 'email6@company145.com', '72437');
INSERT INTO `samples_company__worker` VALUES ('4548', '145', 'Worker 7', '4548', '2016-09-01', 'email7@company145.com', '72438');
INSERT INTO `samples_company__worker` VALUES ('4549', '145', 'Worker 8', '4549', '2016-09-01', 'email8@company145.com', '72439');
INSERT INTO `samples_company__worker` VALUES ('4550', '145', 'Worker 9', '4550', '2016-09-01', 'email9@company145.com', '72440');
INSERT INTO `samples_company__worker` VALUES ('4551', '145', 'Worker 10', '4551', '2016-09-01', 'email10@company145.com', '72441');
INSERT INTO `samples_company__worker` VALUES ('4552', '146', 'Worker 1', '4552', '2016-09-01', 'email1@company146.com', '72442');
INSERT INTO `samples_company__worker` VALUES ('4553', '146', 'Worker 2', '4553', '2016-09-01', 'email2@company146.com', '72443');
INSERT INTO `samples_company__worker` VALUES ('4554', '146', 'Worker 3', '4554', '2016-09-01', 'email3@company146.com', '72444');
INSERT INTO `samples_company__worker` VALUES ('4555', '146', 'Worker 4', '4555', '2016-09-01', 'email4@company146.com', '72445');
INSERT INTO `samples_company__worker` VALUES ('4556', '146', 'Worker 5', '4556', '2016-09-01', 'email5@company146.com', '72446');
INSERT INTO `samples_company__worker` VALUES ('4557', '146', 'Worker 6', '4557', '2016-09-01', 'email6@company146.com', '72447');
INSERT INTO `samples_company__worker` VALUES ('4558', '146', 'Worker 7', '4558', '2016-09-01', 'email7@company146.com', '72448');
INSERT INTO `samples_company__worker` VALUES ('4559', '146', 'Worker 8', '4559', '2016-09-01', 'email8@company146.com', '72449');
INSERT INTO `samples_company__worker` VALUES ('4560', '146', 'Worker 9', '4560', '2016-09-01', 'email9@company146.com', '72450');
INSERT INTO `samples_company__worker` VALUES ('4561', '146', 'Worker 10', '4561', '2016-09-01', 'email10@company146.com', '72451');
INSERT INTO `samples_company__worker` VALUES ('4562', '147', 'Worker 1', '4562', '2016-09-01', 'email1@company147.com', '72452');
INSERT INTO `samples_company__worker` VALUES ('4563', '147', 'Worker 2', '4563', '2016-09-01', 'email2@company147.com', '72453');
INSERT INTO `samples_company__worker` VALUES ('4564', '147', 'Worker 3', '4564', '2016-09-01', 'email3@company147.com', '72454');
INSERT INTO `samples_company__worker` VALUES ('4565', '147', 'Worker 4', '4565', '2016-09-01', 'email4@company147.com', '72455');
INSERT INTO `samples_company__worker` VALUES ('4566', '147', 'Worker 5', '4566', '2016-09-01', 'email5@company147.com', '72456');
INSERT INTO `samples_company__worker` VALUES ('4567', '147', 'Worker 6', '4567', '2016-09-01', 'email6@company147.com', '72457');
INSERT INTO `samples_company__worker` VALUES ('4568', '147', 'Worker 7', '4568', '2016-09-01', 'email7@company147.com', '72458');
INSERT INTO `samples_company__worker` VALUES ('4569', '147', 'Worker 8', '4569', '2016-09-01', 'email8@company147.com', '72459');
INSERT INTO `samples_company__worker` VALUES ('4570', '147', 'Worker 9', '4570', '2016-09-01', 'email9@company147.com', '72460');
INSERT INTO `samples_company__worker` VALUES ('4571', '147', 'Worker 10', '4571', '2016-09-01', 'email10@company147.com', '72461');
INSERT INTO `samples_company__worker` VALUES ('4572', '148', 'Worker 1', '4572', '2016-09-01', 'email1@company148.com', '72462');
INSERT INTO `samples_company__worker` VALUES ('4573', '148', 'Worker 2', '4573', '2016-09-01', 'email2@company148.com', '72463');
INSERT INTO `samples_company__worker` VALUES ('4574', '148', 'Worker 3', '4574', '2016-09-01', 'email3@company148.com', '72464');
INSERT INTO `samples_company__worker` VALUES ('4575', '148', 'Worker 4', '4575', '2016-09-01', 'email4@company148.com', '72465');
INSERT INTO `samples_company__worker` VALUES ('4576', '148', 'Worker 5', '4576', '2016-09-01', 'email5@company148.com', '72466');
INSERT INTO `samples_company__worker` VALUES ('4577', '148', 'Worker 6', '4577', '2016-09-01', 'email6@company148.com', '72467');
INSERT INTO `samples_company__worker` VALUES ('4578', '148', 'Worker 7', '4578', '2016-09-01', 'email7@company148.com', '72468');
INSERT INTO `samples_company__worker` VALUES ('4579', '148', 'Worker 8', '4579', '2016-09-01', 'email8@company148.com', '72469');
INSERT INTO `samples_company__worker` VALUES ('4580', '148', 'Worker 9', '4580', '2016-09-01', 'email9@company148.com', '72470');
INSERT INTO `samples_company__worker` VALUES ('4581', '148', 'Worker 10', '4581', '2016-09-01', 'email10@company148.com', '72471');
INSERT INTO `samples_company__worker` VALUES ('4582', '149', 'Worker 1', '4582', '2016-09-01', 'email1@company149.com', '72472');
INSERT INTO `samples_company__worker` VALUES ('4583', '149', 'Worker 2', '4583', '2016-09-01', 'email2@company149.com', '72473');
INSERT INTO `samples_company__worker` VALUES ('4584', '149', 'Worker 3', '4584', '2016-09-01', 'email3@company149.com', '72474');
INSERT INTO `samples_company__worker` VALUES ('4585', '149', 'Worker 4', '4585', '2016-09-01', 'email4@company149.com', '72475');
INSERT INTO `samples_company__worker` VALUES ('4586', '149', 'Worker 5', '4586', '2016-09-01', 'email5@company149.com', '72476');
INSERT INTO `samples_company__worker` VALUES ('4587', '149', 'Worker 6', '4587', '2016-09-01', 'email6@company149.com', '72477');
INSERT INTO `samples_company__worker` VALUES ('4588', '149', 'Worker 7', '4588', '2016-09-01', 'email7@company149.com', '72478');
INSERT INTO `samples_company__worker` VALUES ('4589', '149', 'Worker 8', '4589', '2016-09-01', 'email8@company149.com', '72479');
INSERT INTO `samples_company__worker` VALUES ('4590', '149', 'Worker 9', '4590', '2016-09-01', 'email9@company149.com', '72480');
INSERT INTO `samples_company__worker` VALUES ('4591', '149', 'Worker 10', '4591', '2016-09-01', 'email10@company149.com', '72481');
INSERT INTO `samples_company__worker` VALUES ('4592', '150', 'Worker 1', '4592', '2016-09-01', 'email1@company150.com', '72482');
INSERT INTO `samples_company__worker` VALUES ('4593', '150', 'Worker 2', '4593', '2016-09-01', 'email2@company150.com', '72483');
INSERT INTO `samples_company__worker` VALUES ('4594', '150', 'Worker 3', '4594', '2016-09-01', 'email3@company150.com', '72484');
INSERT INTO `samples_company__worker` VALUES ('4595', '150', 'Worker 4', '4595', '2016-09-01', 'email4@company150.com', '72485');
INSERT INTO `samples_company__worker` VALUES ('4596', '150', 'Worker 5', '4596', '2016-09-01', 'email5@company150.com', '72486');
INSERT INTO `samples_company__worker` VALUES ('4597', '150', 'Worker 6', '4597', '2016-09-01', 'email6@company150.com', '72487');
INSERT INTO `samples_company__worker` VALUES ('4598', '150', 'Worker 7', '4598', '2016-09-01', 'email7@company150.com', '72488');
INSERT INTO `samples_company__worker` VALUES ('4599', '150', 'Worker 8', '4599', '2016-09-01', 'email8@company150.com', '72489');
INSERT INTO `samples_company__worker` VALUES ('4600', '150', 'Worker 9', '4600', '2016-09-01', 'email9@company150.com', '72490');
INSERT INTO `samples_company__worker` VALUES ('4601', '150', 'Worker 10', '4601', '2016-09-01', 'email10@company150.com', '72491');
INSERT INTO `samples_company__worker` VALUES ('4602', '151', 'Worker 1', '4602', '2016-09-01', 'email1@company151.com', '72492');
INSERT INTO `samples_company__worker` VALUES ('4603', '151', 'Worker 2', '4603', '2016-09-01', 'email2@company151.com', '72493');
INSERT INTO `samples_company__worker` VALUES ('4604', '151', 'Worker 3', '4604', '2016-09-01', 'email3@company151.com', '72494');
INSERT INTO `samples_company__worker` VALUES ('4605', '151', 'Worker 4', '4605', '2016-09-01', 'email4@company151.com', '72495');
INSERT INTO `samples_company__worker` VALUES ('4606', '151', 'Worker 5', '4606', '2016-09-01', 'email5@company151.com', '72496');
INSERT INTO `samples_company__worker` VALUES ('4607', '151', 'Worker 6', '4607', '2016-09-01', 'email6@company151.com', '72497');
INSERT INTO `samples_company__worker` VALUES ('4608', '151', 'Worker 7', '4608', '2016-09-01', 'email7@company151.com', '72498');
INSERT INTO `samples_company__worker` VALUES ('4609', '151', 'Worker 8', '4609', '2016-09-01', 'email8@company151.com', '72499');
INSERT INTO `samples_company__worker` VALUES ('4610', '151', 'Worker 9', '4610', '2016-09-01', 'email9@company151.com', '72500');
INSERT INTO `samples_company__worker` VALUES ('4611', '151', 'Worker 10', '4611', '2016-09-01', 'email10@company151.com', '72501');
INSERT INTO `samples_company__worker` VALUES ('4612', '152', 'Worker 1', '4612', '2016-09-01', 'email1@company152.com', '72502');
INSERT INTO `samples_company__worker` VALUES ('4613', '152', 'Worker 2', '4613', '2016-09-01', 'email2@company152.com', '72503');
INSERT INTO `samples_company__worker` VALUES ('4614', '152', 'Worker 3', '4614', '2016-09-01', 'email3@company152.com', '72504');
INSERT INTO `samples_company__worker` VALUES ('4615', '152', 'Worker 4', '4615', '2016-09-01', 'email4@company152.com', '72505');
INSERT INTO `samples_company__worker` VALUES ('4616', '152', 'Worker 5', '4616', '2016-09-01', 'email5@company152.com', '72506');
INSERT INTO `samples_company__worker` VALUES ('4617', '152', 'Worker 6', '4617', '2016-09-01', 'email6@company152.com', '72507');
INSERT INTO `samples_company__worker` VALUES ('4618', '152', 'Worker 7', '4618', '2016-09-01', 'email7@company152.com', '72508');
INSERT INTO `samples_company__worker` VALUES ('4619', '152', 'Worker 8', '4619', '2016-09-01', 'email8@company152.com', '72509');
INSERT INTO `samples_company__worker` VALUES ('4620', '152', 'Worker 9', '4620', '2016-09-01', 'email9@company152.com', '72510');
INSERT INTO `samples_company__worker` VALUES ('4621', '152', 'Worker 10', '4621', '2016-09-01', 'email10@company152.com', '72511');
INSERT INTO `samples_company__worker` VALUES ('4622', '153', 'Worker 1', '4622', '2016-09-01', 'email1@company153.com', '72512');
INSERT INTO `samples_company__worker` VALUES ('4623', '153', 'Worker 2', '4623', '2016-09-01', 'email2@company153.com', '72513');
INSERT INTO `samples_company__worker` VALUES ('4624', '153', 'Worker 3', '4624', '2016-09-01', 'email3@company153.com', '72514');
INSERT INTO `samples_company__worker` VALUES ('4625', '153', 'Worker 4', '4625', '2016-09-01', 'email4@company153.com', '72515');
INSERT INTO `samples_company__worker` VALUES ('4626', '153', 'Worker 5', '4626', '2016-09-01', 'email5@company153.com', '72516');
INSERT INTO `samples_company__worker` VALUES ('4627', '153', 'Worker 6', '4627', '2016-09-01', 'email6@company153.com', '72517');
INSERT INTO `samples_company__worker` VALUES ('4628', '153', 'Worker 7', '4628', '2016-09-01', 'email7@company153.com', '72518');
INSERT INTO `samples_company__worker` VALUES ('4629', '153', 'Worker 8', '4629', '2016-09-01', 'email8@company153.com', '72519');
INSERT INTO `samples_company__worker` VALUES ('4630', '153', 'Worker 9', '4630', '2016-09-01', 'email9@company153.com', '72520');
INSERT INTO `samples_company__worker` VALUES ('4631', '153', 'Worker 10', '4631', '2016-09-01', 'email10@company153.com', '72521');
INSERT INTO `samples_company__worker` VALUES ('4632', '154', 'Worker 1', '4632', '2016-09-01', 'email1@company154.com', '72522');
INSERT INTO `samples_company__worker` VALUES ('4633', '154', 'Worker 2', '4633', '2016-09-01', 'email2@company154.com', '72523');
INSERT INTO `samples_company__worker` VALUES ('4634', '154', 'Worker 3', '4634', '2016-09-01', 'email3@company154.com', '72524');
INSERT INTO `samples_company__worker` VALUES ('4635', '154', 'Worker 4', '4635', '2016-09-01', 'email4@company154.com', '72525');
INSERT INTO `samples_company__worker` VALUES ('4636', '154', 'Worker 5', '4636', '2016-09-01', 'email5@company154.com', '72526');
INSERT INTO `samples_company__worker` VALUES ('4637', '154', 'Worker 6', '4637', '2016-09-01', 'email6@company154.com', '72527');
INSERT INTO `samples_company__worker` VALUES ('4638', '154', 'Worker 7', '4638', '2016-09-01', 'email7@company154.com', '72528');
INSERT INTO `samples_company__worker` VALUES ('4639', '154', 'Worker 8', '4639', '2016-09-01', 'email8@company154.com', '72529');
INSERT INTO `samples_company__worker` VALUES ('4640', '154', 'Worker 9', '4640', '2016-09-01', 'email9@company154.com', '72530');
INSERT INTO `samples_company__worker` VALUES ('4641', '154', 'Worker 10', '4641', '2016-09-01', 'email10@company154.com', '72531');
INSERT INTO `samples_company__worker` VALUES ('4642', '155', 'Worker 1', '4642', '2016-09-01', 'email1@company155.com', '72532');
INSERT INTO `samples_company__worker` VALUES ('4643', '155', 'Worker 2', '4643', '2016-09-01', 'email2@company155.com', '72533');
INSERT INTO `samples_company__worker` VALUES ('4644', '155', 'Worker 3', '4644', '2016-09-01', 'email3@company155.com', '72534');
INSERT INTO `samples_company__worker` VALUES ('4645', '155', 'Worker 4', '4645', '2016-09-01', 'email4@company155.com', '72535');
INSERT INTO `samples_company__worker` VALUES ('4646', '155', 'Worker 5', '4646', '2016-09-01', 'email5@company155.com', '72536');
INSERT INTO `samples_company__worker` VALUES ('4647', '155', 'Worker 6', '4647', '2016-09-01', 'email6@company155.com', '72537');
INSERT INTO `samples_company__worker` VALUES ('4648', '155', 'Worker 7', '4648', '2016-09-01', 'email7@company155.com', '72538');
INSERT INTO `samples_company__worker` VALUES ('4649', '155', 'Worker 8', '4649', '2016-09-01', 'email8@company155.com', '72539');
INSERT INTO `samples_company__worker` VALUES ('4650', '155', 'Worker 9', '4650', '2016-09-01', 'email9@company155.com', '72540');
INSERT INTO `samples_company__worker` VALUES ('4651', '155', 'Worker 10', '4651', '2016-09-01', 'email10@company155.com', '72541');
INSERT INTO `samples_company__worker` VALUES ('4652', '156', 'Worker 1', '4652', '2016-09-01', 'email1@company156.com', '72542');
INSERT INTO `samples_company__worker` VALUES ('4653', '156', 'Worker 2', '4653', '2016-09-01', 'email2@company156.com', '72543');
INSERT INTO `samples_company__worker` VALUES ('4654', '156', 'Worker 3', '4654', '2016-09-01', 'email3@company156.com', '72544');
INSERT INTO `samples_company__worker` VALUES ('4655', '156', 'Worker 4', '4655', '2016-09-01', 'email4@company156.com', '72545');
INSERT INTO `samples_company__worker` VALUES ('4656', '156', 'Worker 5', '4656', '2016-09-01', 'email5@company156.com', '72546');
INSERT INTO `samples_company__worker` VALUES ('4657', '156', 'Worker 6', '4657', '2016-09-01', 'email6@company156.com', '72547');
INSERT INTO `samples_company__worker` VALUES ('4658', '156', 'Worker 7', '4658', '2016-09-01', 'email7@company156.com', '72548');
INSERT INTO `samples_company__worker` VALUES ('4659', '156', 'Worker 8', '4659', '2016-09-01', 'email8@company156.com', '72549');
INSERT INTO `samples_company__worker` VALUES ('4660', '156', 'Worker 9', '4660', '2016-09-01', 'email9@company156.com', '72550');
INSERT INTO `samples_company__worker` VALUES ('4661', '156', 'Worker 10', '4661', '2016-09-01', 'email10@company156.com', '72551');
INSERT INTO `samples_company__worker` VALUES ('4662', '157', 'Worker 1', '4662', '2016-09-01', 'email1@company157.com', '72552');
INSERT INTO `samples_company__worker` VALUES ('4663', '157', 'Worker 2', '4663', '2016-09-01', 'email2@company157.com', '72553');
INSERT INTO `samples_company__worker` VALUES ('4664', '157', 'Worker 3', '4664', '2016-09-01', 'email3@company157.com', '72554');
INSERT INTO `samples_company__worker` VALUES ('4665', '157', 'Worker 4', '4665', '2016-09-01', 'email4@company157.com', '72555');
INSERT INTO `samples_company__worker` VALUES ('4666', '157', 'Worker 5', '4666', '2016-09-01', 'email5@company157.com', '72556');
INSERT INTO `samples_company__worker` VALUES ('4667', '157', 'Worker 6', '4667', '2016-09-01', 'email6@company157.com', '72557');
INSERT INTO `samples_company__worker` VALUES ('4668', '157', 'Worker 7', '4668', '2016-09-01', 'email7@company157.com', '72558');
INSERT INTO `samples_company__worker` VALUES ('4669', '157', 'Worker 8', '4669', '2016-09-01', 'email8@company157.com', '72559');
INSERT INTO `samples_company__worker` VALUES ('4670', '157', 'Worker 9', '4670', '2016-09-01', 'email9@company157.com', '72560');
INSERT INTO `samples_company__worker` VALUES ('4671', '157', 'Worker 10', '4671', '2016-09-01', 'email10@company157.com', '72561');
INSERT INTO `samples_company__worker` VALUES ('4672', '158', 'Worker 1', '4672', '2016-09-01', 'email1@company158.com', '72562');
INSERT INTO `samples_company__worker` VALUES ('4673', '158', 'Worker 2', '4673', '2016-09-01', 'email2@company158.com', '72563');
INSERT INTO `samples_company__worker` VALUES ('4674', '158', 'Worker 3', '4674', '2016-09-01', 'email3@company158.com', '72564');
INSERT INTO `samples_company__worker` VALUES ('4675', '158', 'Worker 4', '4675', '2016-09-01', 'email4@company158.com', '72565');
INSERT INTO `samples_company__worker` VALUES ('4676', '158', 'Worker 5', '4676', '2016-09-01', 'email5@company158.com', '72566');
INSERT INTO `samples_company__worker` VALUES ('4677', '158', 'Worker 6', '4677', '2016-09-01', 'email6@company158.com', '72567');
INSERT INTO `samples_company__worker` VALUES ('4678', '158', 'Worker 7', '4678', '2016-09-01', 'email7@company158.com', '72568');
INSERT INTO `samples_company__worker` VALUES ('4679', '158', 'Worker 8', '4679', '2016-09-01', 'email8@company158.com', '72569');
INSERT INTO `samples_company__worker` VALUES ('4680', '158', 'Worker 9', '4680', '2016-09-01', 'email9@company158.com', '72570');
INSERT INTO `samples_company__worker` VALUES ('4681', '158', 'Worker 10', '4681', '2016-09-01', 'email10@company158.com', '72571');
INSERT INTO `samples_company__worker` VALUES ('4682', '159', 'Worker 1', '4682', '2016-09-01', 'email1@company159.com', '72572');
INSERT INTO `samples_company__worker` VALUES ('4683', '159', 'Worker 2', '4683', '2016-09-01', 'email2@company159.com', '72573');
INSERT INTO `samples_company__worker` VALUES ('4684', '159', 'Worker 3', '4684', '2016-09-01', 'email3@company159.com', '72574');
INSERT INTO `samples_company__worker` VALUES ('4685', '159', 'Worker 4', '4685', '2016-09-01', 'email4@company159.com', '72575');
INSERT INTO `samples_company__worker` VALUES ('4686', '159', 'Worker 5', '4686', '2016-09-01', 'email5@company159.com', '72576');
INSERT INTO `samples_company__worker` VALUES ('4687', '159', 'Worker 6', '4687', '2016-09-01', 'email6@company159.com', '72577');
INSERT INTO `samples_company__worker` VALUES ('4688', '159', 'Worker 7', '4688', '2016-09-01', 'email7@company159.com', '72578');
INSERT INTO `samples_company__worker` VALUES ('4689', '159', 'Worker 8', '4689', '2016-09-01', 'email8@company159.com', '72579');
INSERT INTO `samples_company__worker` VALUES ('4690', '159', 'Worker 9', '4690', '2016-09-01', 'email9@company159.com', '72580');
INSERT INTO `samples_company__worker` VALUES ('4691', '159', 'Worker 10', '4691', '2016-09-01', 'email10@company159.com', '72581');
INSERT INTO `samples_company__worker` VALUES ('4692', '160', 'Worker 1', '4692', '2016-09-01', 'email1@company160.com', '72582');
INSERT INTO `samples_company__worker` VALUES ('4693', '160', 'Worker 2', '4693', '2016-09-01', 'email2@company160.com', '72583');
INSERT INTO `samples_company__worker` VALUES ('4694', '160', 'Worker 3', '4694', '2016-09-01', 'email3@company160.com', '72584');
INSERT INTO `samples_company__worker` VALUES ('4695', '160', 'Worker 4', '4695', '2016-09-01', 'email4@company160.com', '72585');
INSERT INTO `samples_company__worker` VALUES ('4696', '160', 'Worker 5', '4696', '2016-09-01', 'email5@company160.com', '72586');
INSERT INTO `samples_company__worker` VALUES ('4697', '160', 'Worker 6', '4697', '2016-09-01', 'email6@company160.com', '72587');
INSERT INTO `samples_company__worker` VALUES ('4698', '160', 'Worker 7', '4698', '2016-09-01', 'email7@company160.com', '72588');
INSERT INTO `samples_company__worker` VALUES ('4699', '160', 'Worker 8', '4699', '2016-09-01', 'email8@company160.com', '72589');
INSERT INTO `samples_company__worker` VALUES ('4700', '160', 'Worker 9', '4700', '2016-09-01', 'email9@company160.com', '72590');
INSERT INTO `samples_company__worker` VALUES ('4701', '160', 'Worker 10', '4701', '2016-09-01', 'email10@company160.com', '72591');
INSERT INTO `samples_company__worker` VALUES ('4702', '161', 'Worker 1', '4702', '2016-09-01', 'email1@company161.com', '72592');
INSERT INTO `samples_company__worker` VALUES ('4703', '161', 'Worker 2', '4703', '2016-09-01', 'email2@company161.com', '72593');
INSERT INTO `samples_company__worker` VALUES ('4704', '161', 'Worker 3', '4704', '2016-09-01', 'email3@company161.com', '72594');
INSERT INTO `samples_company__worker` VALUES ('4705', '161', 'Worker 4', '4705', '2016-09-01', 'email4@company161.com', '72595');
INSERT INTO `samples_company__worker` VALUES ('4706', '161', 'Worker 5', '4706', '2016-09-01', 'email5@company161.com', '72596');
INSERT INTO `samples_company__worker` VALUES ('4707', '161', 'Worker 6', '4707', '2016-09-01', 'email6@company161.com', '72597');
INSERT INTO `samples_company__worker` VALUES ('4708', '161', 'Worker 7', '4708', '2016-09-01', 'email7@company161.com', '72598');
INSERT INTO `samples_company__worker` VALUES ('4709', '161', 'Worker 8', '4709', '2016-09-01', 'email8@company161.com', '72599');
INSERT INTO `samples_company__worker` VALUES ('4710', '161', 'Worker 9', '4710', '2016-09-01', 'email9@company161.com', '72600');
INSERT INTO `samples_company__worker` VALUES ('4711', '161', 'Worker 10', '4711', '2016-09-01', 'email10@company161.com', '72601');
INSERT INTO `samples_company__worker` VALUES ('4712', '162', 'Worker 1', '4712', '2016-09-01', 'email1@company162.com', '72602');
INSERT INTO `samples_company__worker` VALUES ('4713', '162', 'Worker 2', '4713', '2016-09-01', 'email2@company162.com', '72603');
INSERT INTO `samples_company__worker` VALUES ('4714', '162', 'Worker 3', '4714', '2016-09-01', 'email3@company162.com', '72604');
INSERT INTO `samples_company__worker` VALUES ('4715', '162', 'Worker 4', '4715', '2016-09-01', 'email4@company162.com', '72605');
INSERT INTO `samples_company__worker` VALUES ('4716', '162', 'Worker 5', '4716', '2016-09-01', 'email5@company162.com', '72606');
INSERT INTO `samples_company__worker` VALUES ('4717', '162', 'Worker 6', '4717', '2016-09-01', 'email6@company162.com', '72607');
INSERT INTO `samples_company__worker` VALUES ('4718', '162', 'Worker 7', '4718', '2016-09-01', 'email7@company162.com', '72608');
INSERT INTO `samples_company__worker` VALUES ('4719', '162', 'Worker 8', '4719', '2016-09-01', 'email8@company162.com', '72609');
INSERT INTO `samples_company__worker` VALUES ('4720', '162', 'Worker 9', '4720', '2016-09-01', 'email9@company162.com', '72610');
INSERT INTO `samples_company__worker` VALUES ('4721', '162', 'Worker 10', '4721', '2016-09-01', 'email10@company162.com', '72611');
INSERT INTO `samples_company__worker` VALUES ('4722', '163', 'Worker 1', '4722', '2016-09-01', 'email1@company163.com', '72612');
INSERT INTO `samples_company__worker` VALUES ('4723', '163', 'Worker 2', '4723', '2016-09-01', 'email2@company163.com', '72613');
INSERT INTO `samples_company__worker` VALUES ('4724', '163', 'Worker 3', '4724', '2016-09-01', 'email3@company163.com', '72614');
INSERT INTO `samples_company__worker` VALUES ('4725', '163', 'Worker 4', '4725', '2016-09-01', 'email4@company163.com', '72615');
INSERT INTO `samples_company__worker` VALUES ('4726', '163', 'Worker 5', '4726', '2016-09-01', 'email5@company163.com', '72616');
INSERT INTO `samples_company__worker` VALUES ('4727', '163', 'Worker 6', '4727', '2016-09-01', 'email6@company163.com', '72617');
INSERT INTO `samples_company__worker` VALUES ('4728', '163', 'Worker 7', '4728', '2016-09-01', 'email7@company163.com', '72618');
INSERT INTO `samples_company__worker` VALUES ('4729', '163', 'Worker 8', '4729', '2016-09-01', 'email8@company163.com', '72619');
INSERT INTO `samples_company__worker` VALUES ('4730', '163', 'Worker 9', '4730', '2016-09-01', 'email9@company163.com', '72620');
INSERT INTO `samples_company__worker` VALUES ('4731', '163', 'Worker 10', '4731', '2016-09-01', 'email10@company163.com', '72621');
INSERT INTO `samples_company__worker` VALUES ('4732', '164', 'Worker 1', '4732', '2016-09-01', 'email1@company164.com', '72622');
INSERT INTO `samples_company__worker` VALUES ('4733', '164', 'Worker 2', '4733', '2016-09-01', 'email2@company164.com', '72623');
INSERT INTO `samples_company__worker` VALUES ('4734', '164', 'Worker 3', '4734', '2016-09-01', 'email3@company164.com', '72624');
INSERT INTO `samples_company__worker` VALUES ('4735', '164', 'Worker 4', '4735', '2016-09-01', 'email4@company164.com', '72625');
INSERT INTO `samples_company__worker` VALUES ('4736', '164', 'Worker 5', '4736', '2016-09-01', 'email5@company164.com', '72626');
INSERT INTO `samples_company__worker` VALUES ('4737', '164', 'Worker 6', '4737', '2016-09-01', 'email6@company164.com', '72627');
INSERT INTO `samples_company__worker` VALUES ('4738', '164', 'Worker 7', '4738', '2016-09-01', 'email7@company164.com', '72628');
INSERT INTO `samples_company__worker` VALUES ('4739', '164', 'Worker 8', '4739', '2016-09-01', 'email8@company164.com', '72629');
INSERT INTO `samples_company__worker` VALUES ('4740', '164', 'Worker 9', '4740', '2016-09-01', 'email9@company164.com', '72630');
INSERT INTO `samples_company__worker` VALUES ('4741', '164', 'Worker 10', '4741', '2016-09-01', 'email10@company164.com', '72631');
INSERT INTO `samples_company__worker` VALUES ('4742', '165', 'Worker 1', '4742', '2016-09-01', 'email1@company165.com', '72632');
INSERT INTO `samples_company__worker` VALUES ('4743', '165', 'Worker 2', '4743', '2016-09-01', 'email2@company165.com', '72633');
INSERT INTO `samples_company__worker` VALUES ('4744', '165', 'Worker 3', '4744', '2016-09-01', 'email3@company165.com', '72634');
INSERT INTO `samples_company__worker` VALUES ('4745', '165', 'Worker 4', '4745', '2016-09-01', 'email4@company165.com', '72635');
INSERT INTO `samples_company__worker` VALUES ('4746', '165', 'Worker 5', '4746', '2016-09-01', 'email5@company165.com', '72636');
INSERT INTO `samples_company__worker` VALUES ('4747', '165', 'Worker 6', '4747', '2016-09-01', 'email6@company165.com', '72637');
INSERT INTO `samples_company__worker` VALUES ('4748', '165', 'Worker 7', '4748', '2016-09-01', 'email7@company165.com', '72638');
INSERT INTO `samples_company__worker` VALUES ('4749', '165', 'Worker 8', '4749', '2016-09-01', 'email8@company165.com', '72639');
INSERT INTO `samples_company__worker` VALUES ('4750', '165', 'Worker 9', '4750', '2016-09-01', 'email9@company165.com', '72640');
INSERT INTO `samples_company__worker` VALUES ('4751', '165', 'Worker 10', '4751', '2016-09-01', 'email10@company165.com', '72641');
INSERT INTO `samples_company__worker` VALUES ('4752', '166', 'Worker 1', '4752', '2016-09-01', 'email1@company166.com', '72642');
INSERT INTO `samples_company__worker` VALUES ('4753', '166', 'Worker 2', '4753', '2016-09-01', 'email2@company166.com', '72643');
INSERT INTO `samples_company__worker` VALUES ('4754', '166', 'Worker 3', '4754', '2016-09-01', 'email3@company166.com', '72644');
INSERT INTO `samples_company__worker` VALUES ('4755', '166', 'Worker 4', '4755', '2016-09-01', 'email4@company166.com', '72645');
INSERT INTO `samples_company__worker` VALUES ('4756', '166', 'Worker 5', '4756', '2016-09-01', 'email5@company166.com', '72646');
INSERT INTO `samples_company__worker` VALUES ('4757', '166', 'Worker 6', '4757', '2016-09-01', 'email6@company166.com', '72647');
INSERT INTO `samples_company__worker` VALUES ('4758', '166', 'Worker 7', '4758', '2016-09-01', 'email7@company166.com', '72648');
INSERT INTO `samples_company__worker` VALUES ('4759', '166', 'Worker 8', '4759', '2016-09-01', 'email8@company166.com', '72649');
INSERT INTO `samples_company__worker` VALUES ('4760', '166', 'Worker 9', '4760', '2016-09-01', 'email9@company166.com', '72650');
INSERT INTO `samples_company__worker` VALUES ('4761', '166', 'Worker 10', '4761', '2016-09-01', 'email10@company166.com', '72651');
INSERT INTO `samples_company__worker` VALUES ('4762', '167', 'Worker 1', '4762', '2016-09-01', 'email1@company167.com', '72652');
INSERT INTO `samples_company__worker` VALUES ('4763', '167', 'Worker 2', '4763', '2016-09-01', 'email2@company167.com', '72653');
INSERT INTO `samples_company__worker` VALUES ('4764', '167', 'Worker 3', '4764', '2016-09-01', 'email3@company167.com', '72654');
INSERT INTO `samples_company__worker` VALUES ('4765', '167', 'Worker 4', '4765', '2016-09-01', 'email4@company167.com', '72655');
INSERT INTO `samples_company__worker` VALUES ('4766', '167', 'Worker 5', '4766', '2016-09-01', 'email5@company167.com', '72656');
INSERT INTO `samples_company__worker` VALUES ('4767', '167', 'Worker 6', '4767', '2016-09-01', 'email6@company167.com', '72657');
INSERT INTO `samples_company__worker` VALUES ('4768', '167', 'Worker 7', '4768', '2016-09-01', 'email7@company167.com', '72658');
INSERT INTO `samples_company__worker` VALUES ('4769', '167', 'Worker 8', '4769', '2016-09-01', 'email8@company167.com', '72659');
INSERT INTO `samples_company__worker` VALUES ('4770', '167', 'Worker 9', '4770', '2016-09-01', 'email9@company167.com', '72660');
INSERT INTO `samples_company__worker` VALUES ('4771', '167', 'Worker 10', '4771', '2016-09-01', 'email10@company167.com', '72661');
INSERT INTO `samples_company__worker` VALUES ('4772', '168', 'Worker 1', '4772', '2016-09-01', 'email1@company168.com', '72662');
INSERT INTO `samples_company__worker` VALUES ('4773', '168', 'Worker 2', '4773', '2016-09-01', 'email2@company168.com', '72663');
INSERT INTO `samples_company__worker` VALUES ('4774', '168', 'Worker 3', '4774', '2016-09-01', 'email3@company168.com', '72664');
INSERT INTO `samples_company__worker` VALUES ('4775', '168', 'Worker 4', '4775', '2016-09-01', 'email4@company168.com', '72665');
INSERT INTO `samples_company__worker` VALUES ('4776', '168', 'Worker 5', '4776', '2016-09-01', 'email5@company168.com', '72666');
INSERT INTO `samples_company__worker` VALUES ('4777', '168', 'Worker 6', '4777', '2016-09-01', 'email6@company168.com', '72667');
INSERT INTO `samples_company__worker` VALUES ('4778', '168', 'Worker 7', '4778', '2016-09-01', 'email7@company168.com', '72668');
INSERT INTO `samples_company__worker` VALUES ('4779', '168', 'Worker 8', '4779', '2016-09-01', 'email8@company168.com', '72669');
INSERT INTO `samples_company__worker` VALUES ('4780', '168', 'Worker 9', '4780', '2016-09-01', 'email9@company168.com', '72670');
INSERT INTO `samples_company__worker` VALUES ('4781', '168', 'Worker 10', '4781', '2016-09-01', 'email10@company168.com', '72671');
INSERT INTO `samples_company__worker` VALUES ('4782', '169', 'Worker 1', '4782', '2016-09-01', 'email1@company169.com', '72672');
INSERT INTO `samples_company__worker` VALUES ('4783', '169', 'Worker 2', '4783', '2016-09-01', 'email2@company169.com', '72673');
INSERT INTO `samples_company__worker` VALUES ('4784', '169', 'Worker 3', '4784', '2016-09-01', 'email3@company169.com', '72674');
INSERT INTO `samples_company__worker` VALUES ('4785', '169', 'Worker 4', '4785', '2016-09-01', 'email4@company169.com', '72675');
INSERT INTO `samples_company__worker` VALUES ('4786', '169', 'Worker 5', '4786', '2016-09-01', 'email5@company169.com', '72676');
INSERT INTO `samples_company__worker` VALUES ('4787', '169', 'Worker 6', '4787', '2016-09-01', 'email6@company169.com', '72677');
INSERT INTO `samples_company__worker` VALUES ('4788', '169', 'Worker 7', '4788', '2016-09-01', 'email7@company169.com', '72678');
INSERT INTO `samples_company__worker` VALUES ('4789', '169', 'Worker 8', '4789', '2016-09-01', 'email8@company169.com', '72679');
INSERT INTO `samples_company__worker` VALUES ('4790', '169', 'Worker 9', '4790', '2016-09-01', 'email9@company169.com', '72680');
INSERT INTO `samples_company__worker` VALUES ('4791', '169', 'Worker 10', '4791', '2016-09-01', 'email10@company169.com', '72681');
INSERT INTO `samples_company__worker` VALUES ('4792', '170', 'Worker 1', '4792', '2016-09-01', 'email1@company170.com', '72682');
INSERT INTO `samples_company__worker` VALUES ('4793', '170', 'Worker 2', '4793', '2016-09-01', 'email2@company170.com', '72683');
INSERT INTO `samples_company__worker` VALUES ('4794', '170', 'Worker 3', '4794', '2016-09-01', 'email3@company170.com', '72684');
INSERT INTO `samples_company__worker` VALUES ('4795', '170', 'Worker 4', '4795', '2016-09-01', 'email4@company170.com', '72685');
INSERT INTO `samples_company__worker` VALUES ('4796', '170', 'Worker 5', '4796', '2016-09-01', 'email5@company170.com', '72686');
INSERT INTO `samples_company__worker` VALUES ('4797', '170', 'Worker 6', '4797', '2016-09-01', 'email6@company170.com', '72687');
INSERT INTO `samples_company__worker` VALUES ('4798', '170', 'Worker 7', '4798', '2016-09-01', 'email7@company170.com', '72688');
INSERT INTO `samples_company__worker` VALUES ('4799', '170', 'Worker 8', '4799', '2016-09-01', 'email8@company170.com', '72689');
INSERT INTO `samples_company__worker` VALUES ('4800', '170', 'Worker 9', '4800', '2016-09-01', 'email9@company170.com', '72690');
INSERT INTO `samples_company__worker` VALUES ('4801', '170', 'Worker 10', '4801', '2016-09-01', 'email10@company170.com', '72691');
INSERT INTO `samples_company__worker` VALUES ('4802', '171', 'Worker 1', '4802', '2016-09-01', 'email1@company171.com', '72692');
INSERT INTO `samples_company__worker` VALUES ('4803', '171', 'Worker 2', '4803', '2016-09-01', 'email2@company171.com', '72693');
INSERT INTO `samples_company__worker` VALUES ('4804', '171', 'Worker 3', '4804', '2016-09-01', 'email3@company171.com', '72694');
INSERT INTO `samples_company__worker` VALUES ('4805', '171', 'Worker 4', '4805', '2016-09-01', 'email4@company171.com', '72695');
INSERT INTO `samples_company__worker` VALUES ('4806', '171', 'Worker 5', '4806', '2016-09-01', 'email5@company171.com', '72696');
INSERT INTO `samples_company__worker` VALUES ('4807', '171', 'Worker 6', '4807', '2016-09-01', 'email6@company171.com', '72697');
INSERT INTO `samples_company__worker` VALUES ('4808', '171', 'Worker 7', '4808', '2016-09-01', 'email7@company171.com', '72698');
INSERT INTO `samples_company__worker` VALUES ('4809', '171', 'Worker 8', '4809', '2016-09-01', 'email8@company171.com', '72699');
INSERT INTO `samples_company__worker` VALUES ('4810', '171', 'Worker 9', '4810', '2016-09-01', 'email9@company171.com', '72700');
INSERT INTO `samples_company__worker` VALUES ('4811', '171', 'Worker 10', '4811', '2016-09-01', 'email10@company171.com', '72701');
INSERT INTO `samples_company__worker` VALUES ('4812', '172', 'Worker 1', '4812', '2016-09-01', 'email1@company172.com', '72702');
INSERT INTO `samples_company__worker` VALUES ('4813', '172', 'Worker 2', '4813', '2016-09-01', 'email2@company172.com', '72703');
INSERT INTO `samples_company__worker` VALUES ('4814', '172', 'Worker 3', '4814', '2016-09-01', 'email3@company172.com', '72704');
INSERT INTO `samples_company__worker` VALUES ('4815', '172', 'Worker 4', '4815', '2016-09-01', 'email4@company172.com', '72705');
INSERT INTO `samples_company__worker` VALUES ('4816', '172', 'Worker 5', '4816', '2016-09-01', 'email5@company172.com', '72706');
INSERT INTO `samples_company__worker` VALUES ('4817', '172', 'Worker 6', '4817', '2016-09-01', 'email6@company172.com', '72707');
INSERT INTO `samples_company__worker` VALUES ('4818', '172', 'Worker 7', '4818', '2016-09-01', 'email7@company172.com', '72708');
INSERT INTO `samples_company__worker` VALUES ('4819', '172', 'Worker 8', '4819', '2016-09-01', 'email8@company172.com', '72709');
INSERT INTO `samples_company__worker` VALUES ('4820', '172', 'Worker 9', '4820', '2016-09-01', 'email9@company172.com', '72710');
INSERT INTO `samples_company__worker` VALUES ('4821', '172', 'Worker 10', '4821', '2016-09-01', 'email10@company172.com', '72711');
INSERT INTO `samples_company__worker` VALUES ('4822', '173', 'Worker 1', '4822', '2016-09-01', 'email1@company173.com', '72712');
INSERT INTO `samples_company__worker` VALUES ('4823', '173', 'Worker 2', '4823', '2016-09-01', 'email2@company173.com', '72713');
INSERT INTO `samples_company__worker` VALUES ('4824', '173', 'Worker 3', '4824', '2016-09-01', 'email3@company173.com', '72714');
INSERT INTO `samples_company__worker` VALUES ('4825', '173', 'Worker 4', '4825', '2016-09-01', 'email4@company173.com', '72715');
INSERT INTO `samples_company__worker` VALUES ('4826', '173', 'Worker 5', '4826', '2016-09-01', 'email5@company173.com', '72716');
INSERT INTO `samples_company__worker` VALUES ('4827', '173', 'Worker 6', '4827', '2016-09-01', 'email6@company173.com', '72717');
INSERT INTO `samples_company__worker` VALUES ('4828', '173', 'Worker 7', '4828', '2016-09-01', 'email7@company173.com', '72718');
INSERT INTO `samples_company__worker` VALUES ('4829', '173', 'Worker 8', '4829', '2016-09-01', 'email8@company173.com', '72719');
INSERT INTO `samples_company__worker` VALUES ('4830', '173', 'Worker 9', '4830', '2016-09-01', 'email9@company173.com', '72720');
INSERT INTO `samples_company__worker` VALUES ('4831', '173', 'Worker 10', '4831', '2016-09-01', 'email10@company173.com', '72721');
INSERT INTO `samples_company__worker` VALUES ('4832', '174', 'Worker 1', '4832', '2016-09-01', 'email1@company174.com', '72722');
INSERT INTO `samples_company__worker` VALUES ('4833', '174', 'Worker 2', '4833', '2016-09-01', 'email2@company174.com', '72723');
INSERT INTO `samples_company__worker` VALUES ('4834', '174', 'Worker 3', '4834', '2016-09-01', 'email3@company174.com', '72724');
INSERT INTO `samples_company__worker` VALUES ('4835', '174', 'Worker 4', '4835', '2016-09-01', 'email4@company174.com', '72725');
INSERT INTO `samples_company__worker` VALUES ('4836', '174', 'Worker 5', '4836', '2016-09-01', 'email5@company174.com', '72726');
INSERT INTO `samples_company__worker` VALUES ('4837', '174', 'Worker 6', '4837', '2016-09-01', 'email6@company174.com', '72727');
INSERT INTO `samples_company__worker` VALUES ('4838', '174', 'Worker 7', '4838', '2016-09-01', 'email7@company174.com', '72728');
INSERT INTO `samples_company__worker` VALUES ('4839', '174', 'Worker 8', '4839', '2016-09-01', 'email8@company174.com', '72729');
INSERT INTO `samples_company__worker` VALUES ('4840', '174', 'Worker 9', '4840', '2016-09-01', 'email9@company174.com', '72730');
INSERT INTO `samples_company__worker` VALUES ('4841', '174', 'Worker 10', '4841', '2016-09-01', 'email10@company174.com', '72731');
INSERT INTO `samples_company__worker` VALUES ('4842', '175', 'Worker 1', '4842', '2016-09-01', 'email1@company175.com', '72732');
INSERT INTO `samples_company__worker` VALUES ('4843', '175', 'Worker 2', '4843', '2016-09-01', 'email2@company175.com', '72733');
INSERT INTO `samples_company__worker` VALUES ('4844', '175', 'Worker 3', '4844', '2016-09-01', 'email3@company175.com', '72734');
INSERT INTO `samples_company__worker` VALUES ('4845', '175', 'Worker 4', '4845', '2016-09-01', 'email4@company175.com', '72735');
INSERT INTO `samples_company__worker` VALUES ('4846', '175', 'Worker 5', '4846', '2016-09-01', 'email5@company175.com', '72736');
INSERT INTO `samples_company__worker` VALUES ('4847', '175', 'Worker 6', '4847', '2016-09-01', 'email6@company175.com', '72737');
INSERT INTO `samples_company__worker` VALUES ('4848', '175', 'Worker 7', '4848', '2016-09-01', 'email7@company175.com', '72738');
INSERT INTO `samples_company__worker` VALUES ('4849', '175', 'Worker 8', '4849', '2016-09-01', 'email8@company175.com', '72739');
INSERT INTO `samples_company__worker` VALUES ('4850', '175', 'Worker 9', '4850', '2016-09-01', 'email9@company175.com', '72740');
INSERT INTO `samples_company__worker` VALUES ('4851', '175', 'Worker 10', '4851', '2016-09-01', 'email10@company175.com', '72741');
INSERT INTO `samples_company__worker` VALUES ('4852', '176', 'Worker 1', '4852', '2016-09-01', 'email1@company176.com', '72742');
INSERT INTO `samples_company__worker` VALUES ('4853', '176', 'Worker 2', '4853', '2016-09-01', 'email2@company176.com', '72743');
INSERT INTO `samples_company__worker` VALUES ('4854', '176', 'Worker 3', '4854', '2016-09-01', 'email3@company176.com', '72744');
INSERT INTO `samples_company__worker` VALUES ('4855', '176', 'Worker 4', '4855', '2016-09-01', 'email4@company176.com', '72745');
INSERT INTO `samples_company__worker` VALUES ('4856', '176', 'Worker 5', '4856', '2016-09-01', 'email5@company176.com', '72746');
INSERT INTO `samples_company__worker` VALUES ('4857', '176', 'Worker 6', '4857', '2016-09-01', 'email6@company176.com', '72747');
INSERT INTO `samples_company__worker` VALUES ('4858', '176', 'Worker 7', '4858', '2016-09-01', 'email7@company176.com', '72748');
INSERT INTO `samples_company__worker` VALUES ('4859', '176', 'Worker 8', '4859', '2016-09-01', 'email8@company176.com', '72749');
INSERT INTO `samples_company__worker` VALUES ('4860', '176', 'Worker 9', '4860', '2016-09-01', 'email9@company176.com', '72750');
INSERT INTO `samples_company__worker` VALUES ('4861', '176', 'Worker 10', '4861', '2016-09-01', 'email10@company176.com', '72751');
INSERT INTO `samples_company__worker` VALUES ('4862', '177', 'Worker 1', '4862', '2016-09-01', 'email1@company177.com', '72752');
INSERT INTO `samples_company__worker` VALUES ('4863', '177', 'Worker 2', '4863', '2016-09-01', 'email2@company177.com', '72753');
INSERT INTO `samples_company__worker` VALUES ('4864', '177', 'Worker 3', '4864', '2016-09-01', 'email3@company177.com', '72754');
INSERT INTO `samples_company__worker` VALUES ('4865', '177', 'Worker 4', '4865', '2016-09-01', 'email4@company177.com', '72755');
INSERT INTO `samples_company__worker` VALUES ('4866', '177', 'Worker 5', '4866', '2016-09-01', 'email5@company177.com', '72756');
INSERT INTO `samples_company__worker` VALUES ('4867', '177', 'Worker 6', '4867', '2016-09-01', 'email6@company177.com', '72757');
INSERT INTO `samples_company__worker` VALUES ('4868', '177', 'Worker 7', '4868', '2016-09-01', 'email7@company177.com', '72758');
INSERT INTO `samples_company__worker` VALUES ('4869', '177', 'Worker 8', '4869', '2016-09-01', 'email8@company177.com', '72759');
INSERT INTO `samples_company__worker` VALUES ('4870', '177', 'Worker 9', '4870', '2016-09-01', 'email9@company177.com', '72760');
INSERT INTO `samples_company__worker` VALUES ('4871', '177', 'Worker 10', '4871', '2016-09-01', 'email10@company177.com', '72761');
INSERT INTO `samples_company__worker` VALUES ('4872', '178', 'Worker 1', '4872', '2016-09-01', 'email1@company178.com', '72762');
INSERT INTO `samples_company__worker` VALUES ('4873', '178', 'Worker 2', '4873', '2016-09-01', 'email2@company178.com', '72763');
INSERT INTO `samples_company__worker` VALUES ('4874', '178', 'Worker 3', '4874', '2016-09-01', 'email3@company178.com', '72764');
INSERT INTO `samples_company__worker` VALUES ('4875', '178', 'Worker 4', '4875', '2016-09-01', 'email4@company178.com', '72765');
INSERT INTO `samples_company__worker` VALUES ('4876', '178', 'Worker 5', '4876', '2016-09-01', 'email5@company178.com', '72766');
INSERT INTO `samples_company__worker` VALUES ('4877', '178', 'Worker 6', '4877', '2016-09-01', 'email6@company178.com', '72767');
INSERT INTO `samples_company__worker` VALUES ('4878', '178', 'Worker 7', '4878', '2016-09-01', 'email7@company178.com', '72768');
INSERT INTO `samples_company__worker` VALUES ('4879', '178', 'Worker 8', '4879', '2016-09-01', 'email8@company178.com', '72769');
INSERT INTO `samples_company__worker` VALUES ('4880', '178', 'Worker 9', '4880', '2016-09-01', 'email9@company178.com', '72770');
INSERT INTO `samples_company__worker` VALUES ('4881', '178', 'Worker 10', '4881', '2016-09-01', 'email10@company178.com', '72771');
INSERT INTO `samples_company__worker` VALUES ('4882', '179', 'Worker 1', '4882', '2016-09-01', 'email1@company179.com', '72772');
INSERT INTO `samples_company__worker` VALUES ('4883', '179', 'Worker 2', '4883', '2016-09-01', 'email2@company179.com', '72773');
INSERT INTO `samples_company__worker` VALUES ('4884', '179', 'Worker 3', '4884', '2016-09-01', 'email3@company179.com', '72774');
INSERT INTO `samples_company__worker` VALUES ('4885', '179', 'Worker 4', '4885', '2016-09-01', 'email4@company179.com', '72775');
INSERT INTO `samples_company__worker` VALUES ('4886', '179', 'Worker 5', '4886', '2016-09-01', 'email5@company179.com', '72776');
INSERT INTO `samples_company__worker` VALUES ('4887', '179', 'Worker 6', '4887', '2016-09-01', 'email6@company179.com', '72777');
INSERT INTO `samples_company__worker` VALUES ('4888', '179', 'Worker 7', '4888', '2016-09-01', 'email7@company179.com', '72778');
INSERT INTO `samples_company__worker` VALUES ('4889', '179', 'Worker 8', '4889', '2016-09-01', 'email8@company179.com', '72779');
INSERT INTO `samples_company__worker` VALUES ('4890', '179', 'Worker 9', '4890', '2016-09-01', 'email9@company179.com', '72780');
INSERT INTO `samples_company__worker` VALUES ('4891', '179', 'Worker 10', '4891', '2016-09-01', 'email10@company179.com', '72781');
INSERT INTO `samples_company__worker` VALUES ('4892', '180', 'Worker 1', '4892', '2016-09-01', 'email1@company180.com', '72782');
INSERT INTO `samples_company__worker` VALUES ('4893', '180', 'Worker 2', '4893', '2016-09-01', 'email2@company180.com', '72783');
INSERT INTO `samples_company__worker` VALUES ('4894', '180', 'Worker 3', '4894', '2016-09-01', 'email3@company180.com', '72784');
INSERT INTO `samples_company__worker` VALUES ('4895', '180', 'Worker 4', '4895', '2016-09-01', 'email4@company180.com', '72785');
INSERT INTO `samples_company__worker` VALUES ('4896', '180', 'Worker 5', '4896', '2016-09-01', 'email5@company180.com', '72786');
INSERT INTO `samples_company__worker` VALUES ('4897', '180', 'Worker 6', '4897', '2016-09-01', 'email6@company180.com', '72787');
INSERT INTO `samples_company__worker` VALUES ('4898', '180', 'Worker 7', '4898', '2016-09-01', 'email7@company180.com', '72788');
INSERT INTO `samples_company__worker` VALUES ('4899', '180', 'Worker 8', '4899', '2016-09-01', 'email8@company180.com', '72789');
INSERT INTO `samples_company__worker` VALUES ('4900', '180', 'Worker 9', '4900', '2016-09-01', 'email9@company180.com', '72790');
INSERT INTO `samples_company__worker` VALUES ('4901', '180', 'Worker 10', '4901', '2016-09-01', 'email10@company180.com', '72791');
INSERT INTO `samples_company__worker` VALUES ('4902', '181', 'Worker 1', '4902', '2016-09-01', 'email1@company181.com', '72792');
INSERT INTO `samples_company__worker` VALUES ('4903', '181', 'Worker 2', '4903', '2016-09-01', 'email2@company181.com', '72793');
INSERT INTO `samples_company__worker` VALUES ('4904', '181', 'Worker 3', '4904', '2016-09-01', 'email3@company181.com', '72794');
INSERT INTO `samples_company__worker` VALUES ('4905', '181', 'Worker 4', '4905', '2016-09-01', 'email4@company181.com', '72795');
INSERT INTO `samples_company__worker` VALUES ('4906', '181', 'Worker 5', '4906', '2016-09-01', 'email5@company181.com', '72796');
INSERT INTO `samples_company__worker` VALUES ('4907', '181', 'Worker 6', '4907', '2016-09-01', 'email6@company181.com', '72797');
INSERT INTO `samples_company__worker` VALUES ('4908', '181', 'Worker 7', '4908', '2016-09-01', 'email7@company181.com', '72798');
INSERT INTO `samples_company__worker` VALUES ('4909', '181', 'Worker 8', '4909', '2016-09-01', 'email8@company181.com', '72799');
INSERT INTO `samples_company__worker` VALUES ('4910', '181', 'Worker 9', '4910', '2016-09-01', 'email9@company181.com', '72800');
INSERT INTO `samples_company__worker` VALUES ('4911', '181', 'Worker 10', '4911', '2016-09-01', 'email10@company181.com', '72801');
INSERT INTO `samples_company__worker` VALUES ('4912', '182', 'Worker 1', '4912', '2016-09-01', 'email1@company182.com', '72802');
INSERT INTO `samples_company__worker` VALUES ('4913', '182', 'Worker 2', '4913', '2016-09-01', 'email2@company182.com', '72803');
INSERT INTO `samples_company__worker` VALUES ('4914', '182', 'Worker 3', '4914', '2016-09-01', 'email3@company182.com', '72804');
INSERT INTO `samples_company__worker` VALUES ('4915', '182', 'Worker 4', '4915', '2016-09-01', 'email4@company182.com', '72805');
INSERT INTO `samples_company__worker` VALUES ('4916', '182', 'Worker 5', '4916', '2016-09-01', 'email5@company182.com', '72806');
INSERT INTO `samples_company__worker` VALUES ('4917', '182', 'Worker 6', '4917', '2016-09-01', 'email6@company182.com', '72807');
INSERT INTO `samples_company__worker` VALUES ('4918', '182', 'Worker 7', '4918', '2016-09-01', 'email7@company182.com', '72808');
INSERT INTO `samples_company__worker` VALUES ('4919', '182', 'Worker 8', '4919', '2016-09-01', 'email8@company182.com', '72809');
INSERT INTO `samples_company__worker` VALUES ('4920', '182', 'Worker 9', '4920', '2016-09-01', 'email9@company182.com', '72810');
INSERT INTO `samples_company__worker` VALUES ('4921', '182', 'Worker 10', '4921', '2016-09-01', 'email10@company182.com', '72811');
INSERT INTO `samples_company__worker` VALUES ('4922', '183', 'Worker 1', '4922', '2016-09-01', 'email1@company183.com', '72812');
INSERT INTO `samples_company__worker` VALUES ('4923', '183', 'Worker 2', '4923', '2016-09-01', 'email2@company183.com', '72813');
INSERT INTO `samples_company__worker` VALUES ('4924', '183', 'Worker 3', '4924', '2016-09-01', 'email3@company183.com', '72814');
INSERT INTO `samples_company__worker` VALUES ('4925', '183', 'Worker 4', '4925', '2016-09-01', 'email4@company183.com', '72815');
INSERT INTO `samples_company__worker` VALUES ('4926', '183', 'Worker 5', '4926', '2016-09-01', 'email5@company183.com', '72816');
INSERT INTO `samples_company__worker` VALUES ('4927', '183', 'Worker 6', '4927', '2016-09-01', 'email6@company183.com', '72817');
INSERT INTO `samples_company__worker` VALUES ('4928', '183', 'Worker 7', '4928', '2016-09-01', 'email7@company183.com', '72818');
INSERT INTO `samples_company__worker` VALUES ('4929', '183', 'Worker 8', '4929', '2016-09-01', 'email8@company183.com', '72819');
INSERT INTO `samples_company__worker` VALUES ('4930', '183', 'Worker 9', '4930', '2016-09-01', 'email9@company183.com', '72820');
INSERT INTO `samples_company__worker` VALUES ('4931', '183', 'Worker 10', '4931', '2016-09-01', 'email10@company183.com', '72821');
INSERT INTO `samples_company__worker` VALUES ('4932', '184', 'Worker 1', '4932', '2016-09-01', 'email1@company184.com', '72822');
INSERT INTO `samples_company__worker` VALUES ('4933', '184', 'Worker 2', '4933', '2016-09-01', 'email2@company184.com', '72823');
INSERT INTO `samples_company__worker` VALUES ('4934', '184', 'Worker 3', '4934', '2016-09-01', 'email3@company184.com', '72824');
INSERT INTO `samples_company__worker` VALUES ('4935', '184', 'Worker 4', '4935', '2016-09-01', 'email4@company184.com', '72825');
INSERT INTO `samples_company__worker` VALUES ('4936', '184', 'Worker 5', '4936', '2016-09-01', 'email5@company184.com', '72826');
INSERT INTO `samples_company__worker` VALUES ('4937', '184', 'Worker 6', '4937', '2016-09-01', 'email6@company184.com', '72827');
INSERT INTO `samples_company__worker` VALUES ('4938', '184', 'Worker 7', '4938', '2016-09-01', 'email7@company184.com', '72828');
INSERT INTO `samples_company__worker` VALUES ('4939', '184', 'Worker 8', '4939', '2016-09-01', 'email8@company184.com', '72829');
INSERT INTO `samples_company__worker` VALUES ('4940', '184', 'Worker 9', '4940', '2016-09-01', 'email9@company184.com', '72830');
INSERT INTO `samples_company__worker` VALUES ('4941', '184', 'Worker 10', '4941', '2016-09-01', 'email10@company184.com', '72831');
INSERT INTO `samples_company__worker` VALUES ('4942', '185', 'Worker 1', '4942', '2016-09-01', 'email1@company185.com', '72832');
INSERT INTO `samples_company__worker` VALUES ('4943', '185', 'Worker 2', '4943', '2016-09-01', 'email2@company185.com', '72833');
INSERT INTO `samples_company__worker` VALUES ('4944', '185', 'Worker 3', '4944', '2016-09-01', 'email3@company185.com', '72834');
INSERT INTO `samples_company__worker` VALUES ('4945', '185', 'Worker 4', '4945', '2016-09-01', 'email4@company185.com', '72835');
INSERT INTO `samples_company__worker` VALUES ('4946', '185', 'Worker 5', '4946', '2016-09-01', 'email5@company185.com', '72836');
INSERT INTO `samples_company__worker` VALUES ('4947', '185', 'Worker 6', '4947', '2016-09-01', 'email6@company185.com', '72837');
INSERT INTO `samples_company__worker` VALUES ('4948', '185', 'Worker 7', '4948', '2016-09-01', 'email7@company185.com', '72838');
INSERT INTO `samples_company__worker` VALUES ('4949', '185', 'Worker 8', '4949', '2016-09-01', 'email8@company185.com', '72839');
INSERT INTO `samples_company__worker` VALUES ('4950', '185', 'Worker 9', '4950', '2016-09-01', 'email9@company185.com', '72840');
INSERT INTO `samples_company__worker` VALUES ('4951', '185', 'Worker 10', '4951', '2016-09-01', 'email10@company185.com', '72841');
INSERT INTO `samples_company__worker` VALUES ('4952', '186', 'Worker 1', '4952', '2016-09-01', 'email1@company186.com', '72842');
INSERT INTO `samples_company__worker` VALUES ('4953', '186', 'Worker 2', '4953', '2016-09-01', 'email2@company186.com', '72843');
INSERT INTO `samples_company__worker` VALUES ('4954', '186', 'Worker 3', '4954', '2016-09-01', 'email3@company186.com', '72844');
INSERT INTO `samples_company__worker` VALUES ('4955', '186', 'Worker 4', '4955', '2016-09-01', 'email4@company186.com', '72845');
INSERT INTO `samples_company__worker` VALUES ('4956', '186', 'Worker 5', '4956', '2016-09-01', 'email5@company186.com', '72846');
INSERT INTO `samples_company__worker` VALUES ('4957', '186', 'Worker 6', '4957', '2016-09-01', 'email6@company186.com', '72847');
INSERT INTO `samples_company__worker` VALUES ('4958', '186', 'Worker 7', '4958', '2016-09-01', 'email7@company186.com', '72848');
INSERT INTO `samples_company__worker` VALUES ('4959', '186', 'Worker 8', '4959', '2016-09-01', 'email8@company186.com', '72849');
INSERT INTO `samples_company__worker` VALUES ('4960', '186', 'Worker 9', '4960', '2016-09-01', 'email9@company186.com', '72850');
INSERT INTO `samples_company__worker` VALUES ('4961', '186', 'Worker 10', '4961', '2016-09-01', 'email10@company186.com', '72851');
INSERT INTO `samples_company__worker` VALUES ('4962', '187', 'Worker 1', '4962', '2016-09-01', 'email1@company187.com', '72852');
INSERT INTO `samples_company__worker` VALUES ('4963', '187', 'Worker 2', '4963', '2016-09-01', 'email2@company187.com', '72853');
INSERT INTO `samples_company__worker` VALUES ('4964', '187', 'Worker 3', '4964', '2016-09-01', 'email3@company187.com', '72854');
INSERT INTO `samples_company__worker` VALUES ('4965', '187', 'Worker 4', '4965', '2016-09-01', 'email4@company187.com', '72855');
INSERT INTO `samples_company__worker` VALUES ('4966', '187', 'Worker 5', '4966', '2016-09-01', 'email5@company187.com', '72856');
INSERT INTO `samples_company__worker` VALUES ('4967', '187', 'Worker 6', '4967', '2016-09-01', 'email6@company187.com', '72857');
INSERT INTO `samples_company__worker` VALUES ('4968', '187', 'Worker 7', '4968', '2016-09-01', 'email7@company187.com', '72858');
INSERT INTO `samples_company__worker` VALUES ('4969', '187', 'Worker 8', '4969', '2016-09-01', 'email8@company187.com', '72859');
INSERT INTO `samples_company__worker` VALUES ('4970', '187', 'Worker 9', '4970', '2016-09-01', 'email9@company187.com', '72860');
INSERT INTO `samples_company__worker` VALUES ('4971', '187', 'Worker 10', '4971', '2016-09-01', 'email10@company187.com', '72861');
INSERT INTO `samples_company__worker` VALUES ('4972', '188', 'Worker 1', '4972', '2016-09-01', 'email1@company188.com', '72862');
INSERT INTO `samples_company__worker` VALUES ('4973', '188', 'Worker 2', '4973', '2016-09-01', 'email2@company188.com', '72863');
INSERT INTO `samples_company__worker` VALUES ('4974', '188', 'Worker 3', '4974', '2016-09-01', 'email3@company188.com', '72864');
INSERT INTO `samples_company__worker` VALUES ('4975', '188', 'Worker 4', '4975', '2016-09-01', 'email4@company188.com', '72865');
INSERT INTO `samples_company__worker` VALUES ('4976', '188', 'Worker 5', '4976', '2016-09-01', 'email5@company188.com', '72866');
INSERT INTO `samples_company__worker` VALUES ('4977', '188', 'Worker 6', '4977', '2016-09-01', 'email6@company188.com', '72867');
INSERT INTO `samples_company__worker` VALUES ('4978', '188', 'Worker 7', '4978', '2016-09-01', 'email7@company188.com', '72868');
INSERT INTO `samples_company__worker` VALUES ('4979', '188', 'Worker 8', '4979', '2016-09-01', 'email8@company188.com', '72869');
INSERT INTO `samples_company__worker` VALUES ('4980', '188', 'Worker 9', '4980', '2016-09-01', 'email9@company188.com', '72870');
INSERT INTO `samples_company__worker` VALUES ('4981', '188', 'Worker 10', '4981', '2016-09-01', 'email10@company188.com', '72871');
INSERT INTO `samples_company__worker` VALUES ('4982', '189', 'Worker 1', '4982', '2016-09-01', 'email1@company189.com', '72872');
INSERT INTO `samples_company__worker` VALUES ('4983', '189', 'Worker 2', '4983', '2016-09-01', 'email2@company189.com', '72873');
INSERT INTO `samples_company__worker` VALUES ('4984', '189', 'Worker 3', '4984', '2016-09-01', 'email3@company189.com', '72874');
INSERT INTO `samples_company__worker` VALUES ('4985', '189', 'Worker 4', '4985', '2016-09-01', 'email4@company189.com', '72875');
INSERT INTO `samples_company__worker` VALUES ('4986', '189', 'Worker 5', '4986', '2016-09-01', 'email5@company189.com', '72876');
INSERT INTO `samples_company__worker` VALUES ('4987', '189', 'Worker 6', '4987', '2016-09-01', 'email6@company189.com', '72877');
INSERT INTO `samples_company__worker` VALUES ('4988', '189', 'Worker 7', '4988', '2016-09-01', 'email7@company189.com', '72878');
INSERT INTO `samples_company__worker` VALUES ('4989', '189', 'Worker 8', '4989', '2016-09-01', 'email8@company189.com', '72879');
INSERT INTO `samples_company__worker` VALUES ('4990', '189', 'Worker 9', '4990', '2016-09-01', 'email9@company189.com', '72880');
INSERT INTO `samples_company__worker` VALUES ('4991', '189', 'Worker 10', '4991', '2016-09-01', 'email10@company189.com', '72881');
INSERT INTO `samples_company__worker` VALUES ('4992', '190', 'Worker 1', '4992', '2016-09-01', 'email1@company190.com', '72882');
INSERT INTO `samples_company__worker` VALUES ('4993', '190', 'Worker 2', '4993', '2016-09-01', 'email2@company190.com', '72883');
INSERT INTO `samples_company__worker` VALUES ('4994', '190', 'Worker 3', '4994', '2016-09-01', 'email3@company190.com', '72884');
INSERT INTO `samples_company__worker` VALUES ('4995', '190', 'Worker 4', '4995', '2016-09-01', 'email4@company190.com', '72885');
INSERT INTO `samples_company__worker` VALUES ('4996', '190', 'Worker 5', '4996', '2016-09-01', 'email5@company190.com', '72886');
INSERT INTO `samples_company__worker` VALUES ('4997', '190', 'Worker 6', '4997', '2016-09-01', 'email6@company190.com', '72887');
INSERT INTO `samples_company__worker` VALUES ('4998', '190', 'Worker 7', '4998', '2016-09-01', 'email7@company190.com', '72888');
INSERT INTO `samples_company__worker` VALUES ('4999', '190', 'Worker 8', '4999', '2016-09-01', 'email8@company190.com', '72889');
INSERT INTO `samples_company__worker` VALUES ('5000', '190', 'Worker 9', '5000', '2016-09-01', 'email9@company190.com', '72890');
INSERT INTO `samples_company__worker` VALUES ('5001', '190', 'Worker 10', '5001', '2016-09-01', 'email10@company190.com', '72891');
INSERT INTO `samples_company__worker` VALUES ('5002', '191', 'Worker 1', '5002', '2016-09-01', 'email1@company191.com', '72892');
INSERT INTO `samples_company__worker` VALUES ('5003', '191', 'Worker 2', '5003', '2016-09-01', 'email2@company191.com', '72893');
INSERT INTO `samples_company__worker` VALUES ('5004', '191', 'Worker 3', '5004', '2016-09-01', 'email3@company191.com', '72894');
INSERT INTO `samples_company__worker` VALUES ('5005', '191', 'Worker 4', '5005', '2016-09-01', 'email4@company191.com', '72895');
INSERT INTO `samples_company__worker` VALUES ('5006', '191', 'Worker 5', '5006', '2016-09-01', 'email5@company191.com', '72896');
INSERT INTO `samples_company__worker` VALUES ('5007', '191', 'Worker 6', '5007', '2016-09-01', 'email6@company191.com', '72897');
INSERT INTO `samples_company__worker` VALUES ('5008', '191', 'Worker 7', '5008', '2016-09-01', 'email7@company191.com', '72898');
INSERT INTO `samples_company__worker` VALUES ('5009', '191', 'Worker 8', '5009', '2016-09-01', 'email8@company191.com', '72899');
INSERT INTO `samples_company__worker` VALUES ('5010', '191', 'Worker 9', '5010', '2016-09-01', 'email9@company191.com', '72900');
INSERT INTO `samples_company__worker` VALUES ('5011', '191', 'Worker 10', '5011', '2016-09-01', 'email10@company191.com', '72901');
INSERT INTO `samples_company__worker` VALUES ('5012', '192', 'Worker 1', '5012', '2016-09-01', 'email1@company192.com', '72902');
INSERT INTO `samples_company__worker` VALUES ('5013', '192', 'Worker 2', '5013', '2016-09-01', 'email2@company192.com', '72903');
INSERT INTO `samples_company__worker` VALUES ('5014', '192', 'Worker 3', '5014', '2016-09-01', 'email3@company192.com', '72904');
INSERT INTO `samples_company__worker` VALUES ('5015', '192', 'Worker 4', '5015', '2016-09-01', 'email4@company192.com', '72905');
INSERT INTO `samples_company__worker` VALUES ('5016', '192', 'Worker 5', '5016', '2016-09-01', 'email5@company192.com', '72906');
INSERT INTO `samples_company__worker` VALUES ('5017', '192', 'Worker 6', '5017', '2016-09-01', 'email6@company192.com', '72907');
INSERT INTO `samples_company__worker` VALUES ('5018', '192', 'Worker 7', '5018', '2016-09-01', 'email7@company192.com', '72908');
INSERT INTO `samples_company__worker` VALUES ('5019', '192', 'Worker 8', '5019', '2016-09-01', 'email8@company192.com', '72909');
INSERT INTO `samples_company__worker` VALUES ('5020', '192', 'Worker 9', '5020', '2016-09-01', 'email9@company192.com', '72910');
INSERT INTO `samples_company__worker` VALUES ('5021', '192', 'Worker 10', '5021', '2016-09-01', 'email10@company192.com', '72911');
INSERT INTO `samples_company__worker` VALUES ('5022', '193', 'Worker 1', '5022', '2016-09-01', 'email1@company193.com', '72912');
INSERT INTO `samples_company__worker` VALUES ('5023', '193', 'Worker 2', '5023', '2016-09-01', 'email2@company193.com', '72913');
INSERT INTO `samples_company__worker` VALUES ('5024', '193', 'Worker 3', '5024', '2016-09-01', 'email3@company193.com', '72914');
INSERT INTO `samples_company__worker` VALUES ('5025', '193', 'Worker 4', '5025', '2016-09-01', 'email4@company193.com', '72915');
INSERT INTO `samples_company__worker` VALUES ('5026', '193', 'Worker 5', '5026', '2016-09-01', 'email5@company193.com', '72916');
INSERT INTO `samples_company__worker` VALUES ('5027', '193', 'Worker 6', '5027', '2016-09-01', 'email6@company193.com', '72917');
INSERT INTO `samples_company__worker` VALUES ('5028', '193', 'Worker 7', '5028', '2016-09-01', 'email7@company193.com', '72918');
INSERT INTO `samples_company__worker` VALUES ('5029', '193', 'Worker 8', '5029', '2016-09-01', 'email8@company193.com', '72919');
INSERT INTO `samples_company__worker` VALUES ('5030', '193', 'Worker 9', '5030', '2016-09-01', 'email9@company193.com', '72920');
INSERT INTO `samples_company__worker` VALUES ('5031', '193', 'Worker 10', '5031', '2016-09-01', 'email10@company193.com', '72921');
INSERT INTO `samples_company__worker` VALUES ('5032', '194', 'Worker 1', '5032', '2016-09-01', 'email1@company194.com', '72922');
INSERT INTO `samples_company__worker` VALUES ('5033', '194', 'Worker 2', '5033', '2016-09-01', 'email2@company194.com', '72923');
INSERT INTO `samples_company__worker` VALUES ('5034', '194', 'Worker 3', '5034', '2016-09-01', 'email3@company194.com', '72924');
INSERT INTO `samples_company__worker` VALUES ('5035', '194', 'Worker 4', '5035', '2016-09-01', 'email4@company194.com', '72925');
INSERT INTO `samples_company__worker` VALUES ('5036', '194', 'Worker 5', '5036', '2016-09-01', 'email5@company194.com', '72926');
INSERT INTO `samples_company__worker` VALUES ('5037', '194', 'Worker 6', '5037', '2016-09-01', 'email6@company194.com', '72927');
INSERT INTO `samples_company__worker` VALUES ('5038', '194', 'Worker 7', '5038', '2016-09-01', 'email7@company194.com', '72928');
INSERT INTO `samples_company__worker` VALUES ('5039', '194', 'Worker 8', '5039', '2016-09-01', 'email8@company194.com', '72929');
INSERT INTO `samples_company__worker` VALUES ('5040', '194', 'Worker 9', '5040', '2016-09-01', 'email9@company194.com', '72930');
INSERT INTO `samples_company__worker` VALUES ('5041', '194', 'Worker 10', '5041', '2016-09-01', 'email10@company194.com', '72931');
INSERT INTO `samples_company__worker` VALUES ('5042', '195', 'Worker 1', '5042', '2016-09-01', 'email1@company195.com', '72932');
INSERT INTO `samples_company__worker` VALUES ('5043', '195', 'Worker 2', '5043', '2016-09-01', 'email2@company195.com', '72933');
INSERT INTO `samples_company__worker` VALUES ('5044', '195', 'Worker 3', '5044', '2016-09-01', 'email3@company195.com', '72934');
INSERT INTO `samples_company__worker` VALUES ('5045', '195', 'Worker 4', '5045', '2016-09-01', 'email4@company195.com', '72935');
INSERT INTO `samples_company__worker` VALUES ('5046', '195', 'Worker 5', '5046', '2016-09-01', 'email5@company195.com', '72936');
INSERT INTO `samples_company__worker` VALUES ('5047', '195', 'Worker 6', '5047', '2016-09-01', 'email6@company195.com', '72937');
INSERT INTO `samples_company__worker` VALUES ('5048', '195', 'Worker 7', '5048', '2016-09-01', 'email7@company195.com', '72938');
INSERT INTO `samples_company__worker` VALUES ('5049', '195', 'Worker 8', '5049', '2016-09-01', 'email8@company195.com', '72939');
INSERT INTO `samples_company__worker` VALUES ('5050', '195', 'Worker 9', '5050', '2016-09-01', 'email9@company195.com', '72940');
INSERT INTO `samples_company__worker` VALUES ('5051', '195', 'Worker 10', '5051', '2016-09-01', 'email10@company195.com', '72941');
INSERT INTO `samples_company__worker` VALUES ('5052', '196', 'Worker 1', '5052', '2016-09-01', 'email1@company196.com', '72942');
INSERT INTO `samples_company__worker` VALUES ('5053', '196', 'Worker 2', '5053', '2016-09-01', 'email2@company196.com', '72943');
INSERT INTO `samples_company__worker` VALUES ('5054', '196', 'Worker 3', '5054', '2016-09-01', 'email3@company196.com', '72944');
INSERT INTO `samples_company__worker` VALUES ('5055', '196', 'Worker 4', '5055', '2016-09-01', 'email4@company196.com', '72945');
INSERT INTO `samples_company__worker` VALUES ('5056', '196', 'Worker 5', '5056', '2016-09-01', 'email5@company196.com', '72946');
INSERT INTO `samples_company__worker` VALUES ('5057', '196', 'Worker 6', '5057', '2016-09-01', 'email6@company196.com', '72947');
INSERT INTO `samples_company__worker` VALUES ('5058', '196', 'Worker 7', '5058', '2016-09-01', 'email7@company196.com', '72948');
INSERT INTO `samples_company__worker` VALUES ('5059', '196', 'Worker 8', '5059', '2016-09-01', 'email8@company196.com', '72949');
INSERT INTO `samples_company__worker` VALUES ('5060', '196', 'Worker 9', '5060', '2016-09-01', 'email9@company196.com', '72950');
INSERT INTO `samples_company__worker` VALUES ('5061', '196', 'Worker 10', '5061', '2016-09-01', 'email10@company196.com', '72951');
INSERT INTO `samples_company__worker` VALUES ('5062', '197', 'Worker 1', '5062', '2016-09-01', 'email1@company197.com', '72952');
INSERT INTO `samples_company__worker` VALUES ('5063', '197', 'Worker 2', '5063', '2016-09-01', 'email2@company197.com', '72953');
INSERT INTO `samples_company__worker` VALUES ('5064', '197', 'Worker 3', '5064', '2016-09-01', 'email3@company197.com', '72954');
INSERT INTO `samples_company__worker` VALUES ('5065', '197', 'Worker 4', '5065', '2016-09-01', 'email4@company197.com', '72955');
INSERT INTO `samples_company__worker` VALUES ('5066', '197', 'Worker 5', '5066', '2016-09-01', 'email5@company197.com', '72956');
INSERT INTO `samples_company__worker` VALUES ('5067', '197', 'Worker 6', '5067', '2016-09-01', 'email6@company197.com', '72957');
INSERT INTO `samples_company__worker` VALUES ('5068', '197', 'Worker 7', '5068', '2016-09-01', 'email7@company197.com', '72958');
INSERT INTO `samples_company__worker` VALUES ('5069', '197', 'Worker 8', '5069', '2016-09-01', 'email8@company197.com', '72959');
INSERT INTO `samples_company__worker` VALUES ('5070', '197', 'Worker 9', '5070', '2016-09-01', 'email9@company197.com', '72960');
INSERT INTO `samples_company__worker` VALUES ('5071', '197', 'Worker 10', '5071', '2016-09-01', 'email10@company197.com', '72961');
INSERT INTO `samples_company__worker` VALUES ('5072', '198', 'Worker 1', '5072', '2016-09-01', 'email1@company198.com', '72962');
INSERT INTO `samples_company__worker` VALUES ('5073', '198', 'Worker 2', '5073', '2016-09-01', 'email2@company198.com', '72963');
INSERT INTO `samples_company__worker` VALUES ('5074', '198', 'Worker 3', '5074', '2016-09-01', 'email3@company198.com', '72964');
INSERT INTO `samples_company__worker` VALUES ('5075', '198', 'Worker 4', '5075', '2016-09-01', 'email4@company198.com', '72965');
INSERT INTO `samples_company__worker` VALUES ('5076', '198', 'Worker 5', '5076', '2016-09-01', 'email5@company198.com', '72966');
INSERT INTO `samples_company__worker` VALUES ('5077', '198', 'Worker 6', '5077', '2016-09-01', 'email6@company198.com', '72967');
INSERT INTO `samples_company__worker` VALUES ('5078', '198', 'Worker 7', '5078', '2016-09-01', 'email7@company198.com', '72968');
INSERT INTO `samples_company__worker` VALUES ('5079', '198', 'Worker 8', '5079', '2016-09-01', 'email8@company198.com', '72969');
INSERT INTO `samples_company__worker` VALUES ('5080', '198', 'Worker 9', '5080', '2016-09-01', 'email9@company198.com', '72970');
INSERT INTO `samples_company__worker` VALUES ('5081', '198', 'Worker 10', '5081', '2016-09-01', 'email10@company198.com', '72971');
INSERT INTO `samples_company__worker` VALUES ('5082', '199', 'Worker 1', '5082', '2016-09-01', 'email1@company199.com', '72972');
INSERT INTO `samples_company__worker` VALUES ('5083', '199', 'Worker 2', '5083', '2016-09-01', 'email2@company199.com', '72973');
INSERT INTO `samples_company__worker` VALUES ('5084', '199', 'Worker 3', '5084', '2016-09-01', 'email3@company199.com', '72974');
INSERT INTO `samples_company__worker` VALUES ('5085', '199', 'Worker 4', '5085', '2016-09-01', 'email4@company199.com', '72975');
INSERT INTO `samples_company__worker` VALUES ('5086', '199', 'Worker 5', '5086', '2016-09-01', 'email5@company199.com', '72976');
INSERT INTO `samples_company__worker` VALUES ('5087', '199', 'Worker 6', '5087', '2016-09-01', 'email6@company199.com', '72977');
INSERT INTO `samples_company__worker` VALUES ('5088', '199', 'Worker 7', '5088', '2016-09-01', 'email7@company199.com', '72978');
INSERT INTO `samples_company__worker` VALUES ('5089', '199', 'Worker 8', '5089', '2016-09-01', 'email8@company199.com', '72979');
INSERT INTO `samples_company__worker` VALUES ('5090', '199', 'Worker 9', '5090', '2016-09-01', 'email9@company199.com', '72980');
INSERT INTO `samples_company__worker` VALUES ('5091', '199', 'Worker 10', '5091', '2016-09-01', 'email10@company199.com', '72981');
INSERT INTO `samples_company__worker` VALUES ('5092', '200', 'Worker 1', '5092', '2016-09-01', 'email1@company200.com', '72982');
INSERT INTO `samples_company__worker` VALUES ('5093', '200', 'Worker 2', '5093', '2016-09-01', 'email2@company200.com', '72983');
INSERT INTO `samples_company__worker` VALUES ('5094', '200', 'Worker 3', '5094', '2016-09-01', 'email3@company200.com', '72984');
INSERT INTO `samples_company__worker` VALUES ('5095', '200', 'Worker 4', '5095', '2016-09-01', 'email4@company200.com', '72985');
INSERT INTO `samples_company__worker` VALUES ('5096', '200', 'Worker 5', '5096', '2016-09-01', 'email5@company200.com', '72986');
INSERT INTO `samples_company__worker` VALUES ('5097', '200', 'Worker 6', '5097', '2016-09-01', 'email6@company200.com', '72987');
INSERT INTO `samples_company__worker` VALUES ('5098', '200', 'Worker 7', '5098', '2016-09-01', 'email7@company200.com', '72988');
INSERT INTO `samples_company__worker` VALUES ('5099', '200', 'Worker 8', '5099', '2016-09-01', 'email8@company200.com', '72989');
INSERT INTO `samples_company__worker` VALUES ('5100', '200', 'Worker 9', '5100', '2016-09-01', 'email9@company200.com', '72990');
INSERT INTO `samples_company__worker` VALUES ('5101', '200', 'Worker 10', '5101', '2016-09-01', 'email10@company200.com', '72991');
INSERT INTO `samples_company__worker` VALUES ('5102', '202', 'Worker 1', '5102', '2016-09-01', 'email1@company202.com', '72992');
INSERT INTO `samples_company__worker` VALUES ('5103', '202', 'Worker 2', '5103', '2016-09-01', 'email2@company202.com', '72993');
INSERT INTO `samples_company__worker` VALUES ('5104', '202', 'Worker 3', '5104', '2016-09-01', 'email3@company202.com', '72994');
INSERT INTO `samples_company__worker` VALUES ('5105', '202', 'Worker 4', '5105', '2016-09-01', 'email4@company202.com', '72995');
INSERT INTO `samples_company__worker` VALUES ('5106', '202', 'Worker 5', '5106', '2016-09-01', 'email5@company202.com', '72996');
INSERT INTO `samples_company__worker` VALUES ('5107', '202', 'Worker 6', '5107', '2016-09-01', 'email6@company202.com', '72997');
INSERT INTO `samples_company__worker` VALUES ('5108', '202', 'Worker 7', '5108', '2016-09-01', 'email7@company202.com', '72998');
INSERT INTO `samples_company__worker` VALUES ('5109', '202', 'Worker 8', '5109', '2016-09-01', 'email8@company202.com', '72999');
INSERT INTO `samples_company__worker` VALUES ('5110', '202', 'Worker 9', '5110', '2016-09-01', 'email9@company202.com', '73000');
INSERT INTO `samples_company__worker` VALUES ('5111', '202', 'Worker 10', '5111', '2016-09-01', 'email10@company202.com', '73001');
INSERT INTO `samples_company__worker` VALUES ('5112', '204', 'Worker 1', '5112', '2016-09-01', 'email1@company204.com', '73002');
INSERT INTO `samples_company__worker` VALUES ('5113', '204', 'Worker 2', '5113', '2016-09-01', 'email2@company204.com', '73003');
INSERT INTO `samples_company__worker` VALUES ('5114', '204', 'Worker 3', '5114', '2016-09-01', 'email3@company204.com', '73004');
INSERT INTO `samples_company__worker` VALUES ('5115', '204', 'Worker 4', '5115', '2016-09-01', 'email4@company204.com', '73005');
INSERT INTO `samples_company__worker` VALUES ('5116', '204', 'Worker 5', '5116', '2016-09-01', 'email5@company204.com', '73006');
INSERT INTO `samples_company__worker` VALUES ('5117', '204', 'Worker 6', '5117', '2016-09-01', 'email6@company204.com', '73007');
INSERT INTO `samples_company__worker` VALUES ('5118', '204', 'Worker 7', '5118', '2016-09-01', 'email7@company204.com', '73008');
INSERT INTO `samples_company__worker` VALUES ('5119', '204', 'Worker 8', '5119', '2016-09-01', 'email8@company204.com', '73009');
INSERT INTO `samples_company__worker` VALUES ('5120', '204', 'Worker 9', '5120', '2016-09-01', 'email9@company204.com', '73010');
INSERT INTO `samples_company__worker` VALUES ('5121', '204', 'Worker 10', '5121', '2016-09-01', 'email10@company204.com', '73011');
INSERT INTO `samples_company__worker` VALUES ('5122', '205', 'Worker 1', '5122', '2016-09-01', 'email1@company205.com', '73012');
INSERT INTO `samples_company__worker` VALUES ('5123', '205', 'Worker 2', '5123', '2016-09-01', 'email2@company205.com', '73013');
INSERT INTO `samples_company__worker` VALUES ('5124', '205', 'Worker 3', '5124', '2016-09-01', 'email3@company205.com', '73014');
INSERT INTO `samples_company__worker` VALUES ('5125', '205', 'Worker 4', '5125', '2016-09-01', 'email4@company205.com', '73015');
INSERT INTO `samples_company__worker` VALUES ('5126', '205', 'Worker 5', '5126', '2016-09-01', 'email5@company205.com', '73016');
INSERT INTO `samples_company__worker` VALUES ('5127', '205', 'Worker 6', '5127', '2016-09-01', 'email6@company205.com', '73017');
INSERT INTO `samples_company__worker` VALUES ('5128', '205', 'Worker 7', '5128', '2016-09-01', 'email7@company205.com', '73018');
INSERT INTO `samples_company__worker` VALUES ('5129', '205', 'Worker 8', '5129', '2016-09-01', 'email8@company205.com', '73019');
INSERT INTO `samples_company__worker` VALUES ('5130', '205', 'Worker 9', '5130', '2016-09-01', 'email9@company205.com', '73020');
INSERT INTO `samples_company__worker` VALUES ('5131', '205', 'Worker 10', '5131', '2016-09-01', 'email10@company205.com', '73021');

-- ----------------------------
-- Table structure for samples_escola__ano
-- ----------------------------
DROP TABLE IF EXISTS `samples_escola__ano`;
CREATE TABLE `samples_escola__ano` (
  `id` int(11) NOT NULL AUTO_INCREMENT,
  `numero` int(11) NOT NULL,
  PRIMARY KEY (`id`)
) ENGINE=InnoDB AUTO_INCREMENT=5 DEFAULT CHARSET=utf8 COLLATE=utf8_unicode_ci;

-- ----------------------------
-- Records of samples_escola__ano
-- ----------------------------
INSERT INTO `samples_escola__ano` VALUES ('1', '1');
INSERT INTO `samples_escola__ano` VALUES ('2', '2');
INSERT INTO `samples_escola__ano` VALUES ('3', '3');
INSERT INTO `samples_escola__ano` VALUES ('4', '4');

-- ----------------------------
-- Table structure for samples_escola__curso
-- ----------------------------
DROP TABLE IF EXISTS `samples_escola__curso`;
CREATE TABLE `samples_escola__curso` (
  `id` int(11) NOT NULL AUTO_INCREMENT,
  `nome` varchar(255) COLLATE utf8_unicode_ci NOT NULL,
  PRIMARY KEY (`id`)
) ENGINE=InnoDB AUTO_INCREMENT=5 DEFAULT CHARSET=utf8 COLLATE=utf8_unicode_ci;

-- ----------------------------
-- Records of samples_escola__curso
-- ----------------------------
INSERT INTO `samples_escola__curso` VALUES ('1', 'Analises Clínicas e Saúde Pública');
INSERT INTO `samples_escola__curso` VALUES ('2', 'Administração Pública');
INSERT INTO `samples_escola__curso` VALUES ('3', 'Contabilidade e Gestão');
INSERT INTO `samples_escola__curso` VALUES ('4', 'Informática de Gestão');

-- ----------------------------
-- Table structure for samples_escola__disciplina
-- ----------------------------
DROP TABLE IF EXISTS `samples_escola__disciplina`;
CREATE TABLE `samples_escola__disciplina` (
  `id` int(11) NOT NULL AUTO_INCREMENT,
  `nome` varchar(255) COLLATE utf8_unicode_ci NOT NULL,
  PRIMARY KEY (`id`)
) ENGINE=InnoDB AUTO_INCREMENT=3 DEFAULT CHARSET=utf8 COLLATE=utf8_unicode_ci;

-- ----------------------------
-- Records of samples_escola__disciplina
-- ----------------------------
INSERT INTO `samples_escola__disciplina` VALUES ('1', 'Programação Orientada a Objetos');
INSERT INTO `samples_escola__disciplina` VALUES ('2', 'Matematica');

-- ----------------------------
-- Table structure for samples_escola__estudante
-- ----------------------------
DROP TABLE IF EXISTS `samples_escola__estudante`;
CREATE TABLE `samples_escola__estudante` (
  `id` int(11) NOT NULL AUTO_INCREMENT,
  `nome` varchar(255) COLLATE utf8_unicode_ci NOT NULL,
  `bi` varchar(255) COLLATE utf8_unicode_ci NOT NULL,
  `data_nascimento` date NOT NULL,
  `foto_id` char(36) COLLATE utf8_unicode_ci NOT NULL COMMENT '(DC2Type:guid)',
  `curso_id` int(11) DEFAULT NULL,
  `turma_id` int(11) DEFAULT NULL,
  `ano_id` int(11) DEFAULT NULL,
  `disciplina_id` int(11) DEFAULT NULL,
  PRIMARY KEY (`id`),
  UNIQUE KEY `UNIQ_98E28C657ABFA656` (`foto_id`),
  KEY `IDX_98E28C6587CB4A1F` (`curso_id`),
  KEY `IDX_98E28C65CEBA2CFD` (`turma_id`),
  KEY `IDX_98E28C65AE2D4F07` (`ano_id`),
  KEY `IDX_98E28C652A30B056` (`disciplina_id`),
  CONSTRAINT `FK_C8F1223B2A30B056` FOREIGN KEY (`disciplina_id`) REFERENCES `samples_escola__disciplina` (`id`),
  CONSTRAINT `FK_C8F1223B7ABFA656` FOREIGN KEY (`foto_id`) REFERENCES `samples_escola__image` (`id`),
  CONSTRAINT `FK_C8F1223B87CB4A1F` FOREIGN KEY (`curso_id`) REFERENCES `samples_escola__curso` (`id`),
  CONSTRAINT `FK_C8F1223BAE2D4F07` FOREIGN KEY (`ano_id`) REFERENCES `samples_escola__ano` (`id`),
  CONSTRAINT `FK_C8F1223BCEBA2CFD` FOREIGN KEY (`turma_id`) REFERENCES `samples_escola__turma` (`id`)
) ENGINE=InnoDB AUTO_INCREMENT=5 DEFAULT CHARSET=utf8 COLLATE=utf8_unicode_ci;

-- ----------------------------
-- Records of samples_escola__estudante
-- ----------------------------
INSERT INTO `samples_escola__estudante` VALUES ('1', 'Joao Manuel Sousa', '004447615KN056', '1985-05-15', 'd6cd6e39-6ecc-11e5-b3ba-eeb003adc92a', '4', '1', '2', '1');
INSERT INTO `samples_escola__estudante` VALUES ('2', 'Pedro Tobias Dominico', '002127515LD791', '2000-10-15', '13f1789b-6ed9-11e5-b3ba-eeb003adc92a', '1', '2', '3', '2');
INSERT INTO `samples_escola__estudante` VALUES ('3', 'Maria Reinoso Albares', '34334347TY454', '2000-11-16', '2c3ba601-8ca6-11e5-b612-7eacf2315577', '3', '2', '4', '2');
INSERT INTO `samples_escola__estudante` VALUES ('4', 'Benicia das Molines Conceição', '456789066YU897', '2000-11-16', 'fc3cd547-8ca6-11e5-b612-7eacf2315577', '4', '1', '1', '1');

-- ----------------------------
-- Table structure for samples_escola__evento
-- ----------------------------
DROP TABLE IF EXISTS `samples_escola__evento`;
CREATE TABLE `samples_escola__evento` (
  `id` int(11) NOT NULL AUTO_INCREMENT,
  `nome` varchar(255) COLLATE utf8_unicode_ci NOT NULL,
  `data` date NOT NULL,
  PRIMARY KEY (`id`)
) ENGINE=InnoDB AUTO_INCREMENT=3 DEFAULT CHARSET=utf8 COLLATE=utf8_unicode_ci;

-- ----------------------------
-- Records of samples_escola__evento
-- ----------------------------
INSERT INTO `samples_escola__evento` VALUES ('1', 'Jornada Científica Estudiantil', '2015-10-08');
INSERT INTO `samples_escola__evento` VALUES ('2', 'Defesa de Tese', '2015-10-01');

-- ----------------------------
-- Table structure for samples_escola__evento_participacao
-- ----------------------------
DROP TABLE IF EXISTS `samples_escola__evento_participacao`;
CREATE TABLE `samples_escola__evento_participacao` (
  `estudante_id` int(11) NOT NULL,
  `evento_id` int(11) NOT NULL,
  PRIMARY KEY (`estudante_id`,`evento_id`),
  KEY `IDX_F30F89C53B4690DB` (`estudante_id`),
  KEY `IDX_F30F89C587A5F842` (`evento_id`),
  CONSTRAINT `FK_8FD1CF2B3B4690DB` FOREIGN KEY (`estudante_id`) REFERENCES `samples_escola__estudante` (`id`),
  CONSTRAINT `FK_8FD1CF2B87A5F842` FOREIGN KEY (`evento_id`) REFERENCES `samples_escola__evento` (`id`)
) ENGINE=InnoDB DEFAULT CHARSET=utf8 COLLATE=utf8_unicode_ci;

-- ----------------------------
-- Records of samples_escola__evento_participacao
-- ----------------------------
INSERT INTO `samples_escola__evento_participacao` VALUES ('1', '1');
INSERT INTO `samples_escola__evento_participacao` VALUES ('1', '2');
INSERT INTO `samples_escola__evento_participacao` VALUES ('3', '2');
INSERT INTO `samples_escola__evento_participacao` VALUES ('4', '1');
INSERT INTO `samples_escola__evento_participacao` VALUES ('4', '2');

-- ----------------------------
-- Table structure for samples_escola__image
-- ----------------------------
DROP TABLE IF EXISTS `samples_escola__image`;
CREATE TABLE `samples_escola__image` (
  `id` char(36) COLLATE utf8_unicode_ci NOT NULL COMMENT '(DC2Type:guid)',
  `file_path` varchar(255) COLLATE utf8_unicode_ci DEFAULT NULL,
  PRIMARY KEY (`id`)
) ENGINE=InnoDB DEFAULT CHARSET=utf8 COLLATE=utf8_unicode_ci;

-- ----------------------------
-- Records of samples_escola__image
-- ----------------------------
INSERT INTO `samples_escola__image` VALUES ('13f1789b-6ed9-11e5-b3ba-eeb003adc92a', null);
INSERT INTO `samples_escola__image` VALUES ('2c3ba601-8ca6-11e5-b612-7eacf2315577', null);
INSERT INTO `samples_escola__image` VALUES ('d6cd6e39-6ecc-11e5-b3ba-eeb003adc92a', '6ca5730f9f98e09b4f4cff8fddccaae975fbe0d8.jpeg');
INSERT INTO `samples_escola__image` VALUES ('fc3cd547-8ca6-11e5-b612-7eacf2315577', '1bc11352304325a805b40ade0d864b4d16ee1fb7.jpeg');

-- ----------------------------
-- Table structure for samples_escola__morada
-- ----------------------------
DROP TABLE IF EXISTS `samples_escola__morada`;
CREATE TABLE `samples_escola__morada` (
  `id` int(11) NOT NULL AUTO_INCREMENT,
  `rua` varchar(255) COLLATE utf8_unicode_ci NOT NULL,
  `numero` int(11) NOT NULL,
  `bairro` varchar(255) COLLATE utf8_unicode_ci NOT NULL,
  `estudante_id` int(11) NOT NULL,
  `provincia_id` int(11) DEFAULT NULL,
  `municipio_id` int(11) DEFAULT NULL,
  PRIMARY KEY (`id`),
  UNIQUE KEY `UNIQ_612E9F183B4690DB` (`estudante_id`),
  KEY `IDX_612E9F184E7121AF` (`provincia_id`),
  KEY `IDX_612E9F1858BC1BE0` (`municipio_id`),
  CONSTRAINT `FK_AA616EE03B4690DB` FOREIGN KEY (`estudante_id`) REFERENCES `samples_escola__estudante` (`id`),
  CONSTRAINT `FK_AA616EE04E7121AF` FOREIGN KEY (`provincia_id`) REFERENCES `samples_escola__provincia` (`id`),
  CONSTRAINT `FK_AA616EE058BC1BE0` FOREIGN KEY (`municipio_id`) REFERENCES `samples_escola__municipio` (`id`)
) ENGINE=InnoDB AUTO_INCREMENT=5 DEFAULT CHARSET=utf8 COLLATE=utf8_unicode_ci;

-- ----------------------------
-- Records of samples_escola__morada
-- ----------------------------
INSERT INTO `samples_escola__morada` VALUES ('1', 'Rua das Escolas', '676', 'NDalatando', '1', '2', '1');
INSERT INTO `samples_escola__morada` VALUES ('2', 'Rua 1o de Maio', '567', 'Hoje Ja Henda', '2', '1', '2');
INSERT INTO `samples_escola__morada` VALUES ('3', 'Mozambique', '45', 'Calimbo', '3', '2', '1');
INSERT INTO `samples_escola__morada` VALUES ('4', 'Tornes', '56767', 'Sambisanga', '4', '1', '2');

-- ----------------------------
-- Table structure for samples_escola__municipio
-- ----------------------------
DROP TABLE IF EXISTS `samples_escola__municipio`;
CREATE TABLE `samples_escola__municipio` (
  `id` int(11) NOT NULL AUTO_INCREMENT,
  `nome` varchar(255) COLLATE utf8_unicode_ci NOT NULL,
  `provincia_id` int(11) DEFAULT NULL,
  PRIMARY KEY (`id`),
  KEY `IDX_2C7AD91D4E7121AF` (`provincia_id`),
  CONSTRAINT `FK_7C6977434E7121AF` FOREIGN KEY (`provincia_id`) REFERENCES `samples_escola__provincia` (`id`)
) ENGINE=InnoDB AUTO_INCREMENT=3 DEFAULT CHARSET=utf8 COLLATE=utf8_unicode_ci;

-- ----------------------------
-- Records of samples_escola__municipio
-- ----------------------------
INSERT INTO `samples_escola__municipio` VALUES ('1', 'Cazengo', '2');
INSERT INTO `samples_escola__municipio` VALUES ('2', 'São Paolo', '1');

-- ----------------------------
-- Table structure for samples_escola__pesquisa
-- ----------------------------
DROP TABLE IF EXISTS `samples_escola__pesquisa`;
CREATE TABLE `samples_escola__pesquisa` (
  `id` int(11) NOT NULL AUTO_INCREMENT,
  `estudante_id` int(11) NOT NULL,
  `data_entrega` date NOT NULL,
  `tema` varchar(255) COLLATE utf8_unicode_ci NOT NULL,
  `quantidade_paginas` int(11) NOT NULL,
  `tipo_pesquisa_id` int(11) DEFAULT NULL,
  PRIMARY KEY (`id`),
  KEY `IDX_931140773B4690DB` (`estudante_id`),
  KEY `IDX_93114077BD8DB88` (`tipo_pesquisa_id`),
  CONSTRAINT `FK_85CE22073B4690DB` FOREIGN KEY (`estudante_id`) REFERENCES `samples_escola__estudante` (`id`),
  CONSTRAINT `FK_85CE2207BD8DB88` FOREIGN KEY (`tipo_pesquisa_id`) REFERENCES `samples_escola__tipo_pesquisa` (`id`)
) ENGINE=InnoDB AUTO_INCREMENT=8 DEFAULT CHARSET=utf8 COLLATE=utf8_unicode_ci;

-- ----------------------------
-- Records of samples_escola__pesquisa
-- ----------------------------
INSERT INTO `samples_escola__pesquisa` VALUES ('4', '1', '2015-10-06', 'Gestão de Stock', '70', '2');
INSERT INTO `samples_escola__pesquisa` VALUES ('5', '1', '2015-10-07', 'Gestão de RH', '56', '1');
INSERT INTO `samples_escola__pesquisa` VALUES ('6', '3', '2015-11-12', 'Monografia de Empresas', '67', '1');
INSERT INTO `samples_escola__pesquisa` VALUES ('7', '4', '2016-09-13', 'Economia general', '56', '1');

-- ----------------------------
-- Table structure for samples_escola__provincia
-- ----------------------------
DROP TABLE IF EXISTS `samples_escola__provincia`;
CREATE TABLE `samples_escola__provincia` (
  `id` int(11) NOT NULL AUTO_INCREMENT,
  `nome` varchar(255) COLLATE utf8_unicode_ci NOT NULL,
  PRIMARY KEY (`id`)
) ENGINE=InnoDB AUTO_INCREMENT=4 DEFAULT CHARSET=utf8 COLLATE=utf8_unicode_ci;

-- ----------------------------
-- Records of samples_escola__provincia
-- ----------------------------
INSERT INTO `samples_escola__provincia` VALUES ('1', 'Luanda');
INSERT INTO `samples_escola__provincia` VALUES ('2', 'Kwanza Norte');
INSERT INTO `samples_escola__provincia` VALUES ('3', 'Uige');

-- ----------------------------
-- Table structure for samples_escola__tipo_pesquisa
-- ----------------------------
DROP TABLE IF EXISTS `samples_escola__tipo_pesquisa`;
CREATE TABLE `samples_escola__tipo_pesquisa` (
  `id` int(11) NOT NULL AUTO_INCREMENT,
  `nome` varchar(255) COLLATE utf8_unicode_ci NOT NULL,
  PRIMARY KEY (`id`)
) ENGINE=InnoDB AUTO_INCREMENT=3 DEFAULT CHARSET=utf8 COLLATE=utf8_unicode_ci;

-- ----------------------------
-- Records of samples_escola__tipo_pesquisa
-- ----------------------------
INSERT INTO `samples_escola__tipo_pesquisa` VALUES ('1', 'Exploratoria');
INSERT INTO `samples_escola__tipo_pesquisa` VALUES ('2', 'Descritiva');

-- ----------------------------
-- Table structure for samples_escola__turma
-- ----------------------------
DROP TABLE IF EXISTS `samples_escola__turma`;
CREATE TABLE `samples_escola__turma` (
  `id` int(11) NOT NULL AUTO_INCREMENT,
  `nome` varchar(255) COLLATE utf8_unicode_ci NOT NULL,
  PRIMARY KEY (`id`)
) ENGINE=InnoDB AUTO_INCREMENT=3 DEFAULT CHARSET=utf8 COLLATE=utf8_unicode_ci;

-- ----------------------------
-- Records of samples_escola__turma
-- ----------------------------
INSERT INTO `samples_escola__turma` VALUES ('1', 'A');
INSERT INTO `samples_escola__turma` VALUES ('2', 'B');

-- ----------------------------
-- Table structure for samples_escuela__asignatura
-- ----------------------------
DROP TABLE IF EXISTS `samples_escuela__asignatura`;
CREATE TABLE `samples_escuela__asignatura` (
  `id` int(11) NOT NULL AUTO_INCREMENT,
  `nombre` varchar(50) COLLATE utf8_unicode_ci NOT NULL,
  `abreviatura` varchar(10) COLLATE utf8_unicode_ci NOT NULL,
  PRIMARY KEY (`id`),
  UNIQUE KEY `UNIQ_4C41055E3A909126` (`nombre`),
  UNIQUE KEY `UNIQ_4C41055EFC5B5B61` (`abreviatura`)
) ENGINE=InnoDB AUTO_INCREMENT=5 DEFAULT CHARSET=utf8 COLLATE=utf8_unicode_ci;

-- ----------------------------
-- Records of samples_escuela__asignatura
-- ----------------------------
INSERT INTO `samples_escuela__asignatura` VALUES ('1', 'Español - Literatura', 'ESP');
INSERT INTO `samples_escuela__asignatura` VALUES ('2', 'Matemática', 'MAT');
INSERT INTO `samples_escuela__asignatura` VALUES ('3', 'Historia de Cuba', 'HIS');
INSERT INTO `samples_escuela__asignatura` VALUES ('4', 'Geografía', 'GEO');

-- ----------------------------
-- Table structure for samples_escuela__asignatura_que_imparte
-- ----------------------------
DROP TABLE IF EXISTS `samples_escuela__asignatura_que_imparte`;
CREATE TABLE `samples_escuela__asignatura_que_imparte` (
  `profesor_id` int(11) NOT NULL,
  `asignatura_id` int(11) NOT NULL,
  PRIMARY KEY (`profesor_id`,`asignatura_id`),
  KEY `IDX_9C35ACA1E52BD977` (`profesor_id`),
  KEY `IDX_9C35ACA1C5C70C5B` (`asignatura_id`),
  CONSTRAINT `FK_9C35ACA1C5C70C5B` FOREIGN KEY (`asignatura_id`) REFERENCES `samples_escuela__asignatura` (`id`),
  CONSTRAINT `FK_9C35ACA1E52BD977` FOREIGN KEY (`profesor_id`) REFERENCES `samples_escuela__profesor` (`id`)
) ENGINE=InnoDB DEFAULT CHARSET=utf8 COLLATE=utf8_unicode_ci;

-- ----------------------------
-- Records of samples_escuela__asignatura_que_imparte
-- ----------------------------
INSERT INTO `samples_escuela__asignatura_que_imparte` VALUES ('10', '1');
INSERT INTO `samples_escuela__asignatura_que_imparte` VALUES ('10', '2');
INSERT INTO `samples_escuela__asignatura_que_imparte` VALUES ('10', '4');
INSERT INTO `samples_escuela__asignatura_que_imparte` VALUES ('11', '1');
INSERT INTO `samples_escuela__asignatura_que_imparte` VALUES ('11', '3');

-- ----------------------------
-- Table structure for samples_escuela__curso_recibido
-- ----------------------------
DROP TABLE IF EXISTS `samples_escuela__curso_recibido`;
CREATE TABLE `samples_escuela__curso_recibido` (
  `id` int(11) NOT NULL AUTO_INCREMENT,
  `estudiante_id` int(11) NOT NULL,
  `asignatura_id` int(11) NOT NULL,
  `nota` int(11) NOT NULL,
  PRIMARY KEY (`id`),
  KEY `IDX_E2B491D759590C39` (`estudiante_id`),
  KEY `IDX_E2B491D7C5C70C5B` (`asignatura_id`),
  CONSTRAINT `FK_E2B491D759590C39` FOREIGN KEY (`estudiante_id`) REFERENCES `samples_escuela__estudiante` (`id`),
  CONSTRAINT `FK_E2B491D7C5C70C5B` FOREIGN KEY (`asignatura_id`) REFERENCES `samples_escuela__asignatura` (`id`)
) ENGINE=InnoDB AUTO_INCREMENT=4 DEFAULT CHARSET=utf8 COLLATE=utf8_unicode_ci;

-- ----------------------------
-- Records of samples_escuela__curso_recibido
-- ----------------------------
INSERT INTO `samples_escuela__curso_recibido` VALUES ('1', '7', '3', '6');
INSERT INTO `samples_escuela__curso_recibido` VALUES ('2', '5', '1', '5');
INSERT INTO `samples_escuela__curso_recibido` VALUES ('3', '5', '3', '4');

-- ----------------------------
-- Table structure for samples_escuela__direccion_particular
-- ----------------------------
DROP TABLE IF EXISTS `samples_escuela__direccion_particular`;
CREATE TABLE `samples_escuela__direccion_particular` (
  `id` int(11) NOT NULL AUTO_INCREMENT,
  `provincia_id` int(11) NOT NULL,
  `calle` varchar(50) COLLATE utf8_unicode_ci NOT NULL,
  `numero` varchar(50) COLLATE utf8_unicode_ci NOT NULL,
  `localidad` varchar(50) COLLATE utf8_unicode_ci NOT NULL,
  `persona_id` int(11) NOT NULL,
  PRIMARY KEY (`id`),
  UNIQUE KEY `UNIQ_C2B0BFB1F5F88DB9` (`persona_id`),
  KEY `IDX_C2B0BFB14E7121AF` (`provincia_id`),
  CONSTRAINT `FK_974835C14E7121AF` FOREIGN KEY (`provincia_id`) REFERENCES `samples_escuela__provincia` (`id`),
  CONSTRAINT `FK_974835C1F5F88DB9` FOREIGN KEY (`persona_id`) REFERENCES `samples_escuela__persona` (`id`)
) ENGINE=InnoDB AUTO_INCREMENT=12 DEFAULT CHARSET=utf8 COLLATE=utf8_unicode_ci;

-- ----------------------------
-- Records of samples_escuela__direccion_particular
-- ----------------------------
INSERT INTO `samples_escuela__direccion_particular` VALUES ('3', '1', 'uuuu', '8888', 'tttt', '5');
INSERT INTO `samples_escuela__direccion_particular` VALUES ('8', '1', 'nbnvbn', '22222', 'bnnvnbvbnb', '7');
INSERT INTO `samples_escuela__direccion_particular` VALUES ('10', '2', 'Aguacate', '454', 'San Matias', '11');
INSERT INTO `samples_escuela__direccion_particular` VALUES ('11', '1', 'San Pedro', '456', 'Sn Lucia', '10');

-- ----------------------------
-- Table structure for samples_escuela__escuela
-- ----------------------------
DROP TABLE IF EXISTS `samples_escuela__escuela`;
CREATE TABLE `samples_escuela__escuela` (
  `id` int(11) NOT NULL AUTO_INCREMENT,
  `nombre` varchar(50) COLLATE utf8_unicode_ci NOT NULL,
  PRIMARY KEY (`id`),
  UNIQUE KEY `UNIQ_C37806743A909126` (`nombre`)
) ENGINE=InnoDB AUTO_INCREMENT=3 DEFAULT CHARSET=utf8 COLLATE=utf8_unicode_ci;

-- ----------------------------
-- Records of samples_escuela__escuela
-- ----------------------------
INSERT INTO `samples_escuela__escuela` VALUES ('1', 'Fe del Valle');
INSERT INTO `samples_escuela__escuela` VALUES ('2', 'Manolo Perez');

-- ----------------------------
-- Table structure for samples_escuela__estudiante
-- ----------------------------
DROP TABLE IF EXISTS `samples_escuela__estudiante`;
CREATE TABLE `samples_escuela__estudiante` (
  `id` int(11) NOT NULL,
  `grado` int(11) NOT NULL,
  PRIMARY KEY (`id`),
  CONSTRAINT `FK_3B3F3FADBF396750` FOREIGN KEY (`id`) REFERENCES `samples_escuela__persona` (`id`) ON DELETE CASCADE
) ENGINE=InnoDB DEFAULT CHARSET=utf8 COLLATE=utf8_unicode_ci;

-- ----------------------------
-- Records of samples_escuela__estudiante
-- ----------------------------
INSERT INTO `samples_escuela__estudiante` VALUES ('5', '11');
INSERT INTO `samples_escuela__estudiante` VALUES ('7', '12');

-- ----------------------------
-- Table structure for samples_escuela__persona
-- ----------------------------
DROP TABLE IF EXISTS `samples_escuela__persona`;
CREATE TABLE `samples_escuela__persona` (
  `id` int(11) NOT NULL AUTO_INCREMENT,
  `ci` varchar(11) COLLATE utf8_unicode_ci NOT NULL,
  `nombre` varchar(50) COLLATE utf8_unicode_ci NOT NULL,
  `apellido1` varchar(50) COLLATE utf8_unicode_ci NOT NULL,
  `apellido2` varchar(50) COLLATE utf8_unicode_ci NOT NULL,
  `fecha_nacimiento` date NOT NULL,
  `sexo` varchar(1) COLLATE utf8_unicode_ci NOT NULL,
  `profesor_o_estudiante` varchar(255) COLLATE utf8_unicode_ci NOT NULL,
  `escuela_id` int(11) NOT NULL,
  PRIMARY KEY (`id`),
  UNIQUE KEY `persona_ci_unique` (`ci`),
  UNIQUE KEY `persona_nombre_apellidos_unique` (`nombre`,`apellido1`,`apellido2`),
  KEY `IDX_645B5221E33F8867` (`escuela_id`),
  CONSTRAINT `FK_51E5B69BE33F8867` FOREIGN KEY (`escuela_id`) REFERENCES `samples_escuela__escuela` (`id`)
) ENGINE=InnoDB AUTO_INCREMENT=12 DEFAULT CHARSET=utf8 COLLATE=utf8_unicode_ci;

-- ----------------------------
-- Records of samples_escuela__persona
-- ----------------------------
INSERT INTO `samples_escuela__persona` VALUES ('5', '44444444444', 'Manolo', 'Rodriguez', 'Martinez', '1991-12-12', 'M', 'estudiante', '1');
INSERT INTO `samples_escuela__persona` VALUES ('7', '88888888888', 'Maria', 'Perez', 'Domingo', '1989-12-12', 'F', 'estudiante', '1');
INSERT INTO `samples_escuela__persona` VALUES ('10', '56788945671', 'Pepe', 'Garcia', 'Limonta', '1983-12-12', 'M', 'profesor', '1');
INSERT INTO `samples_escuela__persona` VALUES ('11', '87673412091', 'Migdalia', 'Martinez', 'Romerillo', '1985-03-06', 'F', 'profesor', '2');

-- ----------------------------
-- Table structure for samples_escuela__profesor
-- ----------------------------
DROP TABLE IF EXISTS `samples_escuela__profesor`;
CREATE TABLE `samples_escuela__profesor` (
  `id` int(11) NOT NULL,
  `salario` double NOT NULL,
  PRIMARY KEY (`id`),
  CONSTRAINT `FK_5B7406D9BF396750` FOREIGN KEY (`id`) REFERENCES `samples_escuela__persona` (`id`) ON DELETE CASCADE
) ENGINE=InnoDB DEFAULT CHARSET=utf8 COLLATE=utf8_unicode_ci;

-- ----------------------------
-- Records of samples_escuela__profesor
-- ----------------------------
INSERT INTO `samples_escuela__profesor` VALUES ('10', '879');
INSERT INTO `samples_escuela__profesor` VALUES ('11', '945.89');

-- ----------------------------
-- Table structure for samples_escuela__provincia
-- ----------------------------
DROP TABLE IF EXISTS `samples_escuela__provincia`;
CREATE TABLE `samples_escuela__provincia` (
  `id` int(11) NOT NULL AUTO_INCREMENT,
  `nombre` varchar(50) COLLATE utf8_unicode_ci NOT NULL,
  `abreviatura` varchar(10) COLLATE utf8_unicode_ci NOT NULL,
  PRIMARY KEY (`id`),
  UNIQUE KEY `UNIQ_6AD7A7FE3A909126` (`nombre`),
  UNIQUE KEY `UNIQ_6AD7A7FEFC5B5B61` (`abreviatura`)
) ENGINE=InnoDB AUTO_INCREMENT=4 DEFAULT CHARSET=utf8 COLLATE=utf8_unicode_ci;

-- ----------------------------
-- Records of samples_escuela__provincia
-- ----------------------------
INSERT INTO `samples_escuela__provincia` VALUES ('1', 'Santiago de Cuba', 'SCU');
INSERT INTO `samples_escuela__provincia` VALUES ('2', 'La Habana', 'HAB');
INSERT INTO `samples_escuela__provincia` VALUES ('3', 'Villa clara', 'VCL');

-- ----------------------------
-- Table structure for samples_farmacia__classificacao
-- ----------------------------
DROP TABLE IF EXISTS `samples_farmacia__classificacao`;
CREATE TABLE `samples_farmacia__classificacao` (
  `id` int(11) NOT NULL AUTO_INCREMENT,
  `nome` varchar(255) COLLATE utf8_unicode_ci NOT NULL,
  PRIMARY KEY (`id`)
) ENGINE=InnoDB AUTO_INCREMENT=4 DEFAULT CHARSET=utf8 COLLATE=utf8_unicode_ci;

-- ----------------------------
-- Records of samples_farmacia__classificacao
-- ----------------------------
INSERT INTO `samples_farmacia__classificacao` VALUES ('1', 'Dispositivo Médico');
INSERT INTO `samples_farmacia__classificacao` VALUES ('2', 'Equipamento de Protecção Individual');
INSERT INTO `samples_farmacia__classificacao` VALUES ('3', 'Material de Consumo Clínico');

-- ----------------------------
-- Table structure for samples_farmacia__dispositivomedico
-- ----------------------------
DROP TABLE IF EXISTS `samples_farmacia__dispositivomedico`;
CREATE TABLE `samples_farmacia__dispositivomedico` (
  `id` int(11) NOT NULL,
  `forma_id` int(11) DEFAULT NULL,
  PRIMARY KEY (`id`),
  KEY `IDX_58BFC1AF338AD92B` (`forma_id`),
  CONSTRAINT `FK_35334442338AD92B` FOREIGN KEY (`forma_id`) REFERENCES `samples_farmacia__classificacao` (`id`),
  CONSTRAINT `FK_35334442BF396750` FOREIGN KEY (`id`) REFERENCES `samples_farmacia__produto` (`id`) ON DELETE CASCADE
) ENGINE=InnoDB DEFAULT CHARSET=utf8 COLLATE=utf8_unicode_ci;

-- ----------------------------
-- Records of samples_farmacia__dispositivomedico
-- ----------------------------
INSERT INTO `samples_farmacia__dispositivomedico` VALUES ('1', '1');
INSERT INTO `samples_farmacia__dispositivomedico` VALUES ('2', '2');
INSERT INTO `samples_farmacia__dispositivomedico` VALUES ('3', '3');

-- ----------------------------
-- Table structure for samples_farmacia__forma
-- ----------------------------
DROP TABLE IF EXISTS `samples_farmacia__forma`;
CREATE TABLE `samples_farmacia__forma` (
  `id` int(11) NOT NULL AUTO_INCREMENT,
  `nome` varchar(255) COLLATE utf8_unicode_ci NOT NULL,
  `abreviatura` varchar(255) COLLATE utf8_unicode_ci NOT NULL,
  PRIMARY KEY (`id`)
) ENGINE=InnoDB AUTO_INCREMENT=13 DEFAULT CHARSET=utf8 COLLATE=utf8_unicode_ci;

-- ----------------------------
-- Records of samples_farmacia__forma
-- ----------------------------
INSERT INTO `samples_farmacia__forma` VALUES ('1', 'Ampola', 'amp');
INSERT INTO `samples_farmacia__forma` VALUES ('2', 'Comprimido', 'comp');
INSERT INTO `samples_farmacia__forma` VALUES ('3', 'Xarope', 'xarp');
INSERT INTO `samples_farmacia__forma` VALUES ('4', 'Suspensão Oral', 'susp. oral');
INSERT INTO `samples_farmacia__forma` VALUES ('5', 'Creme', 'creme');
INSERT INTO `samples_farmacia__forma` VALUES ('6', 'Loção cutânea', 'loç. cut');
INSERT INTO `samples_farmacia__forma` VALUES ('7', 'Pó cutâneo', 'po cut');
INSERT INTO `samples_farmacia__forma` VALUES ('8', 'Gotas Orais', 'got. orais');
INSERT INTO `samples_farmacia__forma` VALUES ('9', 'Gotas Nasais', 'got. nas');
INSERT INTO `samples_farmacia__forma` VALUES ('10', 'Óvulos', 'ovulos');
INSERT INTO `samples_farmacia__forma` VALUES ('11', 'Frasco Perfusão', 'frasc. perf');
INSERT INTO `samples_farmacia__forma` VALUES ('12', 'Cápsulas', 'caps');

-- ----------------------------
-- Table structure for samples_farmacia__funcionario
-- ----------------------------
DROP TABLE IF EXISTS `samples_farmacia__funcionario`;
CREATE TABLE `samples_farmacia__funcionario` (
  `id` int(11) NOT NULL AUTO_INCREMENT,
  `usuario_id` char(36) COLLATE utf8_unicode_ci DEFAULT NULL COMMENT '(DC2Type:guid)',
  `nome` varchar(255) COLLATE utf8_unicode_ci NOT NULL,
  `bi` varchar(255) COLLATE utf8_unicode_ci NOT NULL,
  PRIMARY KEY (`id`),
  UNIQUE KEY `UNIQ_BB544D0DDB38439E` (`usuario_id`),
  CONSTRAINT `FK_F38C2C18DB38439E` FOREIGN KEY (`usuario_id`) REFERENCES `user__user` (`id`)
) ENGINE=InnoDB AUTO_INCREMENT=3 DEFAULT CHARSET=utf8 COLLATE=utf8_unicode_ci;

-- ----------------------------
-- Records of samples_farmacia__funcionario
-- ----------------------------
INSERT INTO `samples_farmacia__funcionario` VALUES ('1', '9b1ceab4-77b5-11e6-97fa-24b6fd443c04', 'Maria Salasar Benito', '345456789KN123');
INSERT INTO `samples_farmacia__funcionario` VALUES ('2', 'df9ff589-77b5-11e6-97fa-24b6fd443c04', 'João Alsemo Domingos', '789812012LD009');

-- ----------------------------
-- Table structure for samples_farmacia__medicamento
-- ----------------------------
DROP TABLE IF EXISTS `samples_farmacia__medicamento`;
CREATE TABLE `samples_farmacia__medicamento` (
  `id` int(11) NOT NULL,
  `unidade_medida_id` int(11) DEFAULT NULL,
  `forma_id` int(11) DEFAULT NULL,
  `dosagem` double NOT NULL,
  PRIMARY KEY (`id`),
  KEY `IDX_7DD384663ABEA42` (`unidade_medida_id`),
  KEY `IDX_7DD3846338AD92B` (`forma_id`),
  CONSTRAINT `FK_4F055953338AD92B` FOREIGN KEY (`forma_id`) REFERENCES `samples_farmacia__forma` (`id`),
  CONSTRAINT `FK_4F05595363ABEA42` FOREIGN KEY (`unidade_medida_id`) REFERENCES `samples_farmacia__unidade_medida` (`id`),
  CONSTRAINT `FK_4F055953BF396750` FOREIGN KEY (`id`) REFERENCES `samples_farmacia__produto` (`id`) ON DELETE CASCADE
) ENGINE=InnoDB DEFAULT CHARSET=utf8 COLLATE=utf8_unicode_ci;

-- ----------------------------
-- Records of samples_farmacia__medicamento
-- ----------------------------
INSERT INTO `samples_farmacia__medicamento` VALUES ('4', '3', '1', '100');
INSERT INTO `samples_farmacia__medicamento` VALUES ('5', '2', '8', '100');
INSERT INTO `samples_farmacia__medicamento` VALUES ('6', '3', '3', '500');
INSERT INTO `samples_farmacia__medicamento` VALUES ('7', '2', '6', '75');

-- ----------------------------
-- Table structure for samples_farmacia__medicamento_principio_activo
-- ----------------------------
DROP TABLE IF EXISTS `samples_farmacia__medicamento_principio_activo`;
CREATE TABLE `samples_farmacia__medicamento_principio_activo` (
  `medicamento_id` int(11) NOT NULL,
  `principio_activo_id` int(11) NOT NULL,
  PRIMARY KEY (`medicamento_id`,`principio_activo_id`),
  KEY `IDX_777FBF83DECC3FDC` (`medicamento_id`),
  KEY `IDX_777FBF833E6983B5` (`principio_activo_id`),
  CONSTRAINT `FK_4861440D3E6983B5` FOREIGN KEY (`principio_activo_id`) REFERENCES `samples_farmacia__principioactivo` (`id`),
  CONSTRAINT `FK_4861440DDECC3FDC` FOREIGN KEY (`medicamento_id`) REFERENCES `samples_farmacia__medicamento` (`id`)
) ENGINE=InnoDB DEFAULT CHARSET=utf8 COLLATE=utf8_unicode_ci;

-- ----------------------------
-- Records of samples_farmacia__medicamento_principio_activo
-- ----------------------------
INSERT INTO `samples_farmacia__medicamento_principio_activo` VALUES ('4', '1');
INSERT INTO `samples_farmacia__medicamento_principio_activo` VALUES ('5', '2');
INSERT INTO `samples_farmacia__medicamento_principio_activo` VALUES ('6', '5');
INSERT INTO `samples_farmacia__medicamento_principio_activo` VALUES ('7', '6');

-- ----------------------------
-- Table structure for samples_farmacia__movimento
-- ----------------------------
DROP TABLE IF EXISTS `samples_farmacia__movimento`;
CREATE TABLE `samples_farmacia__movimento` (
  `id` int(11) NOT NULL AUTO_INCREMENT,
  `produto_id` int(11) DEFAULT NULL,
  `tipo_movimento_id` int(11) DEFAULT NULL,
  `funcionario_id` int(11) DEFAULT NULL,
  `data` datetime NOT NULL,
  `existencia_actual` double NOT NULL,
  `quantidade` double NOT NULL,
  `procedencia_destino` varchar(255) COLLATE utf8_unicode_ci NOT NULL,
  `observacoes` varchar(255) COLLATE utf8_unicode_ci DEFAULT NULL,
  PRIMARY KEY (`id`),
  KEY `IDX_3E6F3EA7105CFD56` (`produto_id`),
  KEY `IDX_3E6F3EA7E049502D` (`tipo_movimento_id`),
  KEY `IDX_3E6F3EA7642FEB76` (`funcionario_id`),
  CONSTRAINT `FK_D9116BB6105CFD56` FOREIGN KEY (`produto_id`) REFERENCES `samples_farmacia__produto` (`id`),
  CONSTRAINT `FK_D9116BB6642FEB76` FOREIGN KEY (`funcionario_id`) REFERENCES `samples_farmacia__funcionario` (`id`),
  CONSTRAINT `FK_D9116BB6E049502D` FOREIGN KEY (`tipo_movimento_id`) REFERENCES `samples_farmacia__tipo_movimento` (`id`)
) ENGINE=InnoDB AUTO_INCREMENT=8 DEFAULT CHARSET=utf8 COLLATE=utf8_unicode_ci;

-- ----------------------------
-- Records of samples_farmacia__movimento
-- ----------------------------
INSERT INTO `samples_farmacia__movimento` VALUES ('1', '1', '1', '1', '2015-11-29 23:12:11', '200', '200', 'Luanda', '<p>Luanda<br></p>');
INSERT INTO `samples_farmacia__movimento` VALUES ('2', '2', '1', '2', '2015-11-29 23:13:45', '50', '50', 'Transferencia da outra farmácia', null);
INSERT INTO `samples_farmacia__movimento` VALUES ('3', '1', '2', '1', '2015-11-29 23:15:01', '150', '50', 'Área de vendas', null);
INSERT INTO `samples_farmacia__movimento` VALUES ('4', '4', '1', '2', '2015-11-29 23:51:08', '280', '280', 'Farmacia Tuamamico LDA', '<p>Compra de medicamentos a utra farmácia<br></p>');
INSERT INTO `samples_farmacia__movimento` VALUES ('5', '7', '1', '2', '2015-11-29 23:51:58', '560', '560', 'Recebimento de China', '<p>Embalagem de China<br></p>');
INSERT INTO `samples_farmacia__movimento` VALUES ('6', '7', '2', '1', '2015-11-29 23:52:39', '545', '15', 'Área de venda', '<p>Venda do dia<br></p>');
INSERT INTO `samples_farmacia__movimento` VALUES ('7', '4', '1', '1', '2015-11-30 00:07:49', '400', '120', 'Entrega de China', '<p>Embalagem com 120 unidades desde china<br></p>');

-- ----------------------------
-- Table structure for samples_farmacia__principioactivo
-- ----------------------------
DROP TABLE IF EXISTS `samples_farmacia__principioactivo`;
CREATE TABLE `samples_farmacia__principioactivo` (
  `id` int(11) NOT NULL AUTO_INCREMENT,
  `nome` varchar(255) COLLATE utf8_unicode_ci NOT NULL,
  PRIMARY KEY (`id`)
) ENGINE=InnoDB AUTO_INCREMENT=7 DEFAULT CHARSET=utf8 COLLATE=utf8_unicode_ci;

-- ----------------------------
-- Records of samples_farmacia__principioactivo
-- ----------------------------
INSERT INTO `samples_farmacia__principioactivo` VALUES ('1', 'Água estéril');
INSERT INTO `samples_farmacia__principioactivo` VALUES ('2', 'Paracetamol');
INSERT INTO `samples_farmacia__principioactivo` VALUES ('3', 'Ampicilina');
INSERT INTO `samples_farmacia__principioactivo` VALUES ('4', 'Clobetasol');
INSERT INTO `samples_farmacia__principioactivo` VALUES ('5', 'Vitamina C');
INSERT INTO `samples_farmacia__principioactivo` VALUES ('6', 'Betametasona');

-- ----------------------------
-- Table structure for samples_farmacia__produto
-- ----------------------------
DROP TABLE IF EXISTS `samples_farmacia__produto`;
CREATE TABLE `samples_farmacia__produto` (
  `id` int(11) NOT NULL AUTO_INCREMENT,
  `nome` varchar(255) COLLATE utf8_unicode_ci NOT NULL,
  `stock` double DEFAULT NULL,
  `tipo_produto` varchar(255) COLLATE utf8_unicode_ci NOT NULL,
  PRIMARY KEY (`id`)
) ENGINE=InnoDB AUTO_INCREMENT=8 DEFAULT CHARSET=utf8 COLLATE=utf8_unicode_ci;

-- ----------------------------
-- Records of samples_farmacia__produto
-- ----------------------------
INSERT INTO `samples_farmacia__produto` VALUES ('1', 'Agulha espinhal/epidural 20G x 90 mm estéril descartável', '150', 'dispositivo_medico');
INSERT INTO `samples_farmacia__produto` VALUES ('2', 'Luvas de exame, látex, não estéril, descartável, Grande', '50', 'dispositivo_medico');
INSERT INTO `samples_farmacia__produto` VALUES ('3', 'Pulseira identificativa, adulto (branca), 1.0 x 30 cm', '0', 'dispositivo_medico');
INSERT INTO `samples_farmacia__produto` VALUES ('4', 'Agua para injectáveis', '400', 'medicamento');
INSERT INTO `samples_farmacia__produto` VALUES ('5', 'Amidol Drops', '0', 'medicamento');
INSERT INTO `samples_farmacia__produto` VALUES ('6', 'Cevite', '0', 'medicamento');
INSERT INTO `samples_farmacia__produto` VALUES ('7', 'Epiderm', '545', 'medicamento');

-- ----------------------------
-- Table structure for samples_farmacia__tipo_movimento
-- ----------------------------
DROP TABLE IF EXISTS `samples_farmacia__tipo_movimento`;
CREATE TABLE `samples_farmacia__tipo_movimento` (
  `id` int(11) NOT NULL AUTO_INCREMENT,
  `nome` varchar(255) COLLATE utf8_unicode_ci NOT NULL,
  `valor` int(11) NOT NULL,
  PRIMARY KEY (`id`)
) ENGINE=InnoDB AUTO_INCREMENT=3 DEFAULT CHARSET=utf8 COLLATE=utf8_unicode_ci;

-- ----------------------------
-- Records of samples_farmacia__tipo_movimento
-- ----------------------------
INSERT INTO `samples_farmacia__tipo_movimento` VALUES ('1', 'Recebimento', '1');
INSERT INTO `samples_farmacia__tipo_movimento` VALUES ('2', 'Venda no dia', '-1');

-- ----------------------------
-- Table structure for samples_farmacia__unidade_medida
-- ----------------------------
DROP TABLE IF EXISTS `samples_farmacia__unidade_medida`;
CREATE TABLE `samples_farmacia__unidade_medida` (
  `id` int(11) NOT NULL AUTO_INCREMENT,
  `nome` varchar(255) COLLATE utf8_unicode_ci NOT NULL,
  `abreviatura` varchar(255) COLLATE utf8_unicode_ci NOT NULL,
  PRIMARY KEY (`id`)
) ENGINE=InnoDB AUTO_INCREMENT=4 DEFAULT CHARSET=utf8 COLLATE=utf8_unicode_ci;

-- ----------------------------
-- Records of samples_farmacia__unidade_medida
-- ----------------------------
INSERT INTO `samples_farmacia__unidade_medida` VALUES ('1', 'grama', 'g');
INSERT INTO `samples_farmacia__unidade_medida` VALUES ('2', 'miligrama', 'mg');
INSERT INTO `samples_farmacia__unidade_medida` VALUES ('3', 'mililitro', 'ml');

-- ----------------------------
-- Table structure for samples_farmacia__user_user
-- ----------------------------
DROP TABLE IF EXISTS `samples_farmacia__user_user`;
CREATE TABLE `samples_farmacia__user_user` (
  `id` char(36) COLLATE utf8_unicode_ci NOT NULL COMMENT '(DC2Type:guid)',
  `username` varchar(255) COLLATE utf8_unicode_ci NOT NULL,
  `username_canonical` varchar(255) COLLATE utf8_unicode_ci NOT NULL,
  `email` varchar(255) COLLATE utf8_unicode_ci NOT NULL,
  `email_canonical` varchar(255) COLLATE utf8_unicode_ci NOT NULL,
  `enabled` tinyint(1) NOT NULL,
  `salt` varchar(255) COLLATE utf8_unicode_ci NOT NULL,
  `password` varchar(255) COLLATE utf8_unicode_ci NOT NULL,
  `last_login` datetime DEFAULT NULL,
  `locked` tinyint(1) NOT NULL,
  `expired` tinyint(1) NOT NULL,
  `expires_at` datetime DEFAULT NULL,
  `confirmation_token` varchar(255) COLLATE utf8_unicode_ci DEFAULT NULL,
  `password_requested_at` datetime DEFAULT NULL,
  `roles` longtext COLLATE utf8_unicode_ci NOT NULL COMMENT '(DC2Type:array)',
  `credentials_expired` tinyint(1) NOT NULL,
  `credentials_expire_at` datetime DEFAULT NULL,
  `created_at` datetime NOT NULL,
  `updated_at` datetime NOT NULL,
  `date_of_birth` datetime DEFAULT NULL,
  `firstname` varchar(64) COLLATE utf8_unicode_ci DEFAULT NULL,
  `lastname` varchar(64) COLLATE utf8_unicode_ci DEFAULT NULL,
  `website` varchar(64) COLLATE utf8_unicode_ci DEFAULT NULL,
  `biography` varchar(1000) COLLATE utf8_unicode_ci DEFAULT NULL,
  `gender` varchar(1) COLLATE utf8_unicode_ci DEFAULT NULL,
  `locale` varchar(8) COLLATE utf8_unicode_ci DEFAULT NULL,
  `timezone` varchar(64) COLLATE utf8_unicode_ci DEFAULT NULL,
  `phone` varchar(64) COLLATE utf8_unicode_ci DEFAULT NULL,
  `facebook_uid` varchar(255) COLLATE utf8_unicode_ci DEFAULT NULL,
  `facebook_name` varchar(255) COLLATE utf8_unicode_ci DEFAULT NULL,
  `facebook_data` longtext COLLATE utf8_unicode_ci COMMENT '(DC2Type:json)',
  `twitter_uid` varchar(255) COLLATE utf8_unicode_ci DEFAULT NULL,
  `twitter_name` varchar(255) COLLATE utf8_unicode_ci DEFAULT NULL,
  `twitter_data` longtext COLLATE utf8_unicode_ci COMMENT '(DC2Type:json)',
  `gplus_uid` varchar(255) COLLATE utf8_unicode_ci DEFAULT NULL,
  `gplus_name` varchar(255) COLLATE utf8_unicode_ci DEFAULT NULL,
  `gplus_data` longtext COLLATE utf8_unicode_ci COMMENT '(DC2Type:json)',
  `token` varchar(255) COLLATE utf8_unicode_ci DEFAULT NULL,
  `two_step_code` varchar(255) COLLATE utf8_unicode_ci DEFAULT NULL,
  PRIMARY KEY (`id`),
  UNIQUE KEY `UNIQ_F7129A8092FC23A8` (`username_canonical`),
  UNIQUE KEY `UNIQ_F7129A80A0D96FBF` (`email_canonical`)
) ENGINE=InnoDB DEFAULT CHARSET=utf8 COLLATE=utf8_unicode_ci;

-- ----------------------------
-- Records of samples_farmacia__user_user
-- ----------------------------
INSERT INTO `samples_farmacia__user_user` VALUES ('1e7a751b-96e5-11e5-9349-24b6fd443c04', 'joao', 'joao', 'joao@gmail.com', 'joao@gmail.com', '1', 'fxna8eeh6igwsk4wswggcwg4c0scswg', 'f2e5e4cbffd7be1aa1e4ad549ba4c6ebbd4cce846e3dd1bfdbb90c675de3dba6824926663eda7d13b3ae22a7f7babfa07b9b8a7d1f93d3e09f228729ff8375cc', null, '0', '0', null, null, null, 'a:0:{}', '0', null, '2015-11-29 23:04:10', '2015-11-29 23:04:10', null, null, null, null, null, 'u', null, null, null, null, null, 'null', null, null, 'null', null, null, 'null', null, null);
INSERT INTO `samples_farmacia__user_user` VALUES ('d773d900-96dd-11e5-9349-24b6fd443c04', 'admin', 'admin', 'admin@localhost.com', 'admin@localhost.com', '1', '2a30etscjj6s4gkskw8s4o80g80k0k0', 'e265f540700bf4c8003cdbf806cedf748365653ef36f17527182c9079f2747788aa0db8ad1f4295171494455ffc917bbcee34604a2a66f95c0fa923464370121', '2015-11-29 23:57:22', '0', '0', null, null, null, 'a:2:{i:0;s:10:\"ROLE_ADMIN\";i:1;s:16:\"ROLE_SUPER_ADMIN\";}', '0', null, '2015-11-29 22:12:05', '2015-11-29 23:57:22', null, null, null, null, null, 'u', null, null, null, null, null, 'null', null, null, 'null', null, null, 'null', null, null);
INSERT INTO `samples_farmacia__user_user` VALUES ('fcbe8abf-96e4-11e5-9349-24b6fd443c04', 'maria', 'maria', 'maria@gmail.com', 'maria@gmail.com', '1', 'suz2qyhuzuo0g40ck8848cosggoo0cg', 'a30adeb18abd6dbcddf1fd9482ca5b6e005412cf95245259fb87fb73c2b49574491317b117a5f8394a80ad5e1e1641473f749ced021e956a3ddfcd3f2a893910', '2015-11-29 23:56:25', '0', '0', null, null, null, 'a:0:{}', '0', null, '2015-11-29 23:03:14', '2015-11-29 23:56:25', null, null, null, null, null, 'u', null, null, null, null, null, 'null', null, null, 'null', null, null, 'null', null, null);

-- ----------------------------
-- Table structure for samples_programadores__lenguajes_preferidos
-- ----------------------------
DROP TABLE IF EXISTS `samples_programadores__lenguajes_preferidos`;
CREATE TABLE `samples_programadores__lenguajes_preferidos` (
  `programador_id` varchar(255) COLLATE utf8_unicode_ci NOT NULL COMMENT '(DC2Type:guid)',
  `lenguaje_programacion_id` varchar(255) COLLATE utf8_unicode_ci NOT NULL COMMENT '(DC2Type:guid)',
  PRIMARY KEY (`programador_id`,`lenguaje_programacion_id`),
  KEY `IDX_B3694E52CDEF9813` (`programador_id`),
  KEY `IDX_B3694E522ED18832` (`lenguaje_programacion_id`),
  CONSTRAINT `FK_1ED1E6A2ED18832` FOREIGN KEY (`lenguaje_programacion_id`) REFERENCES `samples_programadores__lenguaje_programacion` (`id`),
  CONSTRAINT `FK_1ED1E6ACDEF9813` FOREIGN KEY (`programador_id`) REFERENCES `samples_programadores__programador` (`id`)
) ENGINE=InnoDB DEFAULT CHARSET=utf8 COLLATE=utf8_unicode_ci;

-- ----------------------------
-- Records of samples_programadores__lenguajes_preferidos
-- ----------------------------
INSERT INTO `samples_programadores__lenguajes_preferidos` VALUES ('255a6f90-d562-11e4-9a34-24b6fd443c04', '1519b4f1-d561-11e4-9a34-24b6fd443c04');
INSERT INTO `samples_programadores__lenguajes_preferidos` VALUES ('255a6f90-d562-11e4-9a34-24b6fd443c04', '1e655923-d561-11e4-9a34-24b6fd443c04');
INSERT INTO `samples_programadores__lenguajes_preferidos` VALUES ('56c649b6-db14-11e4-9780-24b6fd443c04', '1519b4f1-d561-11e4-9a34-24b6fd443c04');
INSERT INTO `samples_programadores__lenguajes_preferidos` VALUES ('56c649b6-db14-11e4-9780-24b6fd443c04', '19f8b3da-d561-11e4-9a34-24b6fd443c04');
INSERT INTO `samples_programadores__lenguajes_preferidos` VALUES ('56c649b6-db14-11e4-9780-24b6fd443c04', '1e655923-d561-11e4-9a34-24b6fd443c04');
INSERT INTO `samples_programadores__lenguajes_preferidos` VALUES ('abdb20e6-db14-11e4-9780-24b6fd443c04', '19f8b3da-d561-11e4-9a34-24b6fd443c04');
INSERT INTO `samples_programadores__lenguajes_preferidos` VALUES ('abdb20e6-db14-11e4-9780-24b6fd443c04', '1e655923-d561-11e4-9a34-24b6fd443c04');
INSERT INTO `samples_programadores__lenguajes_preferidos` VALUES ('b34a1e12-3000-11e5-831e-24b6fd443c04', '1519b4f1-d561-11e4-9a34-24b6fd443c04');

-- ----------------------------
-- Table structure for samples_programadores__lenguaje_programacion
-- ----------------------------
DROP TABLE IF EXISTS `samples_programadores__lenguaje_programacion`;
CREATE TABLE `samples_programadores__lenguaje_programacion` (
  `id` varchar(255) COLLATE utf8_unicode_ci NOT NULL COMMENT '(DC2Type:guid)',
  `nombre` varchar(50) COLLATE utf8_unicode_ci NOT NULL,
  PRIMARY KEY (`id`),
  UNIQUE KEY `UNIQ_AB162EC73A909126` (`nombre`)
) ENGINE=InnoDB DEFAULT CHARSET=utf8 COLLATE=utf8_unicode_ci;

-- ----------------------------
-- Records of samples_programadores__lenguaje_programacion
-- ----------------------------
INSERT INTO `samples_programadores__lenguaje_programacion` VALUES ('1519b4f1-d561-11e4-9a34-24b6fd443c04', 'C++');
INSERT INTO `samples_programadores__lenguaje_programacion` VALUES ('19f8b3da-d561-11e4-9a34-24b6fd443c04', 'Java');
INSERT INTO `samples_programadores__lenguaje_programacion` VALUES ('1e655923-d561-11e4-9a34-24b6fd443c04', 'PHP');

-- ----------------------------
-- Table structure for samples_programadores__programador
-- ----------------------------
DROP TABLE IF EXISTS `samples_programadores__programador`;
CREATE TABLE `samples_programadores__programador` (
  `id` varchar(255) COLLATE utf8_unicode_ci NOT NULL COMMENT '(DC2Type:guid)',
  `sistema_id` varchar(255) COLLATE utf8_unicode_ci DEFAULT NULL COMMENT '(DC2Type:guid)',
  `ci` varchar(11) COLLATE utf8_unicode_ci NOT NULL,
  `nombre` varchar(50) COLLATE utf8_unicode_ci NOT NULL,
  `apellido1` varchar(50) COLLATE utf8_unicode_ci NOT NULL,
  `apellido2` varchar(50) COLLATE utf8_unicode_ci NOT NULL,
  `fecha_nacimiento` date NOT NULL,
  `sexo` varchar(1) COLLATE utf8_unicode_ci NOT NULL,
  `certificado` tinyint(1) DEFAULT NULL,
  `foto_path` varchar(255) COLLATE utf8_unicode_ci DEFAULT NULL,
  PRIMARY KEY (`id`),
  UNIQUE KEY `programador_nombre_apellidos_unique` (`nombre`,`apellido1`,`apellido2`),
  UNIQUE KEY `programador_ci_unique` (`ci`),
  KEY `IDX_758711CA17CDA208` (`sistema_id`),
  CONSTRAINT `FK_773A6B8E17CDA208` FOREIGN KEY (`sistema_id`) REFERENCES `samples_programadores__sistema_operativo` (`id`)
) ENGINE=InnoDB DEFAULT CHARSET=utf8 COLLATE=utf8_unicode_ci;

-- ----------------------------
-- Records of samples_programadores__programador
-- ----------------------------
INSERT INTO `samples_programadores__programador` VALUES ('255a6f90-d562-11e4-9a34-24b6fd443c04', '6e981dfc-d561-11e4-9a34-24b6fd443c04', '67567567567', 'Pepe', 'Rodriguez', 'Hernandez', '2015-03-26', 'M', '1', null);
INSERT INTO `samples_programadores__programador` VALUES ('56c649b6-db14-11e4-9780-24b6fd443c04', '63f21af6-d561-11e4-9a34-24b6fd443c04', '90909090909', 'Maria', 'Dominguez', 'Perez', '2015-04-01', 'F', '1', '36fdc6239fa0c9bce969ed5f19a0a2a4ad7d037e.jpeg');
INSERT INTO `samples_programadores__programador` VALUES ('abdb20e6-db14-11e4-9780-24b6fd443c04', '6e981dfc-d561-11e4-9a34-24b6fd443c04', '78787878787', 'Miguel', 'Gutierrez', 'Soza', '2015-04-01', 'M', '0', null);
INSERT INTO `samples_programadores__programador` VALUES ('b34a1e12-3000-11e5-831e-24b6fd443c04', '6e981dfc-d561-11e4-9a34-24b6fd443c04', '77777777777', 'Antonio', 'Matias', 'Gonzalez', '2015-07-06', 'M', '0', null);

-- ----------------------------
-- Table structure for samples_programadores__proyecto
-- ----------------------------
DROP TABLE IF EXISTS `samples_programadores__proyecto`;
CREATE TABLE `samples_programadores__proyecto` (
  `id` varchar(255) COLLATE utf8_unicode_ci NOT NULL COMMENT '(DC2Type:guid)',
  `lenguaje_programacion_id` varchar(255) COLLATE utf8_unicode_ci DEFAULT NULL COMMENT '(DC2Type:guid)',
  `programador_id` varchar(255) COLLATE utf8_unicode_ci DEFAULT NULL COMMENT '(DC2Type:guid)',
  `nombre` varchar(50) COLLATE utf8_unicode_ci NOT NULL,
  `fecha` date NOT NULL,
  PRIMARY KEY (`id`),
  KEY `IDX_E4CD07202ED18832` (`lenguaje_programacion_id`),
  KEY `IDX_E4CD0720CDEF9813` (`programador_id`),
  CONSTRAINT `FK_6FD202B92ED18832` FOREIGN KEY (`lenguaje_programacion_id`) REFERENCES `samples_programadores__lenguaje_programacion` (`id`),
  CONSTRAINT `FK_6FD202B9CDEF9813` FOREIGN KEY (`programador_id`) REFERENCES `samples_programadores__programador` (`id`)
) ENGINE=InnoDB DEFAULT CHARSET=utf8 COLLATE=utf8_unicode_ci;

-- ----------------------------
-- Records of samples_programadores__proyecto
-- ----------------------------
INSERT INTO `samples_programadores__proyecto` VALUES ('00ba818c-db14-11e4-9780-24b6fd443c04', '1519b4f1-d561-11e4-9a34-24b6fd443c04', '255a6f90-d562-11e4-9a34-24b6fd443c04', 'Proyecto Nuevo', '2015-04-02');
INSERT INTO `samples_programadores__proyecto` VALUES ('2352c6aa-db14-11e4-9780-24b6fd443c04', '19f8b3da-d561-11e4-9a34-24b6fd443c04', '255a6f90-d562-11e4-9a34-24b6fd443c04', 'Other Porject', '2015-04-01');
INSERT INTO `samples_programadores__proyecto` VALUES ('235306ec-db14-11e4-9780-24b6fd443c04', '19f8b3da-d561-11e4-9a34-24b6fd443c04', '255a6f90-d562-11e4-9a34-24b6fd443c04', 'Main Project', '2015-04-01');
INSERT INTO `samples_programadores__proyecto` VALUES ('255a8d68-d562-11e4-9a34-24b6fd443c04', '19f8b3da-d561-11e4-9a34-24b6fd443c04', '255a6f90-d562-11e4-9a34-24b6fd443c04', 'Join to us', '2015-03-04');
INSERT INTO `samples_programadores__proyecto` VALUES ('3f16c57d-79fe-11e6-b89f-24b6fd443c04', '1519b4f1-d561-11e4-9a34-24b6fd443c04', null, 'Otro proyecto nuevo', '2016-09-01');
INSERT INTO `samples_programadores__proyecto` VALUES ('56c65ce4-db14-11e4-9780-24b6fd443c04', '1e655923-d561-11e4-9a34-24b6fd443c04', '56c649b6-db14-11e4-9780-24b6fd443c04', 'Uno solo', '2015-04-01');
INSERT INTO `samples_programadores__proyecto` VALUES ('abdb33c6-db14-11e4-9780-24b6fd443c04', '1519b4f1-d561-11e4-9a34-24b6fd443c04', 'abdb20e6-db14-11e4-9780-24b6fd443c04', 'Proyecto 1', '2015-04-01');
INSERT INTO `samples_programadores__proyecto` VALUES ('abdb43aa-db14-11e4-9780-24b6fd443c04', '1519b4f1-d561-11e4-9a34-24b6fd443c04', 'abdb20e6-db14-11e4-9780-24b6fd443c04', 'Proyecto 2', '2015-01-07');
INSERT INTO `samples_programadores__proyecto` VALUES ('abdb5345-db14-11e4-9780-24b6fd443c04', '1519b4f1-d561-11e4-9a34-24b6fd443c04', 'abdb20e6-db14-11e4-9780-24b6fd443c04', 'Proyecto 3', '2014-12-10');
INSERT INTO `samples_programadores__proyecto` VALUES ('c2b09be3-3000-11e5-831e-24b6fd443c04', '1519b4f1-d561-11e4-9a34-24b6fd443c04', 'b34a1e12-3000-11e5-831e-24b6fd443c04', 'uiuiu', '2015-08-04');

-- ----------------------------
-- Table structure for samples_programadores__sistema_operativo
-- ----------------------------
DROP TABLE IF EXISTS `samples_programadores__sistema_operativo`;
CREATE TABLE `samples_programadores__sistema_operativo` (
  `id` varchar(255) COLLATE utf8_unicode_ci NOT NULL COMMENT '(DC2Type:guid)',
  `nombre` varchar(50) COLLATE utf8_unicode_ci NOT NULL,
  PRIMARY KEY (`id`),
  UNIQUE KEY `UNIQ_5AC5227E3A909126` (`nombre`)
) ENGINE=InnoDB DEFAULT CHARSET=utf8 COLLATE=utf8_unicode_ci;

-- ----------------------------
-- Records of samples_programadores__sistema_operativo
-- ----------------------------
INSERT INTO `samples_programadores__sistema_operativo` VALUES ('68c66ec1-d561-11e4-9a34-24b6fd443c04', 'Linux');
INSERT INTO `samples_programadores__sistema_operativo` VALUES ('6e981dfc-d561-11e4-9a34-24b6fd443c04', 'Mac OS');
INSERT INTO `samples_programadores__sistema_operativo` VALUES ('63f21af6-d561-11e4-9a34-24b6fd443c04', 'Windows 7');
INSERT INTO `samples_programadores__sistema_operativo` VALUES ('5dcca024-d561-11e4-9a34-24b6fd443c04', 'Windows XP');

-- ----------------------------
-- Table structure for samples_propinas_estudiantis__ano_lectivo
-- ----------------------------
DROP TABLE IF EXISTS `samples_propinas_estudiantis__ano_lectivo`;
CREATE TABLE `samples_propinas_estudiantis__ano_lectivo` (
  `id` varchar(255) COLLATE utf8_unicode_ci NOT NULL COMMENT '(DC2Type:guid)',
  `ano` int(11) NOT NULL,
  `custo_mes_1` decimal(10,2) DEFAULT NULL,
  `custo_mes_2` decimal(10,2) DEFAULT NULL,
  `custo_mes_3` decimal(10,2) DEFAULT NULL,
  `custo_mes_4` decimal(10,2) DEFAULT NULL,
  `custo_mes_5` decimal(10,2) DEFAULT NULL,
  `custo_mes_6` decimal(10,2) DEFAULT NULL,
  `custo_mes_7` decimal(10,2) DEFAULT NULL,
  `custo_mes_8` decimal(10,2) DEFAULT NULL,
  `custo_mes_9` decimal(10,2) DEFAULT NULL,
  `custo_mes_10` decimal(10,2) DEFAULT NULL,
  `custo_mes_11` decimal(10,2) DEFAULT NULL,
  `custo_mes_12` decimal(10,2) DEFAULT NULL,
  PRIMARY KEY (`id`)
) ENGINE=InnoDB DEFAULT CHARSET=utf8 COLLATE=utf8_unicode_ci;

-- ----------------------------
-- Records of samples_propinas_estudiantis__ano_lectivo
-- ----------------------------
INSERT INTO `samples_propinas_estudiantis__ano_lectivo` VALUES ('dd674d80-b7c9-11e4-bb70-24b6fd443c04', '2015', '0.00', '0.00', '15000.00', '15000.00', '0.00', '15000.00', '15000.00', '15000.00', '15000.00', '15000.00', '15000.00', '0.00');
INSERT INTO `samples_propinas_estudiantis__ano_lectivo` VALUES ('e4dd74ee-b7c9-11e4-bb70-24b6fd443c04', '2016', '0.00', '0.00', '15000.00', '15000.00', '15000.00', '15000.00', '15000.00', '15000.00', '15000.00', '15000.00', '15000.00', '15000.00');

-- ----------------------------
-- Table structure for samples_propinas_estudiantis__classe
-- ----------------------------
DROP TABLE IF EXISTS `samples_propinas_estudiantis__classe`;
CREATE TABLE `samples_propinas_estudiantis__classe` (
  `id` varchar(255) COLLATE utf8_unicode_ci NOT NULL COMMENT '(DC2Type:guid)',
  `numero` int(11) NOT NULL,
  `nome` varchar(255) COLLATE utf8_unicode_ci NOT NULL,
  PRIMARY KEY (`id`)
) ENGINE=InnoDB DEFAULT CHARSET=utf8 COLLATE=utf8_unicode_ci;

-- ----------------------------
-- Records of samples_propinas_estudiantis__classe
-- ----------------------------
INSERT INTO `samples_propinas_estudiantis__classe` VALUES ('32be8f89-b7ca-11e4-bb70-24b6fd443c04', '1', 'I Ano');
INSERT INTO `samples_propinas_estudiantis__classe` VALUES ('3c14710a-b7ca-11e4-bb70-24b6fd443c04', '2', 'II Ano');
INSERT INTO `samples_propinas_estudiantis__classe` VALUES ('422dce0e-b7ca-11e4-bb70-24b6fd443c04', '3', 'III Ano');
INSERT INTO `samples_propinas_estudiantis__classe` VALUES ('4a317771-b7ca-11e4-bb70-24b6fd443c04', '4', 'IV Ano');

-- ----------------------------
-- Table structure for samples_propinas_estudiantis__curso
-- ----------------------------
DROP TABLE IF EXISTS `samples_propinas_estudiantis__curso`;
CREATE TABLE `samples_propinas_estudiantis__curso` (
  `id` varchar(255) COLLATE utf8_unicode_ci NOT NULL COMMENT '(DC2Type:guid)',
  `nome` varchar(255) COLLATE utf8_unicode_ci NOT NULL,
  PRIMARY KEY (`id`)
) ENGINE=InnoDB DEFAULT CHARSET=utf8 COLLATE=utf8_unicode_ci;

-- ----------------------------
-- Records of samples_propinas_estudiantis__curso
-- ----------------------------
INSERT INTO `samples_propinas_estudiantis__curso` VALUES ('0a282ecd-b7ca-11e4-bb70-24b6fd443c04', 'Análise Clínica');
INSERT INTO `samples_propinas_estudiantis__curso` VALUES ('1248c7ed-b7ca-11e4-bb70-24b6fd443c04', 'Administración Pública');
INSERT INTO `samples_propinas_estudiantis__curso` VALUES ('1b929968-b7ca-11e4-bb70-24b6fd443c04', 'Contabilidade de Gestão');
INSERT INTO `samples_propinas_estudiantis__curso` VALUES ('fe7d92f6-b7c9-11e4-bb70-24b6fd443c04', 'Informática de Gestão');

-- ----------------------------
-- Table structure for samples_propinas_estudiantis__estudante
-- ----------------------------
DROP TABLE IF EXISTS `samples_propinas_estudiantis__estudante`;
CREATE TABLE `samples_propinas_estudiantis__estudante` (
  `id` varchar(255) COLLATE utf8_unicode_ci NOT NULL COMMENT '(DC2Type:guid)',
  `provincia_id` varchar(255) COLLATE utf8_unicode_ci DEFAULT NULL COMMENT '(DC2Type:guid)',
  `municipio_id` varchar(255) COLLATE utf8_unicode_ci DEFAULT NULL COMMENT '(DC2Type:guid)',
  `turma_id` varchar(255) COLLATE utf8_unicode_ci DEFAULT NULL COMMENT '(DC2Type:guid)',
  `curso_id` varchar(255) COLLATE utf8_unicode_ci DEFAULT NULL COMMENT '(DC2Type:guid)',
  `classe_id` varchar(255) COLLATE utf8_unicode_ci DEFAULT NULL COMMENT '(DC2Type:guid)',
  `bi` varchar(255) COLLATE utf8_unicode_ci NOT NULL,
  `nome` varchar(255) COLLATE utf8_unicode_ci NOT NULL,
  `data_nacimento` date DEFAULT NULL,
  PRIMARY KEY (`id`),
  KEY `IDX_1D0C868B4E7121AF` (`provincia_id`),
  KEY `IDX_1D0C868B58BC1BE0` (`municipio_id`),
  KEY `IDX_1D0C868BCEBA2CFD` (`turma_id`),
  KEY `IDX_1D0C868B87CB4A1F` (`curso_id`),
  KEY `IDX_1D0C868B8F5EA509` (`classe_id`),
  CONSTRAINT `FK_4A00A0984E7121AF` FOREIGN KEY (`provincia_id`) REFERENCES `samples_propinas_estudiantis__provincia` (`id`),
  CONSTRAINT `FK_4A00A09858BC1BE0` FOREIGN KEY (`municipio_id`) REFERENCES `samples_propinas_estudiantis__municipio` (`id`),
  CONSTRAINT `FK_4A00A09887CB4A1F` FOREIGN KEY (`curso_id`) REFERENCES `samples_propinas_estudiantis__curso` (`id`),
  CONSTRAINT `FK_4A00A0988F5EA509` FOREIGN KEY (`classe_id`) REFERENCES `samples_propinas_estudiantis__classe` (`id`),
  CONSTRAINT `FK_4A00A098CEBA2CFD` FOREIGN KEY (`turma_id`) REFERENCES `samples_propinas_estudiantis__turma` (`id`)
) ENGINE=InnoDB DEFAULT CHARSET=utf8 COLLATE=utf8_unicode_ci;

-- ----------------------------
-- Records of samples_propinas_estudiantis__estudante
-- ----------------------------
INSERT INTO `samples_propinas_estudiantis__estudante` VALUES ('0daffc9c-b862-11e4-b211-24b6fd443c04', null, null, '67629e7d-b7ca-11e4-bb70-24b6fd443c04', '1248c7ed-b7ca-11e4-bb70-24b6fd443c04', '3c14710a-b7ca-11e4-bb70-24b6fd443c04', '89898989', 'Eugenia Alvino Terracota', null);
INSERT INTO `samples_propinas_estudiantis__estudante` VALUES ('34100583-b81c-11e4-b211-24b6fd443c04', null, null, '67629e7d-b7ca-11e4-bb70-24b6fd443c04', 'fe7d92f6-b7c9-11e4-bb70-24b6fd443c04', '4a317771-b7ca-11e4-bb70-24b6fd443c04', '435565669', 'Maria Jose Kasamba', null);
INSERT INTO `samples_propinas_estudiantis__estudante` VALUES ('422d00eb-b862-11e4-b211-24b6fd443c04', null, null, '62cfeb67-b7ca-11e4-bb70-24b6fd443c04', '1b929968-b7ca-11e4-bb70-24b6fd443c04', '422dce0e-b7ca-11e4-bb70-24b6fd443c04', '90090909090', 'Zeferino Matias Alberto', null);
INSERT INTO `samples_propinas_estudiantis__estudante` VALUES ('ea4212e2-b861-11e4-b211-24b6fd443c04', null, null, '62cfeb67-b7ca-11e4-bb70-24b6fd443c04', '0a282ecd-b7ca-11e4-bb70-24b6fd443c04', '32be8f89-b7ca-11e4-bb70-24b6fd443c04', '78767676767', 'Dominico Manuel Batus', null);

-- ----------------------------
-- Table structure for samples_propinas_estudiantis__municipio
-- ----------------------------
DROP TABLE IF EXISTS `samples_propinas_estudiantis__municipio`;
CREATE TABLE `samples_propinas_estudiantis__municipio` (
  `id` varchar(255) COLLATE utf8_unicode_ci NOT NULL COMMENT '(DC2Type:guid)',
  `provincia_id` varchar(255) COLLATE utf8_unicode_ci DEFAULT NULL COMMENT '(DC2Type:guid)',
  `nome` varchar(255) COLLATE utf8_unicode_ci NOT NULL,
  PRIMARY KEY (`id`),
  KEY `IDX_A994D3F34E7121AF` (`provincia_id`),
  CONSTRAINT `FK_FE98F5E04E7121AF` FOREIGN KEY (`provincia_id`) REFERENCES `samples_propinas_estudiantis__provincia` (`id`)
) ENGINE=InnoDB DEFAULT CHARSET=utf8 COLLATE=utf8_unicode_ci;

-- ----------------------------
-- Records of samples_propinas_estudiantis__municipio
-- ----------------------------
INSERT INTO `samples_propinas_estudiantis__municipio` VALUES ('48c52db2-b7c5-11e4-bb70-24b6fd443c04', '76e256f8-b7c1-11e4-bb70-24b6fd443c04', 'Dondo');
INSERT INTO `samples_propinas_estudiantis__municipio` VALUES ('4e7336fe-b7c5-11e4-bb70-24b6fd443c04', '7ca287f3-b7c1-11e4-bb70-24b6fd443c04', 'Luanda');
INSERT INTO `samples_propinas_estudiantis__municipio` VALUES ('5590cc3a-b7c5-11e4-bb70-24b6fd443c04', '7ca287f3-b7c1-11e4-bb70-24b6fd443c04', 'Benfica');
INSERT INTO `samples_propinas_estudiantis__municipio` VALUES ('d1848e90-b7c4-11e4-bb70-24b6fd443c04', '76e256f8-b7c1-11e4-bb70-24b6fd443c04', 'Cazengo');

-- ----------------------------
-- Table structure for samples_propinas_estudiantis__pagamento
-- ----------------------------
DROP TABLE IF EXISTS `samples_propinas_estudiantis__pagamento`;
CREATE TABLE `samples_propinas_estudiantis__pagamento` (
  `id` varchar(255) COLLATE utf8_unicode_ci NOT NULL COMMENT '(DC2Type:guid)',
  `estudante_id` varchar(255) COLLATE utf8_unicode_ci NOT NULL COMMENT '(DC2Type:guid)',
  `ano_lectivo_id` varchar(255) COLLATE utf8_unicode_ci NOT NULL COMMENT '(DC2Type:guid)',
  `pago_mes_1` decimal(10,2) DEFAULT NULL,
  `data_pago_mes_1` date DEFAULT NULL,
  `pago_mes_2` decimal(10,2) DEFAULT NULL,
  `data_pago_mes_2` date DEFAULT NULL,
  `pago_mes_3` decimal(10,2) DEFAULT NULL,
  `data_pago_mes_3` date DEFAULT NULL,
  `pago_mes_4` decimal(10,2) DEFAULT NULL,
  `data_pago_mes_4` date DEFAULT NULL,
  `pago_mes_5` decimal(10,2) DEFAULT NULL,
  `data_pago_mes_5` date DEFAULT NULL,
  `pago_mes_6` decimal(10,2) DEFAULT NULL,
  `data_pago_mes_6` date DEFAULT NULL,
  `pago_mes_7` decimal(10,2) DEFAULT NULL,
  `data_pago_mes_7` date DEFAULT NULL,
  `pago_mes_8` decimal(10,2) DEFAULT NULL,
  `data_pago_mes_8` date DEFAULT NULL,
  `pago_mes_9` decimal(10,2) DEFAULT NULL,
  `data_pago_mes_9` date DEFAULT NULL,
  `pago_mes_10` decimal(10,2) DEFAULT NULL,
  `data_pago_mes_10` date DEFAULT NULL,
  `pago_mes_11` decimal(10,2) DEFAULT NULL,
  `data_pago_mes_11` date DEFAULT NULL,
  `pago_mes_12` decimal(10,2) DEFAULT NULL,
  `data_pago_mes_12` date DEFAULT NULL,
  PRIMARY KEY (`id`),
  UNIQUE KEY `UNIQ_69136D053B4690DB` (`estudante_id`),
  KEY `IDX_69136D05BDBCD812` (`ano_lectivo_id`),
  CONSTRAINT `FK_3E1F4B163B4690DB` FOREIGN KEY (`estudante_id`) REFERENCES `samples_propinas_estudiantis__estudante` (`id`),
  CONSTRAINT `FK_3E1F4B16BDBCD812` FOREIGN KEY (`ano_lectivo_id`) REFERENCES `samples_propinas_estudiantis__ano_lectivo` (`id`)
) ENGINE=InnoDB DEFAULT CHARSET=utf8 COLLATE=utf8_unicode_ci;

-- ----------------------------
-- Records of samples_propinas_estudiantis__pagamento
-- ----------------------------
INSERT INTO `samples_propinas_estudiantis__pagamento` VALUES ('075c310e-b821-11e4-b211-24b6fd443c04', '34100583-b81c-11e4-b211-24b6fd443c04', 'e4dd74ee-b7c9-11e4-bb70-24b6fd443c04', '343434.00', '2010-01-01', null, null, '15000.00', '2015-02-19', '15000.00', '2015-02-19', '15000.00', '2015-02-19', null, null, null, null, null, null, null, null, null, null, null, null, null, null);
INSERT INTO `samples_propinas_estudiantis__pagamento` VALUES ('0db049d6-b862-11e4-b211-24b6fd443c04', '0daffc9c-b862-11e4-b211-24b6fd443c04', 'e4dd74ee-b7c9-11e4-bb70-24b6fd443c04', null, null, null, null, '15000.00', '2015-03-03', null, null, null, null, null, null, null, null, null, null, null, null, null, null, null, null, null, null);
INSERT INTO `samples_propinas_estudiantis__pagamento` VALUES ('422d60af-b862-11e4-b211-24b6fd443c04', '422d00eb-b862-11e4-b211-24b6fd443c04', 'e4dd74ee-b7c9-11e4-bb70-24b6fd443c04', null, null, null, null, '15000.00', '2015-02-18', '15000.00', '2015-02-18', '15000.00', '2015-02-18', '15000.00', '2015-02-18', '15000.00', '2015-02-18', '15000.00', '2015-02-18', '15000.00', '2015-02-18', '15000.00', '2015-02-18', '15000.00', '2015-02-18', null, null);
INSERT INTO `samples_propinas_estudiantis__pagamento` VALUES ('ea430bb7-b861-11e4-b211-24b6fd443c04', 'ea4212e2-b861-11e4-b211-24b6fd443c04', 'e4dd74ee-b7c9-11e4-bb70-24b6fd443c04', null, null, null, null, '15000.00', '2015-01-01', '15000.00', '2015-02-11', '15000.00', '2015-02-10', '15000.00', '2015-02-04', '15000.00', '2015-02-18', '15000.00', '2015-02-11', '15000.00', '2015-02-10', null, null, null, null, null, null);

-- ----------------------------
-- Table structure for samples_propinas_estudiantis__provincia
-- ----------------------------
DROP TABLE IF EXISTS `samples_propinas_estudiantis__provincia`;
CREATE TABLE `samples_propinas_estudiantis__provincia` (
  `id` varchar(255) COLLATE utf8_unicode_ci NOT NULL COMMENT '(DC2Type:guid)',
  `nome` varchar(255) COLLATE utf8_unicode_ci NOT NULL,
  PRIMARY KEY (`id`)
) ENGINE=InnoDB DEFAULT CHARSET=utf8 COLLATE=utf8_unicode_ci;

-- ----------------------------
-- Records of samples_propinas_estudiantis__provincia
-- ----------------------------
INSERT INTO `samples_propinas_estudiantis__provincia` VALUES ('76e256f8-b7c1-11e4-bb70-24b6fd443c04', 'Kwanza Norte');
INSERT INTO `samples_propinas_estudiantis__provincia` VALUES ('7ca287f3-b7c1-11e4-bb70-24b6fd443c04', 'Luanda');

-- ----------------------------
-- Table structure for samples_propinas_estudiantis__turma
-- ----------------------------
DROP TABLE IF EXISTS `samples_propinas_estudiantis__turma`;
CREATE TABLE `samples_propinas_estudiantis__turma` (
  `id` varchar(255) COLLATE utf8_unicode_ci NOT NULL COMMENT '(DC2Type:guid)',
  `nome` varchar(255) COLLATE utf8_unicode_ci NOT NULL,
  PRIMARY KEY (`id`)
) ENGINE=InnoDB DEFAULT CHARSET=utf8 COLLATE=utf8_unicode_ci;

-- ----------------------------
-- Records of samples_propinas_estudiantis__turma
-- ----------------------------
INSERT INTO `samples_propinas_estudiantis__turma` VALUES ('62cfeb67-b7ca-11e4-bb70-24b6fd443c04', 'A');
INSERT INTO `samples_propinas_estudiantis__turma` VALUES ('67629e7d-b7ca-11e4-bb70-24b6fd443c04', 'B');

-- ----------------------------
-- Table structure for samples_stock_viveres__classe
-- ----------------------------
DROP TABLE IF EXISTS `samples_stock_viveres__classe`;
CREATE TABLE `samples_stock_viveres__classe` (
  `id` int(11) NOT NULL AUTO_INCREMENT,
  `nome` varchar(255) COLLATE utf8_unicode_ci NOT NULL,
  `descricao` varchar(255) COLLATE utf8_unicode_ci NOT NULL,
  PRIMARY KEY (`id`)
) ENGINE=InnoDB AUTO_INCREMENT=4 DEFAULT CHARSET=utf8 COLLATE=utf8_unicode_ci;

-- ----------------------------
-- Records of samples_stock_viveres__classe
-- ----------------------------
INSERT INTO `samples_stock_viveres__classe` VALUES ('1', 'Alimenticios', 'Alimentos variados');
INSERT INTO `samples_stock_viveres__classe` VALUES ('2', 'Bebidas', 'Bebidas variadas');
INSERT INTO `samples_stock_viveres__classe` VALUES ('3', 'Meios Tecnicos', 'Equipamentos e utensilios variados');

-- ----------------------------
-- Table structure for samples_stock_viveres__classificacao
-- ----------------------------
DROP TABLE IF EXISTS `samples_stock_viveres__classificacao`;
CREATE TABLE `samples_stock_viveres__classificacao` (
  `id` int(11) NOT NULL AUTO_INCREMENT,
  `nome` varchar(255) COLLATE utf8_unicode_ci NOT NULL,
  `descricao` varchar(255) COLLATE utf8_unicode_ci NOT NULL,
  PRIMARY KEY (`id`)
) ENGINE=InnoDB AUTO_INCREMENT=5 DEFAULT CHARSET=utf8 COLLATE=utf8_unicode_ci;

-- ----------------------------
-- Records of samples_stock_viveres__classificacao
-- ----------------------------
INSERT INTO `samples_stock_viveres__classificacao` VALUES ('1', 'Viveres normais', 'Produtos que necessitam de confecção previa');
INSERT INTO `samples_stock_viveres__classificacao` VALUES ('2', 'Viveres especiais', 'Produtos previamente confeccionados e enlatados/embalados');
INSERT INTO `samples_stock_viveres__classificacao` VALUES ('3', 'Bebidas', 'Bebidas variadas');
INSERT INTO `samples_stock_viveres__classificacao` VALUES ('4', 'Meios Técnicos', 'Equipamentos e utensilios variados');

-- ----------------------------
-- Table structure for samples_stock_viveres__existencia
-- ----------------------------
DROP TABLE IF EXISTS `samples_stock_viveres__existencia`;
CREATE TABLE `samples_stock_viveres__existencia` (
  `id` int(11) NOT NULL AUTO_INCREMENT,
  `data` date NOT NULL,
  `existencia` double NOT NULL,
  PRIMARY KEY (`id`)
) ENGINE=InnoDB AUTO_INCREMENT=4 DEFAULT CHARSET=utf8 COLLATE=utf8_unicode_ci;

-- ----------------------------
-- Records of samples_stock_viveres__existencia
-- ----------------------------
INSERT INTO `samples_stock_viveres__existencia` VALUES ('1', '2015-11-27', '22');
INSERT INTO `samples_stock_viveres__existencia` VALUES ('2', '2015-11-27', '124');
INSERT INTO `samples_stock_viveres__existencia` VALUES ('3', '2015-11-27', '6');

-- ----------------------------
-- Table structure for samples_stock_viveres__funcionario
-- ----------------------------
DROP TABLE IF EXISTS `samples_stock_viveres__funcionario`;
CREATE TABLE `samples_stock_viveres__funcionario` (
  `id` int(11) NOT NULL AUTO_INCREMENT,
  `usuario_id` char(36) COLLATE utf8_unicode_ci DEFAULT NULL COMMENT '(DC2Type:guid)',
  `nome` varchar(255) COLLATE utf8_unicode_ci NOT NULL,
  `bi` varchar(255) COLLATE utf8_unicode_ci NOT NULL,
  `cargo` varchar(255) COLLATE utf8_unicode_ci DEFAULT NULL,
  PRIMARY KEY (`id`),
  UNIQUE KEY `UNIQ_244C0F59DB38439E` (`usuario_id`),
  CONSTRAINT `FK_244C0F59DB38439E` FOREIGN KEY (`usuario_id`) REFERENCES `user__user` (`id`)
) ENGINE=InnoDB AUTO_INCREMENT=3 DEFAULT CHARSET=utf8 COLLATE=utf8_unicode_ci;

-- ----------------------------
-- Records of samples_stock_viveres__funcionario
-- ----------------------------
INSERT INTO `samples_stock_viveres__funcionario` VALUES ('1', 'c08ea79e-77bd-11e6-97fa-24b6fd443c04', 'Felipe Domingos', '455678512KN789', 'Especialista Gestor');
INSERT INTO `samples_stock_viveres__funcionario` VALUES ('2', 'cdd60c61-77bd-11e6-97fa-24b6fd443c04', 'Elsa da Silva Garcia', '656565665YH788', 'Chefe de Armazem');

-- ----------------------------
-- Table structure for samples_stock_viveres__grupo
-- ----------------------------
DROP TABLE IF EXISTS `samples_stock_viveres__grupo`;
CREATE TABLE `samples_stock_viveres__grupo` (
  `id` int(11) NOT NULL AUTO_INCREMENT,
  `classe_id` int(11) DEFAULT NULL,
  `classificacao_id` int(11) DEFAULT NULL,
  `numero_romano` varchar(5) COLLATE utf8_unicode_ci NOT NULL,
  `nome` varchar(255) COLLATE utf8_unicode_ci NOT NULL,
  `descricao` varchar(255) COLLATE utf8_unicode_ci NOT NULL,
  PRIMARY KEY (`id`),
  KEY `IDX_404FC07E8F5EA509` (`classe_id`),
  KEY `IDX_404FC07E1AB36034` (`classificacao_id`),
  CONSTRAINT `FK_4DCFB4D71AB36034` FOREIGN KEY (`classificacao_id`) REFERENCES `samples_stock_viveres__classificacao` (`id`),
  CONSTRAINT `FK_4DCFB4D78F5EA509` FOREIGN KEY (`classe_id`) REFERENCES `samples_stock_viveres__classe` (`id`)
) ENGINE=InnoDB AUTO_INCREMENT=25 DEFAULT CHARSET=utf8 COLLATE=utf8_unicode_ci;

-- ----------------------------
-- Records of samples_stock_viveres__grupo
-- ----------------------------
INSERT INTO `samples_stock_viveres__grupo` VALUES ('1', '1', '1', 'I', 'Cereais e derivados', 'Cereais e derivados');
INSERT INTO `samples_stock_viveres__grupo` VALUES ('2', '1', '1', 'II', 'Grãos leguminosos', 'Grãos leguminosos');
INSERT INTO `samples_stock_viveres__grupo` VALUES ('3', '1', '1', 'III', 'Cárneos (carne e peixe)', 'Cárneos (carne e peixe)');
INSERT INTO `samples_stock_viveres__grupo` VALUES ('4', '1', '1', 'IV', 'Óleos e gorduras', 'Óleos e gorduras');
INSERT INTO `samples_stock_viveres__grupo` VALUES ('5', '1', '1', 'V', 'Lácteos', 'Lácteos');
INSERT INTO `samples_stock_viveres__grupo` VALUES ('6', '1', '1', 'VI', 'Frutas e derivados', 'Frutas e derivados');
INSERT INTO `samples_stock_viveres__grupo` VALUES ('7', '1', '1', 'VII', 'Vegetais', 'Vegetais');
INSERT INTO `samples_stock_viveres__grupo` VALUES ('8', '1', '1', 'VIII', 'Açúcares', 'Açúcares');
INSERT INTO `samples_stock_viveres__grupo` VALUES ('9', '1', '1', 'IX', 'Especiarias', 'Especiarias');
INSERT INTO `samples_stock_viveres__grupo` VALUES ('10', '1', '2', 'X', 'Conservas de carne e derivados', 'Conservas de carne e derivados');
INSERT INTO `samples_stock_viveres__grupo` VALUES ('11', '1', '2', 'XI', 'Conserva mista de carne e leguminosos', 'Conserva mista de carne e leguminosos');
INSERT INTO `samples_stock_viveres__grupo` VALUES ('12', '1', '2', 'XII', 'Conserva de frutas e derivados', 'Conserva de frutas e derivados');
INSERT INTO `samples_stock_viveres__grupo` VALUES ('13', '1', '2', 'XIII', 'Leite pasteurizado ou condensado', 'Leite pasteurizado ou condensado');
INSERT INTO `samples_stock_viveres__grupo` VALUES ('14', '1', '2', 'XIV', 'Derivados de trigo, milho ou soja', 'Derivados de trigo, milho ou soja');
INSERT INTO `samples_stock_viveres__grupo` VALUES ('15', '1', '2', 'XV', 'Estimulantes e adoçantes (café, chá, açúcar)', 'Estimulantes e adoçantes (café, chá, açúcar)');
INSERT INTO `samples_stock_viveres__grupo` VALUES ('16', '1', '2', 'XVI', 'Condimentos', 'Condimentos');
INSERT INTO `samples_stock_viveres__grupo` VALUES ('17', '2', '3', 'I', 'Bebidas não alcoólicas', 'As que não contém alcoól');
INSERT INTO `samples_stock_viveres__grupo` VALUES ('18', '2', '3', 'II', 'Bebidas alcoólicas', 'As que contém alcoól, podendo er fermentadas ou destiladas');
INSERT INTO `samples_stock_viveres__grupo` VALUES ('19', '2', '3', 'III', 'Bebidas estimulantes', 'As que promovem estímulo físico');
INSERT INTO `samples_stock_viveres__grupo` VALUES ('20', '3', '4', 'I', 'Equipamento e utensílios de cozinha', 'Equipamento e utensílios de cozinha');
INSERT INTO `samples_stock_viveres__grupo` VALUES ('21', '3', '4', 'II', 'Equipamento e utensílios de refeitório', 'Equipamento e utensílios de refeitório');
INSERT INTO `samples_stock_viveres__grupo` VALUES ('22', '3', '4', 'III', 'Equipamento de frio', 'Equipamento de frio');
INSERT INTO `samples_stock_viveres__grupo` VALUES ('23', '3', '4', 'IV', 'Equipamento de panificação', 'Equipamento de panificação');
INSERT INTO `samples_stock_viveres__grupo` VALUES ('24', '3', '4', 'V', 'Equipamento de campanha', 'Equipamento de campanha');

-- ----------------------------
-- Table structure for samples_stock_viveres__movimento
-- ----------------------------
DROP TABLE IF EXISTS `samples_stock_viveres__movimento`;
CREATE TABLE `samples_stock_viveres__movimento` (
  `id` int(11) NOT NULL AUTO_INCREMENT,
  `produto_id` int(11) DEFAULT NULL,
  `tipo_movimento_id` int(11) DEFAULT NULL,
  `funcionario_id` int(11) DEFAULT NULL,
  `data` datetime NOT NULL,
  `existencia_anterior` double NOT NULL,
  `existencia_actual` double NOT NULL,
  `quantidade` double NOT NULL,
  `procedencia_destino` varchar(255) COLLATE utf8_unicode_ci NOT NULL,
  `observacoes` varchar(255) COLLATE utf8_unicode_ci DEFAULT NULL,
  PRIMARY KEY (`id`),
  KEY `IDX_FFB81943105CFD56` (`produto_id`),
  KEY `IDX_FFB81943E049502D` (`tipo_movimento_id`),
  KEY `IDX_FFB81943642FEB76` (`funcionario_id`),
  CONSTRAINT `FK_FFB81943105CFD56` FOREIGN KEY (`produto_id`) REFERENCES `samples_stock_viveres__produto` (`id`),
  CONSTRAINT `FK_FFB81943642FEB76` FOREIGN KEY (`funcionario_id`) REFERENCES `samples_stock_viveres__funcionario` (`id`),
  CONSTRAINT `FK_FFB81943E049502D` FOREIGN KEY (`tipo_movimento_id`) REFERENCES `samples_stock_viveres__tipo_movimento` (`id`)
) ENGINE=InnoDB AUTO_INCREMENT=10 DEFAULT CHARSET=utf8 COLLATE=utf8_unicode_ci;

-- ----------------------------
-- Records of samples_stock_viveres__movimento
-- ----------------------------
INSERT INTO `samples_stock_viveres__movimento` VALUES ('1', '1', '1', '2', '2015-11-27 08:00:00', '7', '12', '5', 'Africa do Sul', 'ok');
INSERT INTO `samples_stock_viveres__movimento` VALUES ('2', '1', '1', '1', '2015-11-27 09:00:00', '12', '17', '5', 'Africa do Sul', 'ok');
INSERT INTO `samples_stock_viveres__movimento` VALUES ('3', '1', '1', '1', '2015-11-27 11:00:00', '17', '22', '5', 'Africa do Sul', 'ok');
INSERT INTO `samples_stock_viveres__movimento` VALUES ('4', '3', '1', '2', '2015-11-27 12:00:00', '0', '4', '4', 'Kikolo', '<p>Todo ok<br></p>');
INSERT INTO `samples_stock_viveres__movimento` VALUES ('5', '2', '2', '1', '2015-11-27 15:00:00', '10', '5', '5', 'Restaurante Ndalatando', '<p>Para festa do fim de ano<br></p>');
INSERT INTO `samples_stock_viveres__movimento` VALUES ('6', '3', '1', '2', '2015-11-27 16:00:00', '4', '5', '1', 'Desconhecido', '<p>Aumentar caixas no armazen<br></p>');
INSERT INTO `samples_stock_viveres__movimento` VALUES ('7', '2', '2', '1', '2015-11-27 18:00:00', '5', '4', '1', 'Desconhecido', '<p>outros mais<br></p>');
INSERT INTO `samples_stock_viveres__movimento` VALUES ('8', '3', '1', '1', '2015-11-27 20:15:48', '5', '6', '1', 'Armazem', '<p>Todo ok<br></p>');
INSERT INTO `samples_stock_viveres__movimento` VALUES ('9', '2', '1', null, '2015-11-27 20:48:49', '4', '124', '120', 'Armazem de Viveres em Ndalatando', '<p>A carga pra o armazem de Viveres em Ndalatando chegou muito tarde.<br></p>');

-- ----------------------------
-- Table structure for samples_stock_viveres__produto
-- ----------------------------
DROP TABLE IF EXISTS `samples_stock_viveres__produto`;
CREATE TABLE `samples_stock_viveres__produto` (
  `id` int(11) NOT NULL AUTO_INCREMENT,
  `tipo_produto_id` int(11) DEFAULT NULL,
  `tipo_embalagem_id` int(11) DEFAULT NULL,
  `existencia_id` int(11) NOT NULL,
  `codigo` varchar(255) COLLATE utf8_unicode_ci NOT NULL,
  `nome` varchar(255) COLLATE utf8_unicode_ci NOT NULL,
  `unidades_por_embalagem` double DEFAULT NULL,
  `peso_por_unidade` double DEFAULT NULL,
  `unidade_medida_id` int(11) DEFAULT NULL,
  PRIMARY KEY (`id`),
  UNIQUE KEY `UNIQ_BBBCCF4EE61CA1D1` (`existencia_id`),
  KEY `IDX_BBBCCF4E81DAFF7E` (`tipo_produto_id`),
  KEY `IDX_BBBCCF4EC3D71F64` (`tipo_embalagem_id`),
  KEY `IDX_BBBCCF4E63ABEA42` (`unidade_medida_id`),
  CONSTRAINT `FK_9311704B63ABEA42` FOREIGN KEY (`unidade_medida_id`) REFERENCES `samples_stock_viveres__unidade_medida` (`id`),
  CONSTRAINT `FK_9311704B81DAFF7E` FOREIGN KEY (`tipo_produto_id`) REFERENCES `samples_stock_viveres__tipo_produto` (`id`),
  CONSTRAINT `FK_9311704BC3D71F64` FOREIGN KEY (`tipo_embalagem_id`) REFERENCES `samples_stock_viveres__tipo_embalagem` (`id`),
  CONSTRAINT `FK_9311704BE61CA1D1` FOREIGN KEY (`existencia_id`) REFERENCES `samples_stock_viveres__existencia` (`id`)
) ENGINE=InnoDB AUTO_INCREMENT=4 DEFAULT CHARSET=utf8 COLLATE=utf8_unicode_ci;

-- ----------------------------
-- Records of samples_stock_viveres__produto
-- ----------------------------
INSERT INTO `samples_stock_viveres__produto` VALUES ('1', '1', '1', '1', 'AM0045671', 'Arroz Maria', '1', '25', '4');
INSERT INTO `samples_stock_viveres__produto` VALUES ('2', '3', '2', '2', 'CC0658445', 'Cerveija Cuca', '24', '355', '5');
INSERT INTO `samples_stock_viveres__produto` VALUES ('3', '4', '2', '3', 'JT56024480', 'Jogo de talheres de 12 peças', '100', '1', '1');

-- ----------------------------
-- Table structure for samples_stock_viveres__tipo_embalagem
-- ----------------------------
DROP TABLE IF EXISTS `samples_stock_viveres__tipo_embalagem`;
CREATE TABLE `samples_stock_viveres__tipo_embalagem` (
  `id` int(11) NOT NULL AUTO_INCREMENT,
  `nome` varchar(255) COLLATE utf8_unicode_ci NOT NULL,
  PRIMARY KEY (`id`)
) ENGINE=InnoDB AUTO_INCREMENT=5 DEFAULT CHARSET=utf8 COLLATE=utf8_unicode_ci;

-- ----------------------------
-- Records of samples_stock_viveres__tipo_embalagem
-- ----------------------------
INSERT INTO `samples_stock_viveres__tipo_embalagem` VALUES ('1', 'Saco');
INSERT INTO `samples_stock_viveres__tipo_embalagem` VALUES ('2', 'Caixa');
INSERT INTO `samples_stock_viveres__tipo_embalagem` VALUES ('3', 'Lata');
INSERT INTO `samples_stock_viveres__tipo_embalagem` VALUES ('4', 'Bidão');

-- ----------------------------
-- Table structure for samples_stock_viveres__tipo_movimento
-- ----------------------------
DROP TABLE IF EXISTS `samples_stock_viveres__tipo_movimento`;
CREATE TABLE `samples_stock_viveres__tipo_movimento` (
  `id` int(11) NOT NULL AUTO_INCREMENT,
  `nome` varchar(255) COLLATE utf8_unicode_ci NOT NULL,
  `valor` int(11) NOT NULL,
  PRIMARY KEY (`id`)
) ENGINE=InnoDB AUTO_INCREMENT=3 DEFAULT CHARSET=utf8 COLLATE=utf8_unicode_ci;

-- ----------------------------
-- Records of samples_stock_viveres__tipo_movimento
-- ----------------------------
INSERT INTO `samples_stock_viveres__tipo_movimento` VALUES ('1', 'Recebimento', '1');
INSERT INTO `samples_stock_viveres__tipo_movimento` VALUES ('2', 'Despacho de Entrega', '-1');

-- ----------------------------
-- Table structure for samples_stock_viveres__tipo_produto
-- ----------------------------
DROP TABLE IF EXISTS `samples_stock_viveres__tipo_produto`;
CREATE TABLE `samples_stock_viveres__tipo_produto` (
  `id` int(11) NOT NULL AUTO_INCREMENT,
  `classe_id` int(11) DEFAULT NULL,
  `grupo_id` int(11) DEFAULT NULL,
  `nome` varchar(255) COLLATE utf8_unicode_ci NOT NULL,
  PRIMARY KEY (`id`),
  KEY `IDX_566802AA8F5EA509` (`classe_id`),
  KEY `IDX_566802AA9C833003` (`grupo_id`),
  CONSTRAINT `FK_4F5568778F5EA509` FOREIGN KEY (`classe_id`) REFERENCES `samples_stock_viveres__classe` (`id`),
  CONSTRAINT `FK_4F5568779C833003` FOREIGN KEY (`grupo_id`) REFERENCES `samples_stock_viveres__grupo` (`id`)
) ENGINE=InnoDB AUTO_INCREMENT=5 DEFAULT CHARSET=utf8 COLLATE=utf8_unicode_ci;

-- ----------------------------
-- Records of samples_stock_viveres__tipo_produto
-- ----------------------------
INSERT INTO `samples_stock_viveres__tipo_produto` VALUES ('1', '1', '1', 'Arroz');
INSERT INTO `samples_stock_viveres__tipo_produto` VALUES ('2', '1', '2', 'Feijão');
INSERT INTO `samples_stock_viveres__tipo_produto` VALUES ('3', '2', '18', 'Cerveja');
INSERT INTO `samples_stock_viveres__tipo_produto` VALUES ('4', '3', '20', 'Talher');

-- ----------------------------
-- Table structure for samples_stock_viveres__unidade_medida
-- ----------------------------
DROP TABLE IF EXISTS `samples_stock_viveres__unidade_medida`;
CREATE TABLE `samples_stock_viveres__unidade_medida` (
  `id` int(11) NOT NULL AUTO_INCREMENT,
  `nome` varchar(255) COLLATE utf8_unicode_ci NOT NULL,
  `abreviatura` varchar(255) COLLATE utf8_unicode_ci NOT NULL,
  PRIMARY KEY (`id`)
) ENGINE=InnoDB AUTO_INCREMENT=7 DEFAULT CHARSET=utf8 COLLATE=utf8_unicode_ci;

-- ----------------------------
-- Records of samples_stock_viveres__unidade_medida
-- ----------------------------
INSERT INTO `samples_stock_viveres__unidade_medida` VALUES ('1', 'Unidade', 'U');
INSERT INTO `samples_stock_viveres__unidade_medida` VALUES ('2', 'Litro', 'L');
INSERT INTO `samples_stock_viveres__unidade_medida` VALUES ('3', 'mililitro', 'mL');
INSERT INTO `samples_stock_viveres__unidade_medida` VALUES ('4', 'quilograma', 'Kg');
INSERT INTO `samples_stock_viveres__unidade_medida` VALUES ('5', 'miligrama', 'mg');
INSERT INTO `samples_stock_viveres__unidade_medida` VALUES ('6', 'Metro', 'm');

-- ----------------------------
-- Table structure for user__group
-- ----------------------------
DROP TABLE IF EXISTS `user__group`;
CREATE TABLE `user__group` (
  `id` char(36) COLLATE utf8_unicode_ci NOT NULL COMMENT '(DC2Type:guid)',
  `owner_user_id` char(36) COLLATE utf8_unicode_ci DEFAULT NULL COMMENT '(DC2Type:guid)',
  `name` varchar(255) COLLATE utf8_unicode_ci NOT NULL,
  `roles` longtext COLLATE utf8_unicode_ci NOT NULL COMMENT '(DC2Type:array)',
  PRIMARY KEY (`id`),
  UNIQUE KEY `UNIQ_82AAB3645E237E06` (`name`),
  KEY `IDX_82AAB3642B18554A` (`owner_user_id`),
  CONSTRAINT `FK_82AAB3642B18554A` FOREIGN KEY (`owner_user_id`) REFERENCES `user__user` (`id`)
) ENGINE=InnoDB DEFAULT CHARSET=utf8 COLLATE=utf8_unicode_ci;

-- ----------------------------
-- Records of user__group
-- ----------------------------

-- ----------------------------
-- Table structure for user__user
-- ----------------------------
DROP TABLE IF EXISTS `user__user`;
CREATE TABLE `user__user` (
  `id` char(36) COLLATE utf8_unicode_ci NOT NULL COMMENT '(DC2Type:guid)',
  `media_id` int(11) DEFAULT NULL,
  `owner_user_id` char(36) COLLATE utf8_unicode_ci DEFAULT NULL COMMENT '(DC2Type:guid)',
  `username` varchar(255) COLLATE utf8_unicode_ci NOT NULL,
  `username_canonical` varchar(255) COLLATE utf8_unicode_ci NOT NULL,
  `email` varchar(255) COLLATE utf8_unicode_ci NOT NULL,
  `email_canonical` varchar(255) COLLATE utf8_unicode_ci NOT NULL,
  `enabled` tinyint(1) NOT NULL,
  `salt` varchar(255) COLLATE utf8_unicode_ci NOT NULL,
  `password` varchar(255) COLLATE utf8_unicode_ci NOT NULL,
  `last_login` datetime DEFAULT NULL,
  `locked` tinyint(1) NOT NULL,
  `expired` tinyint(1) NOT NULL,
  `expires_at` datetime DEFAULT NULL,
  `confirmation_token` varchar(255) COLLATE utf8_unicode_ci DEFAULT NULL,
  `password_requested_at` datetime DEFAULT NULL,
  `roles` longtext COLLATE utf8_unicode_ci NOT NULL COMMENT '(DC2Type:array)',
  `credentials_expired` tinyint(1) NOT NULL,
  `credentials_expire_at` datetime DEFAULT NULL,
  `created_at` datetime NOT NULL,
  `updated_at` datetime NOT NULL,
  `date_of_birth` datetime DEFAULT NULL,
  `firstname` varchar(64) COLLATE utf8_unicode_ci DEFAULT NULL,
  `lastname` varchar(64) COLLATE utf8_unicode_ci DEFAULT NULL,
  `website` varchar(64) COLLATE utf8_unicode_ci DEFAULT NULL,
  `biography` varchar(1000) COLLATE utf8_unicode_ci DEFAULT NULL,
  `gender` varchar(1) COLLATE utf8_unicode_ci DEFAULT NULL,
  `locale` varchar(8) COLLATE utf8_unicode_ci DEFAULT NULL,
  `timezone` varchar(64) COLLATE utf8_unicode_ci DEFAULT NULL,
  `phone` varchar(64) COLLATE utf8_unicode_ci DEFAULT NULL,
  `facebook_uid` varchar(255) COLLATE utf8_unicode_ci DEFAULT NULL,
  `facebook_name` varchar(255) COLLATE utf8_unicode_ci DEFAULT NULL,
  `facebook_data` longtext COLLATE utf8_unicode_ci COMMENT '(DC2Type:json)',
  `twitter_uid` varchar(255) COLLATE utf8_unicode_ci DEFAULT NULL,
  `twitter_name` varchar(255) COLLATE utf8_unicode_ci DEFAULT NULL,
  `twitter_data` longtext COLLATE utf8_unicode_ci COMMENT '(DC2Type:json)',
  `gplus_uid` varchar(255) COLLATE utf8_unicode_ci DEFAULT NULL,
  `gplus_name` varchar(255) COLLATE utf8_unicode_ci DEFAULT NULL,
  `gplus_data` longtext COLLATE utf8_unicode_ci COMMENT '(DC2Type:json)',
  `token` varchar(255) COLLATE utf8_unicode_ci DEFAULT NULL,
  `two_step_code` varchar(255) COLLATE utf8_unicode_ci DEFAULT NULL,
  PRIMARY KEY (`id`),
  UNIQUE KEY `UNIQ_32745D0A92FC23A8` (`username_canonical`),
  UNIQUE KEY `UNIQ_32745D0AA0D96FBF` (`email_canonical`),
  UNIQUE KEY `UNIQ_32745D0AEA9FDD75` (`media_id`),
  KEY `IDX_32745D0A2B18554A` (`owner_user_id`),
  CONSTRAINT `FK_32745D0A2B18554A` FOREIGN KEY (`owner_user_id`) REFERENCES `user__user` (`id`),
  CONSTRAINT `FK_32745D0AEA9FDD75` FOREIGN KEY (`media_id`) REFERENCES `media__media` (`id`)
) ENGINE=InnoDB DEFAULT CHARSET=utf8 COLLATE=utf8_unicode_ci;

-- ----------------------------
-- Records of user__user
-- ----------------------------
INSERT INTO `user__user` VALUES ('248db138-6d4d-11e6-97f6-24b6fd443c04', '4', null, 'superadmin', 'superadmin', 'superadmin@localhost.com', 'superadmin@localhost.com', '1', 'f5wss0o38a8skgw4gw000048w8o0w0o', '$2y$13$f5wss0o38a8skgw4gw000uC2/zttKp60e22JIKJ0ynLYsmUwmJ6Mm', '2016-09-18 21:22:20', '0', '0', null, null, null, 'a:1:{i:0;s:16:\"ROLE_SUPER_ADMIN\";}', '0', null, '2016-08-28 14:27:57', '2016-09-18 21:22:20', '2016-08-28 00:00:00', 'Super', 'Admin', null, null, 'f', 'es', null, null, null, null, 'null', null, null, 'null', null, null, 'null', null, null);
INSERT INTO `user__user` VALUES ('9b1ceab4-77b5-11e6-97fa-24b6fd443c04', null, null, 'msbenito', 'msbenito', 'msbenito@gmail.com', 'msbenito@gmail.com', '0', 'mo0m8afyf9wogockwg8wk88gcokkc0g', '$2y$13$mo0m8afyf9wogockwg8wkuMqaEIIDS0XqLOJ144XcbrAChC.aXBN.', null, '0', '0', null, null, null, 'a:0:{}', '0', null, '2016-09-10 20:20:54', '2016-09-10 20:20:54', null, null, null, null, null, 'u', null, null, null, null, null, 'null', null, null, 'null', null, null, 'null', null, null);
INSERT INTO `user__user` VALUES ('a465f066-7779-11e6-9e7c-24b6fd443c04', null, null, 'joao', 'joao', 'joao.domingos@gmail.com', 'joao.domingos@gmail.com', '1', '7qacdhcnjrkscc80oockwc84okc8o04', '$2y$13$7qacdhcnjrkscc80oockwOdaO0zgeVxdgKCC5RjiUzQ9kgmK8BaCC', null, '0', '0', null, null, null, 'a:0:{}', '0', null, '2016-09-10 13:11:41', '2016-09-10 13:11:41', null, null, null, null, null, 'u', null, null, null, null, null, 'null', null, null, 'null', null, null, 'null', null, null);
INSERT INTO `user__user` VALUES ('c08ea79e-77bd-11e6-97fa-24b6fd443c04', null, null, 'feliped', 'feliped', 'feliped@gmail.com', 'feliped@gmail.com', '1', '23a67w477rogkckg0co40w088k84c04', '$2y$13$23a67w477rogkckg0co40uNx22yv.xFbbnfHIck/9hBzqUmw/bCDC', null, '0', '0', null, null, null, 'a:0:{}', '0', null, '2016-09-10 21:19:14', '2016-09-10 21:19:14', null, null, null, null, null, 'u', null, null, null, null, null, 'null', null, null, 'null', null, null, 'null', null, null);
INSERT INTO `user__user` VALUES ('cdd60c61-77bd-11e6-97fa-24b6fd443c04', null, null, 'elsa', 'elsa', 'elsadsilva@gmail.com', 'elsadsilva@gmail.com', '1', 'jdsiojwn5x4wwcwo4wsg4wc40s8ssc', '$2y$13$jdsiojwn5x4wwcwo4wsg4ual5Hmh0iAjRejh6f.z9YjBpXlqOpUhq', null, '0', '0', null, null, null, 'a:0:{}', '0', null, '2016-09-10 21:19:36', '2016-09-10 21:19:36', null, null, null, null, null, 'u', null, null, null, null, null, 'null', null, null, 'null', null, null, 'null', null, null);
INSERT INTO `user__user` VALUES ('df9ff589-77b5-11e6-97fa-24b6fd443c04', null, null, 'jadomingos', 'jadomingos', 'jadomingos@gmail.com', 'jadomingos@gmail.com', '0', 'p0txqgjrfrk80w0ss00s8kk0wc4gc44', '$2y$13$p0txqgjrfrk80w0ss00s8eait1jrYFgH58n/kgyTf/gciCUOAEz56', null, '0', '0', null, null, null, 'a:0:{}', '0', null, '2016-09-10 20:22:50', '2016-09-10 20:22:50', null, null, null, null, null, 'u', null, null, null, null, null, 'null', null, null, 'null', null, null, 'null', null, null);

-- ----------------------------
-- Table structure for user__user_group
-- ----------------------------
DROP TABLE IF EXISTS `user__user_group`;
CREATE TABLE `user__user_group` (
  `user_id` char(36) COLLATE utf8_unicode_ci NOT NULL COMMENT '(DC2Type:guid)',
  `group_id` char(36) COLLATE utf8_unicode_ci NOT NULL COMMENT '(DC2Type:guid)',
  PRIMARY KEY (`user_id`,`group_id`),
  KEY `IDX_45528670A76ED395` (`user_id`),
  KEY `IDX_45528670FE54D947` (`group_id`),
  CONSTRAINT `FK_45528670A76ED395` FOREIGN KEY (`user_id`) REFERENCES `user__user` (`id`) ON DELETE CASCADE,
  CONSTRAINT `FK_45528670FE54D947` FOREIGN KEY (`group_id`) REFERENCES `user__group` (`id`) ON DELETE CASCADE
) ENGINE=InnoDB DEFAULT CHARSET=utf8 COLLATE=utf8_unicode_ci;

-- ----------------------------
-- Records of user__user_group
-- ----------------------------
